ISO-10303-21;
HEADER;
/* Generated by software containing ST-Developer
 * from STEP Tools, Inc. (www.steptools.com) 
 */

FILE_DESCRIPTION(
/* description */ (''),
/* implementation_level */ '2;1');

FILE_NAME(
/* name */ '3DChameleon 4.0 (Cam) (Homing Magnet)_.step',
/* time_stamp */ '2025-09-03T05:43:11-05:00',
/* author */ (''),
/* organization */ (''),
/* preprocessor_version */ 'ST-DEVELOPER v20.1',
/* originating_system */ 'Autodesk Translation Framework v14.10.0.0',
/* authorisation */ '');

FILE_SCHEMA (('AUTOMOTIVE_DESIGN { 1 0 10303 214 3 1 1 }'));
ENDSEC;

DATA;
#10=MECHANICAL_DESIGN_GEOMETRIC_PRESENTATION_REPRESENTATION('',(#13),#13386);
#11=SHAPE_REPRESENTATION_RELATIONSHIP('SRR','None',#13393,#12);
#12=ADVANCED_BREP_SHAPE_REPRESENTATION('',(#14),#13385);
#13=STYLED_ITEM('',(#13402),#14);
#14=MANIFOLD_SOLID_BREP('3DChameleon 4.0 (Cam) (Magnet)',#8372);
#15=CYLINDRICAL_SURFACE('',#8442,2.60000000000001);
#16=CYLINDRICAL_SURFACE('',#8450,2.79594310047031);
#17=CYLINDRICAL_SURFACE('',#8452,0.980607993970955);
#18=CYLINDRICAL_SURFACE('',#8472,0.993727842144114);
#19=CYLINDRICAL_SURFACE('',#8475,0.970316317854607);
#20=CYLINDRICAL_SURFACE('',#8478,2.79594310047031);
#21=CYLINDRICAL_SURFACE('',#8481,2.79594310047031);
#22=CIRCLE('',#8390,2.79594310047031);
#23=CIRCLE('',#8391,2.60000000000001);
#24=CIRCLE('',#8392,2.60000000000001);
#25=CIRCLE('',#8393,0.980607993970955);
#26=CIRCLE('',#8399,0.980607993970955);
#27=CIRCLE('',#8400,2.60000000000001);
#28=CIRCLE('',#8401,2.79594310047031);
#29=CIRCLE('',#8443,2.60000000000001);
#30=CIRCLE('',#8444,2.60000000000001);
#31=CIRCLE('',#8445,2.60000000000001);
#32=CIRCLE('',#8446,2.60000000000002);
#33=CIRCLE('',#8473,0.993727842144114);
#34=CIRCLE('',#8474,0.993727842144114);
#35=CIRCLE('',#8476,0.970316317854607);
#36=CIRCLE('',#8477,0.970316317854607);
#37=CIRCLE('',#8479,2.79594310047031);
#38=CIRCLE('',#8480,2.79594310047031);
#39=CIRCLE('',#8482,2.79594310047031);
#40=CIRCLE('',#8483,2.79594310047031);
#41=FACE_OUTER_BOUND('',#553,.T.);
#42=FACE_OUTER_BOUND('',#554,.T.);
#43=FACE_OUTER_BOUND('',#555,.T.);
#44=FACE_OUTER_BOUND('',#556,.T.);
#45=FACE_OUTER_BOUND('',#557,.T.);
#46=FACE_OUTER_BOUND('',#558,.T.);
#47=FACE_OUTER_BOUND('',#559,.T.);
#48=FACE_OUTER_BOUND('',#560,.T.);
#49=FACE_OUTER_BOUND('',#561,.T.);
#50=FACE_OUTER_BOUND('',#562,.T.);
#51=FACE_OUTER_BOUND('',#563,.T.);
#52=FACE_OUTER_BOUND('',#564,.T.);
#53=FACE_OUTER_BOUND('',#565,.T.);
#54=FACE_OUTER_BOUND('',#566,.T.);
#55=FACE_OUTER_BOUND('',#567,.T.);
#56=FACE_OUTER_BOUND('',#568,.T.);
#57=FACE_OUTER_BOUND('',#569,.T.);
#58=FACE_OUTER_BOUND('',#570,.T.);
#59=FACE_OUTER_BOUND('',#571,.T.);
#60=FACE_OUTER_BOUND('',#572,.T.);
#61=FACE_OUTER_BOUND('',#573,.T.);
#62=FACE_OUTER_BOUND('',#574,.T.);
#63=FACE_OUTER_BOUND('',#575,.T.);
#64=FACE_OUTER_BOUND('',#576,.T.);
#65=FACE_OUTER_BOUND('',#577,.T.);
#66=FACE_OUTER_BOUND('',#578,.T.);
#67=FACE_OUTER_BOUND('',#579,.T.);
#68=FACE_OUTER_BOUND('',#580,.T.);
#69=FACE_OUTER_BOUND('',#581,.T.);
#70=FACE_OUTER_BOUND('',#582,.T.);
#71=FACE_OUTER_BOUND('',#583,.T.);
#72=FACE_OUTER_BOUND('',#584,.T.);
#73=FACE_OUTER_BOUND('',#585,.T.);
#74=FACE_OUTER_BOUND('',#586,.T.);
#75=FACE_OUTER_BOUND('',#587,.T.);
#76=FACE_OUTER_BOUND('',#588,.T.);
#77=FACE_OUTER_BOUND('',#589,.T.);
#78=FACE_OUTER_BOUND('',#590,.T.);
#79=FACE_OUTER_BOUND('',#591,.T.);
#80=FACE_OUTER_BOUND('',#592,.T.);
#81=FACE_OUTER_BOUND('',#593,.T.);
#82=FACE_OUTER_BOUND('',#594,.T.);
#83=FACE_OUTER_BOUND('',#595,.T.);
#84=FACE_OUTER_BOUND('',#596,.T.);
#85=FACE_OUTER_BOUND('',#597,.T.);
#86=FACE_OUTER_BOUND('',#598,.T.);
#87=FACE_OUTER_BOUND('',#599,.T.);
#88=FACE_OUTER_BOUND('',#600,.T.);
#89=FACE_OUTER_BOUND('',#601,.T.);
#90=FACE_OUTER_BOUND('',#602,.T.);
#91=FACE_OUTER_BOUND('',#603,.T.);
#92=FACE_OUTER_BOUND('',#604,.T.);
#93=FACE_OUTER_BOUND('',#605,.T.);
#94=FACE_OUTER_BOUND('',#606,.T.);
#95=FACE_OUTER_BOUND('',#607,.T.);
#96=FACE_OUTER_BOUND('',#608,.T.);
#97=FACE_OUTER_BOUND('',#609,.T.);
#98=FACE_OUTER_BOUND('',#610,.T.);
#99=FACE_OUTER_BOUND('',#611,.T.);
#100=FACE_OUTER_BOUND('',#612,.T.);
#101=FACE_OUTER_BOUND('',#613,.T.);
#102=FACE_OUTER_BOUND('',#614,.T.);
#103=FACE_OUTER_BOUND('',#615,.T.);
#104=FACE_OUTER_BOUND('',#616,.T.);
#105=FACE_OUTER_BOUND('',#617,.T.);
#106=FACE_OUTER_BOUND('',#618,.T.);
#107=FACE_OUTER_BOUND('',#619,.T.);
#108=FACE_OUTER_BOUND('',#620,.T.);
#109=FACE_OUTER_BOUND('',#621,.T.);
#110=FACE_OUTER_BOUND('',#622,.T.);
#111=FACE_OUTER_BOUND('',#623,.T.);
#112=FACE_OUTER_BOUND('',#624,.T.);
#113=FACE_OUTER_BOUND('',#625,.T.);
#114=FACE_OUTER_BOUND('',#626,.T.);
#115=FACE_OUTER_BOUND('',#627,.T.);
#116=FACE_OUTER_BOUND('',#628,.T.);
#117=FACE_OUTER_BOUND('',#629,.T.);
#118=FACE_OUTER_BOUND('',#630,.T.);
#119=FACE_OUTER_BOUND('',#631,.T.);
#120=FACE_OUTER_BOUND('',#632,.T.);
#121=FACE_OUTER_BOUND('',#633,.T.);
#122=FACE_OUTER_BOUND('',#634,.T.);
#123=FACE_OUTER_BOUND('',#635,.T.);
#124=FACE_OUTER_BOUND('',#636,.T.);
#125=FACE_OUTER_BOUND('',#637,.T.);
#126=FACE_OUTER_BOUND('',#638,.T.);
#127=FACE_OUTER_BOUND('',#639,.T.);
#128=FACE_OUTER_BOUND('',#640,.T.);
#129=FACE_OUTER_BOUND('',#641,.T.);
#130=FACE_OUTER_BOUND('',#642,.T.);
#131=FACE_OUTER_BOUND('',#643,.T.);
#132=FACE_OUTER_BOUND('',#644,.T.);
#133=FACE_OUTER_BOUND('',#645,.T.);
#134=FACE_OUTER_BOUND('',#646,.T.);
#135=FACE_OUTER_BOUND('',#647,.T.);
#136=FACE_OUTER_BOUND('',#648,.T.);
#137=FACE_OUTER_BOUND('',#649,.T.);
#138=FACE_OUTER_BOUND('',#650,.T.);
#139=FACE_OUTER_BOUND('',#651,.T.);
#140=FACE_OUTER_BOUND('',#652,.T.);
#141=FACE_OUTER_BOUND('',#653,.T.);
#142=FACE_OUTER_BOUND('',#654,.T.);
#143=FACE_OUTER_BOUND('',#655,.T.);
#144=FACE_OUTER_BOUND('',#656,.T.);
#145=FACE_OUTER_BOUND('',#657,.T.);
#146=FACE_OUTER_BOUND('',#658,.T.);
#147=FACE_OUTER_BOUND('',#659,.T.);
#148=FACE_OUTER_BOUND('',#660,.T.);
#149=FACE_OUTER_BOUND('',#661,.T.);
#150=FACE_OUTER_BOUND('',#662,.T.);
#151=FACE_OUTER_BOUND('',#663,.T.);
#152=FACE_OUTER_BOUND('',#664,.T.);
#153=FACE_OUTER_BOUND('',#665,.T.);
#154=FACE_OUTER_BOUND('',#666,.T.);
#155=FACE_OUTER_BOUND('',#667,.T.);
#156=FACE_OUTER_BOUND('',#668,.T.);
#157=FACE_OUTER_BOUND('',#669,.T.);
#158=FACE_OUTER_BOUND('',#670,.T.);
#159=FACE_OUTER_BOUND('',#671,.T.);
#160=FACE_OUTER_BOUND('',#672,.T.);
#161=FACE_OUTER_BOUND('',#673,.T.);
#162=FACE_OUTER_BOUND('',#674,.T.);
#163=FACE_OUTER_BOUND('',#675,.T.);
#164=FACE_OUTER_BOUND('',#676,.T.);
#165=FACE_OUTER_BOUND('',#677,.T.);
#166=FACE_OUTER_BOUND('',#678,.T.);
#167=FACE_OUTER_BOUND('',#679,.T.);
#168=FACE_OUTER_BOUND('',#680,.T.);
#169=FACE_OUTER_BOUND('',#681,.T.);
#170=FACE_OUTER_BOUND('',#682,.T.);
#171=FACE_OUTER_BOUND('',#683,.T.);
#172=FACE_OUTER_BOUND('',#684,.T.);
#173=FACE_OUTER_BOUND('',#685,.T.);
#174=FACE_OUTER_BOUND('',#686,.T.);
#175=FACE_OUTER_BOUND('',#687,.T.);
#176=FACE_OUTER_BOUND('',#688,.T.);
#177=FACE_OUTER_BOUND('',#689,.T.);
#178=FACE_OUTER_BOUND('',#690,.T.);
#179=FACE_OUTER_BOUND('',#691,.T.);
#180=FACE_OUTER_BOUND('',#692,.T.);
#181=FACE_OUTER_BOUND('',#693,.T.);
#182=FACE_OUTER_BOUND('',#694,.T.);
#183=FACE_OUTER_BOUND('',#695,.T.);
#184=FACE_OUTER_BOUND('',#696,.T.);
#185=FACE_OUTER_BOUND('',#697,.T.);
#186=FACE_OUTER_BOUND('',#698,.T.);
#187=FACE_OUTER_BOUND('',#699,.T.);
#188=FACE_OUTER_BOUND('',#700,.T.);
#189=FACE_OUTER_BOUND('',#701,.T.);
#190=FACE_OUTER_BOUND('',#702,.T.);
#191=FACE_OUTER_BOUND('',#703,.T.);
#192=FACE_OUTER_BOUND('',#704,.T.);
#193=FACE_OUTER_BOUND('',#705,.T.);
#194=FACE_OUTER_BOUND('',#706,.T.);
#195=FACE_OUTER_BOUND('',#707,.T.);
#196=FACE_OUTER_BOUND('',#708,.T.);
#197=FACE_OUTER_BOUND('',#709,.T.);
#198=FACE_OUTER_BOUND('',#710,.T.);
#199=FACE_OUTER_BOUND('',#711,.T.);
#200=FACE_OUTER_BOUND('',#712,.T.);
#201=FACE_OUTER_BOUND('',#713,.T.);
#202=FACE_OUTER_BOUND('',#714,.T.);
#203=FACE_OUTER_BOUND('',#715,.T.);
#204=FACE_OUTER_BOUND('',#716,.T.);
#205=FACE_OUTER_BOUND('',#717,.T.);
#206=FACE_OUTER_BOUND('',#718,.T.);
#207=FACE_OUTER_BOUND('',#719,.T.);
#208=FACE_OUTER_BOUND('',#720,.T.);
#209=FACE_OUTER_BOUND('',#721,.T.);
#210=FACE_OUTER_BOUND('',#722,.T.);
#211=FACE_OUTER_BOUND('',#723,.T.);
#212=FACE_OUTER_BOUND('',#724,.T.);
#213=FACE_OUTER_BOUND('',#725,.T.);
#214=FACE_OUTER_BOUND('',#726,.T.);
#215=FACE_OUTER_BOUND('',#727,.T.);
#216=FACE_OUTER_BOUND('',#728,.T.);
#217=FACE_OUTER_BOUND('',#729,.T.);
#218=FACE_OUTER_BOUND('',#730,.T.);
#219=FACE_OUTER_BOUND('',#731,.T.);
#220=FACE_OUTER_BOUND('',#732,.T.);
#221=FACE_OUTER_BOUND('',#733,.T.);
#222=FACE_OUTER_BOUND('',#734,.T.);
#223=FACE_OUTER_BOUND('',#735,.T.);
#224=FACE_OUTER_BOUND('',#736,.T.);
#225=FACE_OUTER_BOUND('',#737,.T.);
#226=FACE_OUTER_BOUND('',#738,.T.);
#227=FACE_OUTER_BOUND('',#739,.T.);
#228=FACE_OUTER_BOUND('',#740,.T.);
#229=FACE_OUTER_BOUND('',#741,.T.);
#230=FACE_OUTER_BOUND('',#742,.T.);
#231=FACE_OUTER_BOUND('',#743,.T.);
#232=FACE_OUTER_BOUND('',#744,.T.);
#233=FACE_OUTER_BOUND('',#745,.T.);
#234=FACE_OUTER_BOUND('',#746,.T.);
#235=FACE_OUTER_BOUND('',#747,.T.);
#236=FACE_OUTER_BOUND('',#748,.T.);
#237=FACE_OUTER_BOUND('',#749,.T.);
#238=FACE_OUTER_BOUND('',#750,.T.);
#239=FACE_OUTER_BOUND('',#751,.T.);
#240=FACE_OUTER_BOUND('',#752,.T.);
#241=FACE_OUTER_BOUND('',#753,.T.);
#242=FACE_OUTER_BOUND('',#754,.T.);
#243=FACE_OUTER_BOUND('',#755,.T.);
#244=FACE_OUTER_BOUND('',#756,.T.);
#245=FACE_OUTER_BOUND('',#757,.T.);
#246=FACE_OUTER_BOUND('',#758,.T.);
#247=FACE_OUTER_BOUND('',#759,.T.);
#248=FACE_OUTER_BOUND('',#760,.T.);
#249=FACE_OUTER_BOUND('',#761,.T.);
#250=FACE_OUTER_BOUND('',#762,.T.);
#251=FACE_OUTER_BOUND('',#763,.T.);
#252=FACE_OUTER_BOUND('',#764,.T.);
#253=FACE_OUTER_BOUND('',#765,.T.);
#254=FACE_OUTER_BOUND('',#766,.T.);
#255=FACE_OUTER_BOUND('',#767,.T.);
#256=FACE_OUTER_BOUND('',#768,.T.);
#257=FACE_OUTER_BOUND('',#769,.T.);
#258=FACE_OUTER_BOUND('',#770,.T.);
#259=FACE_OUTER_BOUND('',#771,.T.);
#260=FACE_OUTER_BOUND('',#772,.T.);
#261=FACE_OUTER_BOUND('',#773,.T.);
#262=FACE_OUTER_BOUND('',#774,.T.);
#263=FACE_OUTER_BOUND('',#775,.T.);
#264=FACE_OUTER_BOUND('',#776,.T.);
#265=FACE_OUTER_BOUND('',#777,.T.);
#266=FACE_OUTER_BOUND('',#778,.T.);
#267=FACE_OUTER_BOUND('',#779,.T.);
#268=FACE_OUTER_BOUND('',#780,.T.);
#269=FACE_OUTER_BOUND('',#781,.T.);
#270=FACE_OUTER_BOUND('',#782,.T.);
#271=FACE_OUTER_BOUND('',#783,.T.);
#272=FACE_OUTER_BOUND('',#784,.T.);
#273=FACE_OUTER_BOUND('',#785,.T.);
#274=FACE_OUTER_BOUND('',#786,.T.);
#275=FACE_OUTER_BOUND('',#787,.T.);
#276=FACE_OUTER_BOUND('',#788,.T.);
#277=FACE_OUTER_BOUND('',#789,.T.);
#278=FACE_OUTER_BOUND('',#790,.T.);
#279=FACE_OUTER_BOUND('',#791,.T.);
#280=FACE_OUTER_BOUND('',#792,.T.);
#281=FACE_OUTER_BOUND('',#793,.T.);
#282=FACE_OUTER_BOUND('',#794,.T.);
#283=FACE_OUTER_BOUND('',#795,.T.);
#284=FACE_OUTER_BOUND('',#796,.T.);
#285=FACE_OUTER_BOUND('',#797,.T.);
#286=FACE_OUTER_BOUND('',#798,.T.);
#287=FACE_OUTER_BOUND('',#799,.T.);
#288=FACE_OUTER_BOUND('',#800,.T.);
#289=FACE_OUTER_BOUND('',#801,.T.);
#290=FACE_OUTER_BOUND('',#802,.T.);
#291=FACE_OUTER_BOUND('',#803,.T.);
#292=FACE_OUTER_BOUND('',#804,.T.);
#293=FACE_OUTER_BOUND('',#805,.T.);
#294=FACE_OUTER_BOUND('',#806,.T.);
#295=FACE_OUTER_BOUND('',#807,.T.);
#296=FACE_OUTER_BOUND('',#808,.T.);
#297=FACE_OUTER_BOUND('',#809,.T.);
#298=FACE_OUTER_BOUND('',#810,.T.);
#299=FACE_OUTER_BOUND('',#811,.T.);
#300=FACE_OUTER_BOUND('',#812,.T.);
#301=FACE_OUTER_BOUND('',#813,.T.);
#302=FACE_OUTER_BOUND('',#814,.T.);
#303=FACE_OUTER_BOUND('',#815,.T.);
#304=FACE_OUTER_BOUND('',#816,.T.);
#305=FACE_OUTER_BOUND('',#817,.T.);
#306=FACE_OUTER_BOUND('',#818,.T.);
#307=FACE_OUTER_BOUND('',#819,.T.);
#308=FACE_OUTER_BOUND('',#820,.T.);
#309=FACE_OUTER_BOUND('',#821,.T.);
#310=FACE_OUTER_BOUND('',#822,.T.);
#311=FACE_OUTER_BOUND('',#823,.T.);
#312=FACE_OUTER_BOUND('',#824,.T.);
#313=FACE_OUTER_BOUND('',#825,.T.);
#314=FACE_OUTER_BOUND('',#826,.T.);
#315=FACE_OUTER_BOUND('',#827,.T.);
#316=FACE_OUTER_BOUND('',#828,.T.);
#317=FACE_OUTER_BOUND('',#829,.T.);
#318=FACE_OUTER_BOUND('',#830,.T.);
#319=FACE_OUTER_BOUND('',#831,.T.);
#320=FACE_OUTER_BOUND('',#832,.T.);
#321=FACE_OUTER_BOUND('',#833,.T.);
#322=FACE_OUTER_BOUND('',#834,.T.);
#323=FACE_OUTER_BOUND('',#835,.T.);
#324=FACE_OUTER_BOUND('',#836,.T.);
#325=FACE_OUTER_BOUND('',#837,.T.);
#326=FACE_OUTER_BOUND('',#838,.T.);
#327=FACE_OUTER_BOUND('',#839,.T.);
#328=FACE_OUTER_BOUND('',#840,.T.);
#329=FACE_OUTER_BOUND('',#841,.T.);
#330=FACE_OUTER_BOUND('',#842,.T.);
#331=FACE_OUTER_BOUND('',#843,.T.);
#332=FACE_OUTER_BOUND('',#844,.T.);
#333=FACE_OUTER_BOUND('',#845,.T.);
#334=FACE_OUTER_BOUND('',#846,.T.);
#335=FACE_OUTER_BOUND('',#847,.T.);
#336=FACE_OUTER_BOUND('',#848,.T.);
#337=FACE_OUTER_BOUND('',#849,.T.);
#338=FACE_OUTER_BOUND('',#850,.T.);
#339=FACE_OUTER_BOUND('',#851,.T.);
#340=FACE_OUTER_BOUND('',#852,.T.);
#341=FACE_OUTER_BOUND('',#853,.T.);
#342=FACE_OUTER_BOUND('',#854,.T.);
#343=FACE_OUTER_BOUND('',#855,.T.);
#344=FACE_OUTER_BOUND('',#856,.T.);
#345=FACE_OUTER_BOUND('',#857,.T.);
#346=FACE_OUTER_BOUND('',#858,.T.);
#347=FACE_OUTER_BOUND('',#859,.T.);
#348=FACE_OUTER_BOUND('',#860,.T.);
#349=FACE_OUTER_BOUND('',#861,.T.);
#350=FACE_OUTER_BOUND('',#862,.T.);
#351=FACE_OUTER_BOUND('',#863,.T.);
#352=FACE_OUTER_BOUND('',#864,.T.);
#353=FACE_OUTER_BOUND('',#865,.T.);
#354=FACE_OUTER_BOUND('',#866,.T.);
#355=FACE_OUTER_BOUND('',#867,.T.);
#356=FACE_OUTER_BOUND('',#868,.T.);
#357=FACE_OUTER_BOUND('',#869,.T.);
#358=FACE_OUTER_BOUND('',#870,.T.);
#359=FACE_OUTER_BOUND('',#871,.T.);
#360=FACE_OUTER_BOUND('',#872,.T.);
#361=FACE_OUTER_BOUND('',#873,.T.);
#362=FACE_OUTER_BOUND('',#874,.T.);
#363=FACE_OUTER_BOUND('',#875,.T.);
#364=FACE_OUTER_BOUND('',#876,.T.);
#365=FACE_OUTER_BOUND('',#877,.T.);
#366=FACE_OUTER_BOUND('',#878,.T.);
#367=FACE_OUTER_BOUND('',#879,.T.);
#368=FACE_OUTER_BOUND('',#880,.T.);
#369=FACE_OUTER_BOUND('',#881,.T.);
#370=FACE_OUTER_BOUND('',#882,.T.);
#371=FACE_OUTER_BOUND('',#883,.T.);
#372=FACE_OUTER_BOUND('',#884,.T.);
#373=FACE_OUTER_BOUND('',#885,.T.);
#374=FACE_OUTER_BOUND('',#886,.T.);
#375=FACE_OUTER_BOUND('',#887,.T.);
#376=FACE_OUTER_BOUND('',#888,.T.);
#377=FACE_OUTER_BOUND('',#889,.T.);
#378=FACE_OUTER_BOUND('',#890,.T.);
#379=FACE_OUTER_BOUND('',#891,.T.);
#380=FACE_OUTER_BOUND('',#892,.T.);
#381=FACE_OUTER_BOUND('',#893,.T.);
#382=FACE_OUTER_BOUND('',#894,.T.);
#383=FACE_OUTER_BOUND('',#895,.T.);
#384=FACE_OUTER_BOUND('',#896,.T.);
#385=FACE_OUTER_BOUND('',#897,.T.);
#386=FACE_OUTER_BOUND('',#898,.T.);
#387=FACE_OUTER_BOUND('',#899,.T.);
#388=FACE_OUTER_BOUND('',#900,.T.);
#389=FACE_OUTER_BOUND('',#901,.T.);
#390=FACE_OUTER_BOUND('',#902,.T.);
#391=FACE_OUTER_BOUND('',#903,.T.);
#392=FACE_OUTER_BOUND('',#904,.T.);
#393=FACE_OUTER_BOUND('',#905,.T.);
#394=FACE_OUTER_BOUND('',#906,.T.);
#395=FACE_OUTER_BOUND('',#907,.T.);
#396=FACE_OUTER_BOUND('',#908,.T.);
#397=FACE_OUTER_BOUND('',#909,.T.);
#398=FACE_OUTER_BOUND('',#910,.T.);
#399=FACE_OUTER_BOUND('',#911,.T.);
#400=FACE_OUTER_BOUND('',#912,.T.);
#401=FACE_OUTER_BOUND('',#913,.T.);
#402=FACE_OUTER_BOUND('',#914,.T.);
#403=FACE_OUTER_BOUND('',#915,.T.);
#404=FACE_OUTER_BOUND('',#916,.T.);
#405=FACE_OUTER_BOUND('',#917,.T.);
#406=FACE_OUTER_BOUND('',#918,.T.);
#407=FACE_OUTER_BOUND('',#919,.T.);
#408=FACE_OUTER_BOUND('',#920,.T.);
#409=FACE_OUTER_BOUND('',#921,.T.);
#410=FACE_OUTER_BOUND('',#922,.T.);
#411=FACE_OUTER_BOUND('',#923,.T.);
#412=FACE_OUTER_BOUND('',#924,.T.);
#413=FACE_OUTER_BOUND('',#925,.T.);
#414=FACE_OUTER_BOUND('',#926,.T.);
#415=FACE_OUTER_BOUND('',#927,.T.);
#416=FACE_OUTER_BOUND('',#928,.T.);
#417=FACE_OUTER_BOUND('',#929,.T.);
#418=FACE_OUTER_BOUND('',#930,.T.);
#419=FACE_OUTER_BOUND('',#931,.T.);
#420=FACE_OUTER_BOUND('',#932,.T.);
#421=FACE_OUTER_BOUND('',#933,.T.);
#422=FACE_OUTER_BOUND('',#934,.T.);
#423=FACE_OUTER_BOUND('',#935,.T.);
#424=FACE_OUTER_BOUND('',#936,.T.);
#425=FACE_OUTER_BOUND('',#937,.T.);
#426=FACE_OUTER_BOUND('',#938,.T.);
#427=FACE_OUTER_BOUND('',#939,.T.);
#428=FACE_OUTER_BOUND('',#940,.T.);
#429=FACE_OUTER_BOUND('',#941,.T.);
#430=FACE_OUTER_BOUND('',#942,.T.);
#431=FACE_OUTER_BOUND('',#943,.T.);
#432=FACE_OUTER_BOUND('',#944,.T.);
#433=FACE_OUTER_BOUND('',#945,.T.);
#434=FACE_OUTER_BOUND('',#946,.T.);
#435=FACE_OUTER_BOUND('',#947,.T.);
#436=FACE_OUTER_BOUND('',#948,.T.);
#437=FACE_OUTER_BOUND('',#949,.T.);
#438=FACE_OUTER_BOUND('',#950,.T.);
#439=FACE_OUTER_BOUND('',#951,.T.);
#440=FACE_OUTER_BOUND('',#952,.T.);
#441=FACE_OUTER_BOUND('',#953,.T.);
#442=FACE_OUTER_BOUND('',#954,.T.);
#443=FACE_OUTER_BOUND('',#955,.T.);
#444=FACE_OUTER_BOUND('',#956,.T.);
#445=FACE_OUTER_BOUND('',#957,.T.);
#446=FACE_OUTER_BOUND('',#958,.T.);
#447=FACE_OUTER_BOUND('',#959,.T.);
#448=FACE_OUTER_BOUND('',#960,.T.);
#449=FACE_OUTER_BOUND('',#961,.T.);
#450=FACE_OUTER_BOUND('',#962,.T.);
#451=FACE_OUTER_BOUND('',#963,.T.);
#452=FACE_OUTER_BOUND('',#964,.T.);
#453=FACE_OUTER_BOUND('',#965,.T.);
#454=FACE_OUTER_BOUND('',#966,.T.);
#455=FACE_OUTER_BOUND('',#967,.T.);
#456=FACE_OUTER_BOUND('',#968,.T.);
#457=FACE_OUTER_BOUND('',#969,.T.);
#458=FACE_OUTER_BOUND('',#970,.T.);
#459=FACE_OUTER_BOUND('',#971,.T.);
#460=FACE_OUTER_BOUND('',#972,.T.);
#461=FACE_OUTER_BOUND('',#973,.T.);
#462=FACE_OUTER_BOUND('',#974,.T.);
#463=FACE_OUTER_BOUND('',#975,.T.);
#464=FACE_OUTER_BOUND('',#976,.T.);
#465=FACE_OUTER_BOUND('',#977,.T.);
#466=FACE_OUTER_BOUND('',#978,.T.);
#467=FACE_OUTER_BOUND('',#979,.T.);
#468=FACE_OUTER_BOUND('',#980,.T.);
#469=FACE_OUTER_BOUND('',#981,.T.);
#470=FACE_OUTER_BOUND('',#982,.T.);
#471=FACE_OUTER_BOUND('',#983,.T.);
#472=FACE_OUTER_BOUND('',#984,.T.);
#473=FACE_OUTER_BOUND('',#985,.T.);
#474=FACE_OUTER_BOUND('',#986,.T.);
#475=FACE_OUTER_BOUND('',#987,.T.);
#476=FACE_OUTER_BOUND('',#988,.T.);
#477=FACE_OUTER_BOUND('',#989,.T.);
#478=FACE_OUTER_BOUND('',#990,.T.);
#479=FACE_OUTER_BOUND('',#991,.T.);
#480=FACE_OUTER_BOUND('',#992,.T.);
#481=FACE_OUTER_BOUND('',#993,.T.);
#482=FACE_OUTER_BOUND('',#994,.T.);
#483=FACE_OUTER_BOUND('',#995,.T.);
#484=FACE_OUTER_BOUND('',#996,.T.);
#485=FACE_OUTER_BOUND('',#997,.T.);
#486=FACE_OUTER_BOUND('',#998,.T.);
#487=FACE_OUTER_BOUND('',#999,.T.);
#488=FACE_OUTER_BOUND('',#1000,.T.);
#489=FACE_OUTER_BOUND('',#1001,.T.);
#490=FACE_OUTER_BOUND('',#1002,.T.);
#491=FACE_OUTER_BOUND('',#1003,.T.);
#492=FACE_OUTER_BOUND('',#1004,.T.);
#493=FACE_OUTER_BOUND('',#1005,.T.);
#494=FACE_OUTER_BOUND('',#1006,.T.);
#495=FACE_OUTER_BOUND('',#1007,.T.);
#496=FACE_OUTER_BOUND('',#1008,.T.);
#497=FACE_OUTER_BOUND('',#1009,.T.);
#498=FACE_OUTER_BOUND('',#1010,.T.);
#499=FACE_OUTER_BOUND('',#1011,.T.);
#500=FACE_OUTER_BOUND('',#1012,.T.);
#501=FACE_OUTER_BOUND('',#1013,.T.);
#502=FACE_OUTER_BOUND('',#1014,.T.);
#503=FACE_OUTER_BOUND('',#1015,.T.);
#504=FACE_OUTER_BOUND('',#1016,.T.);
#505=FACE_OUTER_BOUND('',#1017,.T.);
#506=FACE_OUTER_BOUND('',#1018,.T.);
#507=FACE_OUTER_BOUND('',#1019,.T.);
#508=FACE_OUTER_BOUND('',#1020,.T.);
#509=FACE_OUTER_BOUND('',#1021,.T.);
#510=FACE_OUTER_BOUND('',#1022,.T.);
#511=FACE_OUTER_BOUND('',#1023,.T.);
#512=FACE_OUTER_BOUND('',#1024,.T.);
#513=FACE_OUTER_BOUND('',#1025,.T.);
#514=FACE_OUTER_BOUND('',#1026,.T.);
#515=FACE_OUTER_BOUND('',#1027,.T.);
#516=FACE_OUTER_BOUND('',#1028,.T.);
#517=FACE_OUTER_BOUND('',#1029,.T.);
#518=FACE_OUTER_BOUND('',#1030,.T.);
#519=FACE_OUTER_BOUND('',#1031,.T.);
#520=FACE_OUTER_BOUND('',#1032,.T.);
#521=FACE_OUTER_BOUND('',#1033,.T.);
#522=FACE_OUTER_BOUND('',#1034,.T.);
#523=FACE_OUTER_BOUND('',#1035,.T.);
#524=FACE_OUTER_BOUND('',#1036,.T.);
#525=FACE_OUTER_BOUND('',#1037,.T.);
#526=FACE_OUTER_BOUND('',#1038,.T.);
#527=FACE_OUTER_BOUND('',#1039,.T.);
#528=FACE_OUTER_BOUND('',#1040,.T.);
#529=FACE_OUTER_BOUND('',#1041,.T.);
#530=FACE_OUTER_BOUND('',#1042,.T.);
#531=FACE_OUTER_BOUND('',#1043,.T.);
#532=FACE_OUTER_BOUND('',#1044,.T.);
#533=FACE_OUTER_BOUND('',#1045,.T.);
#534=FACE_OUTER_BOUND('',#1046,.T.);
#535=FACE_OUTER_BOUND('',#1047,.T.);
#536=FACE_OUTER_BOUND('',#1048,.T.);
#537=FACE_OUTER_BOUND('',#1049,.T.);
#538=FACE_OUTER_BOUND('',#1050,.T.);
#539=FACE_OUTER_BOUND('',#1051,.T.);
#540=FACE_OUTER_BOUND('',#1052,.T.);
#541=FACE_OUTER_BOUND('',#1053,.T.);
#542=FACE_OUTER_BOUND('',#1054,.T.);
#543=FACE_OUTER_BOUND('',#1055,.T.);
#544=FACE_OUTER_BOUND('',#1056,.T.);
#545=FACE_OUTER_BOUND('',#1057,.T.);
#546=FACE_OUTER_BOUND('',#1058,.T.);
#547=FACE_OUTER_BOUND('',#1059,.T.);
#548=FACE_OUTER_BOUND('',#1060,.T.);
#549=FACE_OUTER_BOUND('',#1061,.T.);
#550=FACE_OUTER_BOUND('',#1062,.T.);
#551=FACE_OUTER_BOUND('',#1063,.T.);
#552=FACE_OUTER_BOUND('',#1064,.T.);
#553=EDGE_LOOP('',(#5075,#5076,#5077,#5078));
#554=EDGE_LOOP('',(#5079,#5080,#5081,#5082,#5083,#5084,#5085,#5086,#5087,
#5088,#5089,#5090,#5091,#5092,#5093,#5094,#5095,#5096,#5097,#5098,#5099,
#5100,#5101,#5102,#5103,#5104,#5105,#5106,#5107,#5108,#5109,#5110,#5111,
#5112,#5113));
#555=EDGE_LOOP('',(#5114,#5115,#5116,#5117,#5118,#5119));
#556=EDGE_LOOP('',(#5120,#5121,#5122,#5123,#5124,#5125,#5126,#5127,#5128,
#5129,#5130,#5131,#5132,#5133,#5134,#5135,#5136,#5137,#5138,#5139,#5140,
#5141,#5142,#5143,#5144,#5145,#5146,#5147,#5148,#5149,#5150,#5151,#5152,
#5153,#5154,#5155,#5156,#5157,#5158,#5159,#5160,#5161,#5162,#5163,#5164,
#5165,#5166,#5167,#5168,#5169,#5170,#5171,#5172,#5173,#5174,#5175,#5176,
#5177,#5178,#5179,#5180,#5181,#5182,#5183,#5184,#5185,#5186,#5187,#5188,
#5189,#5190,#5191,#5192,#5193,#5194,#5195,#5196,#5197,#5198,#5199,#5200,
#5201,#5202,#5203,#5204,#5205,#5206,#5207,#5208,#5209,#5210,#5211,#5212,
#5213,#5214,#5215,#5216,#5217,#5218,#5219,#5220,#5221,#5222,#5223,#5224,
#5225,#5226,#5227,#5228,#5229,#5230,#5231,#5232,#5233,#5234,#5235,#5236,
#5237,#5238,#5239,#5240,#5241,#5242,#5243,#5244,#5245,#5246,#5247,#5248,
#5249,#5250,#5251,#5252,#5253,#5254,#5255,#5256,#5257,#5258,#5259,#5260,
#5261,#5262,#5263,#5264,#5265));
#557=EDGE_LOOP('',(#5266,#5267,#5268,#5269));
#558=EDGE_LOOP('',(#5270,#5271,#5272,#5273));
#559=EDGE_LOOP('',(#5274,#5275,#5276,#5277));
#560=EDGE_LOOP('',(#5278,#5279,#5280,#5281));
#561=EDGE_LOOP('',(#5282,#5283,#5284,#5285,#5286,#5287,#5288,#5289,#5290,
#5291,#5292,#5293,#5294,#5295,#5296,#5297,#5298,#5299,#5300,#5301,#5302,
#5303,#5304,#5305,#5306,#5307,#5308,#5309,#5310,#5311,#5312,#5313,#5314,
#5315,#5316,#5317,#5318,#5319,#5320,#5321,#5322,#5323,#5324,#5325,#5326,
#5327,#5328,#5329,#5330,#5331,#5332,#5333,#5334,#5335,#5336,#5337,#5338,
#5339,#5340,#5341,#5342,#5343,#5344,#5345,#5346,#5347,#5348,#5349,#5350,
#5351,#5352,#5353,#5354,#5355,#5356,#5357,#5358,#5359,#5360,#5361,#5362,
#5363,#5364));
#562=EDGE_LOOP('',(#5365,#5366,#5367,#5368,#5369));
#563=EDGE_LOOP('',(#5370,#5371,#5372,#5373,#5374));
#564=EDGE_LOOP('',(#5375,#5376,#5377,#5378,#5379));
#565=EDGE_LOOP('',(#5380,#5381,#5382,#5383,#5384,#5385));
#566=EDGE_LOOP('',(#5386,#5387,#5388,#5389,#5390));
#567=EDGE_LOOP('',(#5391,#5392,#5393,#5394,#5395,#5396));
#568=EDGE_LOOP('',(#5397,#5398,#5399,#5400,#5401));
#569=EDGE_LOOP('',(#5402,#5403,#5404,#5405,#5406));
#570=EDGE_LOOP('',(#5407,#5408,#5409,#5410,#5411));
#571=EDGE_LOOP('',(#5412,#5413,#5414,#5415,#5416,#5417));
#572=EDGE_LOOP('',(#5418,#5419,#5420,#5421,#5422));
#573=EDGE_LOOP('',(#5423,#5424,#5425,#5426,#5427));
#574=EDGE_LOOP('',(#5428,#5429,#5430,#5431));
#575=EDGE_LOOP('',(#5432,#5433,#5434,#5435));
#576=EDGE_LOOP('',(#5436,#5437,#5438,#5439));
#577=EDGE_LOOP('',(#5440,#5441,#5442,#5443));
#578=EDGE_LOOP('',(#5444,#5445,#5446,#5447));
#579=EDGE_LOOP('',(#5448,#5449,#5450,#5451));
#580=EDGE_LOOP('',(#5452,#5453,#5454,#5455));
#581=EDGE_LOOP('',(#5456,#5457,#5458,#5459));
#582=EDGE_LOOP('',(#5460,#5461,#5462,#5463));
#583=EDGE_LOOP('',(#5464,#5465,#5466,#5467));
#584=EDGE_LOOP('',(#5468,#5469,#5470,#5471));
#585=EDGE_LOOP('',(#5472,#5473,#5474,#5475));
#586=EDGE_LOOP('',(#5476,#5477,#5478,#5479));
#587=EDGE_LOOP('',(#5480,#5481,#5482,#5483,#5484,#5485));
#588=EDGE_LOOP('',(#5486,#5487,#5488,#5489));
#589=EDGE_LOOP('',(#5490,#5491,#5492,#5493));
#590=EDGE_LOOP('',(#5494,#5495,#5496,#5497));
#591=EDGE_LOOP('',(#5498,#5499,#5500,#5501));
#592=EDGE_LOOP('',(#5502,#5503,#5504,#5505));
#593=EDGE_LOOP('',(#5506,#5507,#5508,#5509));
#594=EDGE_LOOP('',(#5510,#5511,#5512,#5513));
#595=EDGE_LOOP('',(#5514,#5515,#5516,#5517));
#596=EDGE_LOOP('',(#5518,#5519,#5520,#5521));
#597=EDGE_LOOP('',(#5522,#5523,#5524,#5525));
#598=EDGE_LOOP('',(#5526,#5527,#5528,#5529));
#599=EDGE_LOOP('',(#5530,#5531,#5532,#5533,#5534));
#600=EDGE_LOOP('',(#5535,#5536,#5537,#5538,#5539));
#601=EDGE_LOOP('',(#5540,#5541,#5542,#5543,#5544));
#602=EDGE_LOOP('',(#5545,#5546,#5547,#5548,#5549,#5550,#5551,#5552,#5553,
#5554,#5555,#5556,#5557,#5558));
#603=EDGE_LOOP('',(#5559,#5560,#5561,#5562,#5563));
#604=EDGE_LOOP('',(#5564,#5565,#5566,#5567,#5568));
#605=EDGE_LOOP('',(#5569,#5570,#5571,#5572));
#606=EDGE_LOOP('',(#5573,#5574,#5575,#5576));
#607=EDGE_LOOP('',(#5577,#5578,#5579,#5580,#5581,#5582));
#608=EDGE_LOOP('',(#5583,#5584,#5585,#5586));
#609=EDGE_LOOP('',(#5587,#5588,#5589,#5590));
#610=EDGE_LOOP('',(#5591,#5592,#5593,#5594));
#611=EDGE_LOOP('',(#5595,#5596,#5597,#5598));
#612=EDGE_LOOP('',(#5599,#5600,#5601,#5602));
#613=EDGE_LOOP('',(#5603,#5604,#5605,#5606));
#614=EDGE_LOOP('',(#5607,#5608,#5609,#5610));
#615=EDGE_LOOP('',(#5611,#5612,#5613,#5614));
#616=EDGE_LOOP('',(#5615,#5616,#5617,#5618));
#617=EDGE_LOOP('',(#5619,#5620,#5621,#5622));
#618=EDGE_LOOP('',(#5623,#5624,#5625,#5626,#5627));
#619=EDGE_LOOP('',(#5628,#5629,#5630,#5631,#5632));
#620=EDGE_LOOP('',(#5633,#5634,#5635));
#621=EDGE_LOOP('',(#5636,#5637,#5638,#5639,#5640));
#622=EDGE_LOOP('',(#5641,#5642,#5643,#5644,#5645));
#623=EDGE_LOOP('',(#5646,#5647,#5648,#5649,#5650));
#624=EDGE_LOOP('',(#5651,#5652,#5653,#5654,#5655));
#625=EDGE_LOOP('',(#5656,#5657,#5658,#5659,#5660,#5661));
#626=EDGE_LOOP('',(#5662,#5663,#5664,#5665,#5666,#5667));
#627=EDGE_LOOP('',(#5668,#5669,#5670,#5671,#5672,#5673));
#628=EDGE_LOOP('',(#5674,#5675,#5676,#5677));
#629=EDGE_LOOP('',(#5678,#5679,#5680,#5681));
#630=EDGE_LOOP('',(#5682,#5683,#5684,#5685,#5686));
#631=EDGE_LOOP('',(#5687,#5688,#5689,#5690,#5691));
#632=EDGE_LOOP('',(#5692,#5693,#5694,#5695,#5696,#5697,#5698,#5699,#5700,
#5701,#5702,#5703,#5704,#5705,#5706,#5707,#5708,#5709,#5710,#5711,#5712,
#5713,#5714,#5715,#5716,#5717,#5718,#5719,#5720,#5721,#5722,#5723,#5724,
#5725,#5726,#5727,#5728,#5729,#5730,#5731,#5732,#5733,#5734,#5735,#5736,
#5737,#5738,#5739,#5740,#5741,#5742,#5743,#5744,#5745,#5746,#5747,#5748,
#5749,#5750,#5751,#5752,#5753,#5754,#5755,#5756,#5757,#5758,#5759,#5760,
#5761,#5762,#5763,#5764,#5765,#5766,#5767,#5768));
#633=EDGE_LOOP('',(#5769,#5770,#5771,#5772,#5773,#5774));
#634=EDGE_LOOP('',(#5775,#5776,#5777,#5778));
#635=EDGE_LOOP('',(#5779,#5780,#5781));
#636=EDGE_LOOP('',(#5782,#5783,#5784,#5785));
#637=EDGE_LOOP('',(#5786,#5787,#5788,#5789));
#638=EDGE_LOOP('',(#5790,#5791,#5792,#5793));
#639=EDGE_LOOP('',(#5794,#5795,#5796,#5797));
#640=EDGE_LOOP('',(#5798,#5799,#5800,#5801));
#641=EDGE_LOOP('',(#5802,#5803,#5804));
#642=EDGE_LOOP('',(#5805,#5806,#5807));
#643=EDGE_LOOP('',(#5808,#5809,#5810));
#644=EDGE_LOOP('',(#5811,#5812,#5813,#5814,#5815,#5816,#5817,#5818,#5819,
#5820,#5821,#5822,#5823,#5824,#5825,#5826,#5827,#5828,#5829,#5830,#5831,
#5832,#5833,#5834,#5835,#5836,#5837,#5838,#5839,#5840,#5841,#5842,#5843,
#5844,#5845,#5846,#5847,#5848,#5849,#5850,#5851,#5852,#5853,#5854,#5855,
#5856,#5857,#5858,#5859,#5860,#5861,#5862,#5863,#5864,#5865,#5866,#5867,
#5868,#5869,#5870,#5871,#5872,#5873,#5874,#5875,#5876,#5877,#5878,#5879,
#5880,#5881,#5882,#5883,#5884,#5885,#5886,#5887,#5888,#5889,#5890,#5891,
#5892,#5893,#5894,#5895,#5896,#5897,#5898,#5899,#5900,#5901,#5902,#5903,
#5904,#5905,#5906,#5907,#5908,#5909,#5910,#5911,#5912,#5913,#5914,#5915,
#5916,#5917,#5918,#5919,#5920,#5921,#5922,#5923,#5924,#5925,#5926,#5927,
#5928,#5929,#5930,#5931));
#645=EDGE_LOOP('',(#5932,#5933,#5934));
#646=EDGE_LOOP('',(#5935,#5936,#5937));
#647=EDGE_LOOP('',(#5938,#5939,#5940));
#648=EDGE_LOOP('',(#5941,#5942,#5943));
#649=EDGE_LOOP('',(#5944,#5945,#5946));
#650=EDGE_LOOP('',(#5947,#5948,#5949));
#651=EDGE_LOOP('',(#5950,#5951,#5952));
#652=EDGE_LOOP('',(#5953,#5954,#5955));
#653=EDGE_LOOP('',(#5956,#5957,#5958));
#654=EDGE_LOOP('',(#5959,#5960,#5961));
#655=EDGE_LOOP('',(#5962,#5963,#5964));
#656=EDGE_LOOP('',(#5965,#5966,#5967));
#657=EDGE_LOOP('',(#5968,#5969,#5970));
#658=EDGE_LOOP('',(#5971,#5972,#5973));
#659=EDGE_LOOP('',(#5974,#5975,#5976));
#660=EDGE_LOOP('',(#5977,#5978,#5979));
#661=EDGE_LOOP('',(#5980,#5981,#5982));
#662=EDGE_LOOP('',(#5983,#5984,#5985));
#663=EDGE_LOOP('',(#5986,#5987,#5988));
#664=EDGE_LOOP('',(#5989,#5990,#5991));
#665=EDGE_LOOP('',(#5992,#5993,#5994));
#666=EDGE_LOOP('',(#5995,#5996,#5997));
#667=EDGE_LOOP('',(#5998,#5999,#6000));
#668=EDGE_LOOP('',(#6001,#6002,#6003));
#669=EDGE_LOOP('',(#6004,#6005,#6006));
#670=EDGE_LOOP('',(#6007,#6008,#6009));
#671=EDGE_LOOP('',(#6010,#6011,#6012));
#672=EDGE_LOOP('',(#6013,#6014,#6015));
#673=EDGE_LOOP('',(#6016,#6017,#6018));
#674=EDGE_LOOP('',(#6019,#6020,#6021));
#675=EDGE_LOOP('',(#6022,#6023,#6024));
#676=EDGE_LOOP('',(#6025,#6026,#6027));
#677=EDGE_LOOP('',(#6028,#6029,#6030,#6031));
#678=EDGE_LOOP('',(#6032,#6033,#6034));
#679=EDGE_LOOP('',(#6035,#6036,#6037));
#680=EDGE_LOOP('',(#6038,#6039,#6040));
#681=EDGE_LOOP('',(#6041,#6042,#6043));
#682=EDGE_LOOP('',(#6044,#6045,#6046));
#683=EDGE_LOOP('',(#6047,#6048,#6049));
#684=EDGE_LOOP('',(#6050,#6051,#6052));
#685=EDGE_LOOP('',(#6053,#6054,#6055));
#686=EDGE_LOOP('',(#6056,#6057,#6058));
#687=EDGE_LOOP('',(#6059,#6060,#6061));
#688=EDGE_LOOP('',(#6062,#6063,#6064));
#689=EDGE_LOOP('',(#6065,#6066,#6067));
#690=EDGE_LOOP('',(#6068,#6069,#6070));
#691=EDGE_LOOP('',(#6071,#6072,#6073));
#692=EDGE_LOOP('',(#6074,#6075,#6076));
#693=EDGE_LOOP('',(#6077,#6078,#6079));
#694=EDGE_LOOP('',(#6080,#6081,#6082));
#695=EDGE_LOOP('',(#6083,#6084,#6085));
#696=EDGE_LOOP('',(#6086,#6087,#6088));
#697=EDGE_LOOP('',(#6089,#6090,#6091));
#698=EDGE_LOOP('',(#6092,#6093,#6094));
#699=EDGE_LOOP('',(#6095,#6096,#6097));
#700=EDGE_LOOP('',(#6098,#6099,#6100));
#701=EDGE_LOOP('',(#6101,#6102,#6103));
#702=EDGE_LOOP('',(#6104,#6105,#6106));
#703=EDGE_LOOP('',(#6107,#6108,#6109));
#704=EDGE_LOOP('',(#6110,#6111,#6112));
#705=EDGE_LOOP('',(#6113,#6114,#6115));
#706=EDGE_LOOP('',(#6116,#6117,#6118));
#707=EDGE_LOOP('',(#6119,#6120,#6121));
#708=EDGE_LOOP('',(#6122,#6123,#6124));
#709=EDGE_LOOP('',(#6125,#6126,#6127,#6128));
#710=EDGE_LOOP('',(#6129,#6130,#6131));
#711=EDGE_LOOP('',(#6132,#6133,#6134));
#712=EDGE_LOOP('',(#6135,#6136,#6137));
#713=EDGE_LOOP('',(#6138,#6139,#6140));
#714=EDGE_LOOP('',(#6141,#6142,#6143));
#715=EDGE_LOOP('',(#6144,#6145,#6146));
#716=EDGE_LOOP('',(#6147,#6148,#6149));
#717=EDGE_LOOP('',(#6150,#6151,#6152));
#718=EDGE_LOOP('',(#6153,#6154,#6155));
#719=EDGE_LOOP('',(#6156,#6157,#6158));
#720=EDGE_LOOP('',(#6159,#6160,#6161));
#721=EDGE_LOOP('',(#6162,#6163,#6164));
#722=EDGE_LOOP('',(#6165,#6166,#6167));
#723=EDGE_LOOP('',(#6168,#6169,#6170));
#724=EDGE_LOOP('',(#6171,#6172,#6173));
#725=EDGE_LOOP('',(#6174,#6175,#6176));
#726=EDGE_LOOP('',(#6177,#6178,#6179));
#727=EDGE_LOOP('',(#6180,#6181,#6182));
#728=EDGE_LOOP('',(#6183,#6184,#6185));
#729=EDGE_LOOP('',(#6186,#6187,#6188));
#730=EDGE_LOOP('',(#6189,#6190,#6191));
#731=EDGE_LOOP('',(#6192,#6193,#6194));
#732=EDGE_LOOP('',(#6195,#6196,#6197));
#733=EDGE_LOOP('',(#6198,#6199,#6200));
#734=EDGE_LOOP('',(#6201,#6202,#6203));
#735=EDGE_LOOP('',(#6204,#6205,#6206));
#736=EDGE_LOOP('',(#6207,#6208,#6209));
#737=EDGE_LOOP('',(#6210,#6211,#6212));
#738=EDGE_LOOP('',(#6213,#6214,#6215));
#739=EDGE_LOOP('',(#6216,#6217,#6218));
#740=EDGE_LOOP('',(#6219,#6220,#6221));
#741=EDGE_LOOP('',(#6222,#6223,#6224));
#742=EDGE_LOOP('',(#6225,#6226,#6227));
#743=EDGE_LOOP('',(#6228,#6229,#6230,#6231));
#744=EDGE_LOOP('',(#6232,#6233,#6234));
#745=EDGE_LOOP('',(#6235,#6236,#6237));
#746=EDGE_LOOP('',(#6238,#6239,#6240));
#747=EDGE_LOOP('',(#6241,#6242,#6243));
#748=EDGE_LOOP('',(#6244,#6245,#6246));
#749=EDGE_LOOP('',(#6247,#6248,#6249));
#750=EDGE_LOOP('',(#6250,#6251,#6252));
#751=EDGE_LOOP('',(#6253,#6254,#6255));
#752=EDGE_LOOP('',(#6256,#6257,#6258));
#753=EDGE_LOOP('',(#6259,#6260,#6261));
#754=EDGE_LOOP('',(#6262,#6263,#6264));
#755=EDGE_LOOP('',(#6265,#6266,#6267));
#756=EDGE_LOOP('',(#6268,#6269,#6270));
#757=EDGE_LOOP('',(#6271,#6272,#6273));
#758=EDGE_LOOP('',(#6274,#6275,#6276));
#759=EDGE_LOOP('',(#6277,#6278,#6279));
#760=EDGE_LOOP('',(#6280,#6281,#6282));
#761=EDGE_LOOP('',(#6283,#6284,#6285));
#762=EDGE_LOOP('',(#6286,#6287,#6288));
#763=EDGE_LOOP('',(#6289,#6290,#6291));
#764=EDGE_LOOP('',(#6292,#6293,#6294));
#765=EDGE_LOOP('',(#6295,#6296,#6297));
#766=EDGE_LOOP('',(#6298,#6299,#6300));
#767=EDGE_LOOP('',(#6301,#6302,#6303));
#768=EDGE_LOOP('',(#6304,#6305,#6306));
#769=EDGE_LOOP('',(#6307,#6308,#6309));
#770=EDGE_LOOP('',(#6310,#6311,#6312));
#771=EDGE_LOOP('',(#6313,#6314,#6315));
#772=EDGE_LOOP('',(#6316,#6317,#6318));
#773=EDGE_LOOP('',(#6319,#6320,#6321));
#774=EDGE_LOOP('',(#6322,#6323,#6324));
#775=EDGE_LOOP('',(#6325,#6326,#6327));
#776=EDGE_LOOP('',(#6328,#6329,#6330));
#777=EDGE_LOOP('',(#6331,#6332,#6333));
#778=EDGE_LOOP('',(#6334,#6335,#6336));
#779=EDGE_LOOP('',(#6337,#6338,#6339));
#780=EDGE_LOOP('',(#6340,#6341,#6342));
#781=EDGE_LOOP('',(#6343,#6344,#6345));
#782=EDGE_LOOP('',(#6346,#6347,#6348));
#783=EDGE_LOOP('',(#6349,#6350,#6351));
#784=EDGE_LOOP('',(#6352,#6353,#6354));
#785=EDGE_LOOP('',(#6355,#6356,#6357));
#786=EDGE_LOOP('',(#6358,#6359,#6360));
#787=EDGE_LOOP('',(#6361,#6362,#6363));
#788=EDGE_LOOP('',(#6364,#6365,#6366));
#789=EDGE_LOOP('',(#6367,#6368,#6369));
#790=EDGE_LOOP('',(#6370,#6371,#6372));
#791=EDGE_LOOP('',(#6373,#6374,#6375));
#792=EDGE_LOOP('',(#6376,#6377,#6378));
#793=EDGE_LOOP('',(#6379,#6380,#6381));
#794=EDGE_LOOP('',(#6382,#6383,#6384));
#795=EDGE_LOOP('',(#6385,#6386,#6387));
#796=EDGE_LOOP('',(#6388,#6389,#6390));
#797=EDGE_LOOP('',(#6391,#6392,#6393));
#798=EDGE_LOOP('',(#6394,#6395,#6396,#6397));
#799=EDGE_LOOP('',(#6398,#6399,#6400));
#800=EDGE_LOOP('',(#6401,#6402,#6403));
#801=EDGE_LOOP('',(#6404,#6405,#6406));
#802=EDGE_LOOP('',(#6407,#6408,#6409));
#803=EDGE_LOOP('',(#6410,#6411,#6412));
#804=EDGE_LOOP('',(#6413,#6414,#6415));
#805=EDGE_LOOP('',(#6416,#6417,#6418,#6419,#6420));
#806=EDGE_LOOP('',(#6421,#6422,#6423));
#807=EDGE_LOOP('',(#6424,#6425,#6426));
#808=EDGE_LOOP('',(#6427,#6428,#6429));
#809=EDGE_LOOP('',(#6430,#6431,#6432));
#810=EDGE_LOOP('',(#6433,#6434,#6435));
#811=EDGE_LOOP('',(#6436,#6437,#6438));
#812=EDGE_LOOP('',(#6439,#6440,#6441));
#813=EDGE_LOOP('',(#6442,#6443,#6444));
#814=EDGE_LOOP('',(#6445,#6446,#6447,#6448,#6449));
#815=EDGE_LOOP('',(#6450,#6451,#6452));
#816=EDGE_LOOP('',(#6453,#6454,#6455));
#817=EDGE_LOOP('',(#6456,#6457,#6458));
#818=EDGE_LOOP('',(#6459,#6460,#6461));
#819=EDGE_LOOP('',(#6462,#6463,#6464));
#820=EDGE_LOOP('',(#6465,#6466,#6467));
#821=EDGE_LOOP('',(#6468,#6469,#6470));
#822=EDGE_LOOP('',(#6471,#6472,#6473));
#823=EDGE_LOOP('',(#6474,#6475,#6476));
#824=EDGE_LOOP('',(#6477,#6478,#6479));
#825=EDGE_LOOP('',(#6480,#6481,#6482));
#826=EDGE_LOOP('',(#6483,#6484,#6485));
#827=EDGE_LOOP('',(#6486,#6487,#6488));
#828=EDGE_LOOP('',(#6489,#6490,#6491));
#829=EDGE_LOOP('',(#6492,#6493,#6494));
#830=EDGE_LOOP('',(#6495,#6496,#6497));
#831=EDGE_LOOP('',(#6498,#6499,#6500));
#832=EDGE_LOOP('',(#6501,#6502,#6503));
#833=EDGE_LOOP('',(#6504,#6505,#6506));
#834=EDGE_LOOP('',(#6507,#6508,#6509));
#835=EDGE_LOOP('',(#6510,#6511,#6512));
#836=EDGE_LOOP('',(#6513,#6514,#6515));
#837=EDGE_LOOP('',(#6516,#6517,#6518));
#838=EDGE_LOOP('',(#6519,#6520,#6521));
#839=EDGE_LOOP('',(#6522,#6523,#6524));
#840=EDGE_LOOP('',(#6525,#6526,#6527));
#841=EDGE_LOOP('',(#6528,#6529,#6530));
#842=EDGE_LOOP('',(#6531,#6532,#6533));
#843=EDGE_LOOP('',(#6534,#6535,#6536));
#844=EDGE_LOOP('',(#6537,#6538,#6539));
#845=EDGE_LOOP('',(#6540,#6541,#6542));
#846=EDGE_LOOP('',(#6543,#6544,#6545));
#847=EDGE_LOOP('',(#6546,#6547,#6548));
#848=EDGE_LOOP('',(#6549,#6550,#6551));
#849=EDGE_LOOP('',(#6552,#6553,#6554));
#850=EDGE_LOOP('',(#6555,#6556,#6557));
#851=EDGE_LOOP('',(#6558,#6559,#6560));
#852=EDGE_LOOP('',(#6561,#6562,#6563));
#853=EDGE_LOOP('',(#6564,#6565,#6566,#6567));
#854=EDGE_LOOP('',(#6568,#6569,#6570));
#855=EDGE_LOOP('',(#6571,#6572,#6573));
#856=EDGE_LOOP('',(#6574,#6575,#6576));
#857=EDGE_LOOP('',(#6577,#6578,#6579));
#858=EDGE_LOOP('',(#6580,#6581,#6582));
#859=EDGE_LOOP('',(#6583,#6584,#6585));
#860=EDGE_LOOP('',(#6586,#6587,#6588));
#861=EDGE_LOOP('',(#6589,#6590,#6591));
#862=EDGE_LOOP('',(#6592,#6593,#6594,#6595,#6596));
#863=EDGE_LOOP('',(#6597,#6598,#6599));
#864=EDGE_LOOP('',(#6600,#6601,#6602));
#865=EDGE_LOOP('',(#6603,#6604,#6605));
#866=EDGE_LOOP('',(#6606,#6607,#6608));
#867=EDGE_LOOP('',(#6609,#6610,#6611));
#868=EDGE_LOOP('',(#6612,#6613,#6614));
#869=EDGE_LOOP('',(#6615,#6616,#6617,#6618,#6619));
#870=EDGE_LOOP('',(#6620,#6621,#6622,#6623,#6624,#6625));
#871=EDGE_LOOP('',(#6626,#6627,#6628));
#872=EDGE_LOOP('',(#6629,#6630,#6631));
#873=EDGE_LOOP('',(#6632,#6633,#6634));
#874=EDGE_LOOP('',(#6635,#6636,#6637));
#875=EDGE_LOOP('',(#6638,#6639,#6640));
#876=EDGE_LOOP('',(#6641,#6642,#6643));
#877=EDGE_LOOP('',(#6644,#6645,#6646));
#878=EDGE_LOOP('',(#6647,#6648,#6649));
#879=EDGE_LOOP('',(#6650,#6651,#6652,#6653,#6654,#6655,#6656,#6657,#6658,
#6659,#6660,#6661,#6662,#6663,#6664,#6665,#6666,#6667,#6668,#6669,#6670,
#6671,#6672,#6673,#6674,#6675,#6676,#6677,#6678,#6679,#6680,#6681,#6682,
#6683,#6684,#6685,#6686,#6687,#6688,#6689,#6690,#6691,#6692,#6693,#6694,
#6695,#6696,#6697,#6698,#6699,#6700,#6701,#6702,#6703,#6704,#6705,#6706,
#6707,#6708,#6709,#6710,#6711,#6712,#6713,#6714,#6715,#6716,#6717));
#880=EDGE_LOOP('',(#6718,#6719,#6720,#6721));
#881=EDGE_LOOP('',(#6722,#6723,#6724));
#882=EDGE_LOOP('',(#6725,#6726,#6727));
#883=EDGE_LOOP('',(#6728,#6729,#6730,#6731));
#884=EDGE_LOOP('',(#6732,#6733,#6734));
#885=EDGE_LOOP('',(#6735,#6736,#6737));
#886=EDGE_LOOP('',(#6738,#6739,#6740));
#887=EDGE_LOOP('',(#6741,#6742,#6743));
#888=EDGE_LOOP('',(#6744,#6745,#6746));
#889=EDGE_LOOP('',(#6747,#6748,#6749));
#890=EDGE_LOOP('',(#6750,#6751,#6752));
#891=EDGE_LOOP('',(#6753,#6754,#6755));
#892=EDGE_LOOP('',(#6756,#6757,#6758));
#893=EDGE_LOOP('',(#6759,#6760,#6761));
#894=EDGE_LOOP('',(#6762,#6763,#6764));
#895=EDGE_LOOP('',(#6765,#6766,#6767));
#896=EDGE_LOOP('',(#6768,#6769,#6770,#6771));
#897=EDGE_LOOP('',(#6772,#6773,#6774,#6775));
#898=EDGE_LOOP('',(#6776,#6777,#6778));
#899=EDGE_LOOP('',(#6779,#6780,#6781));
#900=EDGE_LOOP('',(#6782,#6783,#6784));
#901=EDGE_LOOP('',(#6785,#6786,#6787));
#902=EDGE_LOOP('',(#6788,#6789,#6790,#6791,#6792));
#903=EDGE_LOOP('',(#6793,#6794,#6795));
#904=EDGE_LOOP('',(#6796,#6797,#6798));
#905=EDGE_LOOP('',(#6799,#6800,#6801));
#906=EDGE_LOOP('',(#6802,#6803,#6804));
#907=EDGE_LOOP('',(#6805,#6806,#6807));
#908=EDGE_LOOP('',(#6808,#6809,#6810));
#909=EDGE_LOOP('',(#6811,#6812,#6813));
#910=EDGE_LOOP('',(#6814,#6815,#6816));
#911=EDGE_LOOP('',(#6817,#6818,#6819));
#912=EDGE_LOOP('',(#6820,#6821,#6822));
#913=EDGE_LOOP('',(#6823,#6824,#6825));
#914=EDGE_LOOP('',(#6826,#6827,#6828));
#915=EDGE_LOOP('',(#6829,#6830,#6831));
#916=EDGE_LOOP('',(#6832,#6833,#6834));
#917=EDGE_LOOP('',(#6835,#6836,#6837));
#918=EDGE_LOOP('',(#6838,#6839,#6840,#6841,#6842,#6843,#6844,#6845,#6846,
#6847,#6848,#6849,#6850,#6851,#6852,#6853,#6854,#6855,#6856,#6857,#6858,
#6859,#6860,#6861,#6862,#6863,#6864,#6865,#6866,#6867,#6868,#6869,#6870,
#6871,#6872,#6873,#6874,#6875,#6876,#6877,#6878,#6879,#6880,#6881,#6882,
#6883,#6884,#6885,#6886,#6887,#6888,#6889,#6890,#6891,#6892,#6893,#6894,
#6895));
#919=EDGE_LOOP('',(#6896,#6897,#6898,#6899));
#920=EDGE_LOOP('',(#6900,#6901,#6902,#6903));
#921=EDGE_LOOP('',(#6904,#6905,#6906,#6907));
#922=EDGE_LOOP('',(#6908,#6909,#6910));
#923=EDGE_LOOP('',(#6911,#6912,#6913));
#924=EDGE_LOOP('',(#6914,#6915,#6916));
#925=EDGE_LOOP('',(#6917,#6918,#6919));
#926=EDGE_LOOP('',(#6920,#6921,#6922));
#927=EDGE_LOOP('',(#6923,#6924,#6925));
#928=EDGE_LOOP('',(#6926,#6927,#6928));
#929=EDGE_LOOP('',(#6929,#6930,#6931));
#930=EDGE_LOOP('',(#6932,#6933,#6934));
#931=EDGE_LOOP('',(#6935,#6936,#6937));
#932=EDGE_LOOP('',(#6938,#6939,#6940));
#933=EDGE_LOOP('',(#6941,#6942,#6943));
#934=EDGE_LOOP('',(#6944,#6945,#6946));
#935=EDGE_LOOP('',(#6947,#6948,#6949));
#936=EDGE_LOOP('',(#6950,#6951,#6952));
#937=EDGE_LOOP('',(#6953,#6954,#6955));
#938=EDGE_LOOP('',(#6956,#6957,#6958));
#939=EDGE_LOOP('',(#6959,#6960,#6961));
#940=EDGE_LOOP('',(#6962,#6963,#6964));
#941=EDGE_LOOP('',(#6965,#6966,#6967));
#942=EDGE_LOOP('',(#6968,#6969,#6970));
#943=EDGE_LOOP('',(#6971,#6972,#6973));
#944=EDGE_LOOP('',(#6974,#6975,#6976));
#945=EDGE_LOOP('',(#6977,#6978,#6979));
#946=EDGE_LOOP('',(#6980,#6981,#6982,#6983,#6984));
#947=EDGE_LOOP('',(#6985,#6986,#6987));
#948=EDGE_LOOP('',(#6988,#6989,#6990,#6991));
#949=EDGE_LOOP('',(#6992,#6993,#6994,#6995));
#950=EDGE_LOOP('',(#6996,#6997,#6998));
#951=EDGE_LOOP('',(#6999,#7000,#7001));
#952=EDGE_LOOP('',(#7002,#7003,#7004));
#953=EDGE_LOOP('',(#7005,#7006,#7007));
#954=EDGE_LOOP('',(#7008,#7009,#7010));
#955=EDGE_LOOP('',(#7011,#7012,#7013));
#956=EDGE_LOOP('',(#7014,#7015,#7016));
#957=EDGE_LOOP('',(#7017,#7018,#7019));
#958=EDGE_LOOP('',(#7020,#7021,#7022));
#959=EDGE_LOOP('',(#7023,#7024,#7025));
#960=EDGE_LOOP('',(#7026,#7027,#7028));
#961=EDGE_LOOP('',(#7029,#7030,#7031,#7032));
#962=EDGE_LOOP('',(#7033,#7034,#7035));
#963=EDGE_LOOP('',(#7036,#7037,#7038));
#964=EDGE_LOOP('',(#7039,#7040,#7041));
#965=EDGE_LOOP('',(#7042,#7043,#7044));
#966=EDGE_LOOP('',(#7045,#7046,#7047));
#967=EDGE_LOOP('',(#7048,#7049,#7050));
#968=EDGE_LOOP('',(#7051,#7052,#7053));
#969=EDGE_LOOP('',(#7054,#7055,#7056));
#970=EDGE_LOOP('',(#7057,#7058,#7059));
#971=EDGE_LOOP('',(#7060,#7061,#7062));
#972=EDGE_LOOP('',(#7063,#7064,#7065));
#973=EDGE_LOOP('',(#7066,#7067,#7068));
#974=EDGE_LOOP('',(#7069,#7070,#7071));
#975=EDGE_LOOP('',(#7072,#7073,#7074,#7075));
#976=EDGE_LOOP('',(#7076,#7077,#7078,#7079,#7080));
#977=EDGE_LOOP('',(#7081,#7082,#7083,#7084));
#978=EDGE_LOOP('',(#7085,#7086,#7087));
#979=EDGE_LOOP('',(#7088,#7089,#7090));
#980=EDGE_LOOP('',(#7091,#7092,#7093));
#981=EDGE_LOOP('',(#7094,#7095,#7096));
#982=EDGE_LOOP('',(#7097,#7098));
#983=EDGE_LOOP('',(#7099,#7100,#7101));
#984=EDGE_LOOP('',(#7102,#7103,#7104));
#985=EDGE_LOOP('',(#7105,#7106,#7107));
#986=EDGE_LOOP('',(#7108,#7109,#7110));
#987=EDGE_LOOP('',(#7111,#7112,#7113));
#988=EDGE_LOOP('',(#7114,#7115,#7116));
#989=EDGE_LOOP('',(#7117,#7118,#7119,#7120,#7121));
#990=EDGE_LOOP('',(#7122,#7123,#7124,#7125,#7126));
#991=EDGE_LOOP('',(#7127,#7128,#7129,#7130));
#992=EDGE_LOOP('',(#7131,#7132,#7133));
#993=EDGE_LOOP('',(#7134,#7135,#7136));
#994=EDGE_LOOP('',(#7137,#7138,#7139,#7140));
#995=EDGE_LOOP('',(#7141,#7142,#7143,#7144));
#996=EDGE_LOOP('',(#7145,#7146,#7147));
#997=EDGE_LOOP('',(#7148,#7149,#7150));
#998=EDGE_LOOP('',(#7151,#7152,#7153));
#999=EDGE_LOOP('',(#7154,#7155,#7156));
#1000=EDGE_LOOP('',(#7157,#7158,#7159));
#1001=EDGE_LOOP('',(#7160,#7161,#7162));
#1002=EDGE_LOOP('',(#7163,#7164,#7165));
#1003=EDGE_LOOP('',(#7166,#7167,#7168));
#1004=EDGE_LOOP('',(#7169,#7170,#7171));
#1005=EDGE_LOOP('',(#7172,#7173,#7174));
#1006=EDGE_LOOP('',(#7175,#7176,#7177));
#1007=EDGE_LOOP('',(#7178,#7179,#7180));
#1008=EDGE_LOOP('',(#7181,#7182,#7183));
#1009=EDGE_LOOP('',(#7184,#7185,#7186));
#1010=EDGE_LOOP('',(#7187,#7188,#7189));
#1011=EDGE_LOOP('',(#7190,#7191,#7192));
#1012=EDGE_LOOP('',(#7193,#7194,#7195));
#1013=EDGE_LOOP('',(#7196,#7197,#7198));
#1014=EDGE_LOOP('',(#7199,#7200,#7201));
#1015=EDGE_LOOP('',(#7202,#7203,#7204));
#1016=EDGE_LOOP('',(#7205,#7206,#7207));
#1017=EDGE_LOOP('',(#7208,#7209,#7210));
#1018=EDGE_LOOP('',(#7211,#7212,#7213));
#1019=EDGE_LOOP('',(#7214,#7215,#7216));
#1020=EDGE_LOOP('',(#7217,#7218,#7219));
#1021=EDGE_LOOP('',(#7220,#7221,#7222));
#1022=EDGE_LOOP('',(#7223,#7224,#7225));
#1023=EDGE_LOOP('',(#7226,#7227,#7228));
#1024=EDGE_LOOP('',(#7229,#7230,#7231));
#1025=EDGE_LOOP('',(#7232,#7233,#7234));
#1026=EDGE_LOOP('',(#7235,#7236,#7237));
#1027=EDGE_LOOP('',(#7238,#7239,#7240));
#1028=EDGE_LOOP('',(#7241,#7242,#7243));
#1029=EDGE_LOOP('',(#7244,#7245,#7246,#7247));
#1030=EDGE_LOOP('',(#7248,#7249,#7250));
#1031=EDGE_LOOP('',(#7251,#7252,#7253));
#1032=EDGE_LOOP('',(#7254,#7255,#7256));
#1033=EDGE_LOOP('',(#7257,#7258,#7259));
#1034=EDGE_LOOP('',(#7260,#7261,#7262));
#1035=EDGE_LOOP('',(#7263,#7264,#7265,#7266));
#1036=EDGE_LOOP('',(#7267,#7268,#7269));
#1037=EDGE_LOOP('',(#7270,#7271,#7272));
#1038=EDGE_LOOP('',(#7273,#7274,#7275));
#1039=EDGE_LOOP('',(#7276,#7277,#7278));
#1040=EDGE_LOOP('',(#7279,#7280,#7281));
#1041=EDGE_LOOP('',(#7282,#7283,#7284));
#1042=EDGE_LOOP('',(#7285,#7286,#7287));
#1043=EDGE_LOOP('',(#7288,#7289,#7290));
#1044=EDGE_LOOP('',(#7291,#7292,#7293));
#1045=EDGE_LOOP('',(#7294,#7295,#7296));
#1046=EDGE_LOOP('',(#7297,#7298,#7299));
#1047=EDGE_LOOP('',(#7300,#7301,#7302));
#1048=EDGE_LOOP('',(#7303,#7304,#7305));
#1049=EDGE_LOOP('',(#7306,#7307,#7308));
#1050=EDGE_LOOP('',(#7309,#7310,#7311));
#1051=EDGE_LOOP('',(#7312,#7313,#7314));
#1052=EDGE_LOOP('',(#7315,#7316,#7317));
#1053=EDGE_LOOP('',(#7318,#7319,#7320));
#1054=EDGE_LOOP('',(#7321,#7322,#7323));
#1055=EDGE_LOOP('',(#7324,#7325,#7326));
#1056=EDGE_LOOP('',(#7327,#7328,#7329));
#1057=EDGE_LOOP('',(#7330,#7331,#7332));
#1058=EDGE_LOOP('',(#7333,#7334,#7335));
#1059=EDGE_LOOP('',(#7336,#7337,#7338));
#1060=EDGE_LOOP('',(#7339,#7340,#7341));
#1061=EDGE_LOOP('',(#7342,#7343,#7344));
#1062=EDGE_LOOP('',(#7345,#7346,#7347));
#1063=EDGE_LOOP('',(#7348,#7349,#7350,#7351));
#1064=EDGE_LOOP('',(#7352,#7353,#7354));
#1065=LINE('',#11106,#2186);
#1066=LINE('',#11108,#2187);
#1067=LINE('',#11110,#2188);
#1068=LINE('',#11111,#2189);
#1069=LINE('',#11114,#2190);
#1070=LINE('',#11116,#2191);
#1071=LINE('',#11118,#2192);
#1072=LINE('',#11120,#2193);
#1073=LINE('',#11122,#2194);
#1074=LINE('',#11124,#2195);
#1075=LINE('',#11126,#2196);
#1076=LINE('',#11128,#2197);
#1077=LINE('',#11130,#2198);
#1078=LINE('',#11132,#2199);
#1079=LINE('',#11134,#2200);
#1080=LINE('',#11136,#2201);
#1081=LINE('',#11138,#2202);
#1082=LINE('',#11140,#2203);
#1083=LINE('',#11142,#2204);
#1084=LINE('',#11144,#2205);
#1085=LINE('',#11146,#2206);
#1086=LINE('',#11148,#2207);
#1087=LINE('',#11150,#2208);
#1088=LINE('',#11152,#2209);
#1089=LINE('',#11154,#2210);
#1090=LINE('',#11156,#2211);
#1091=LINE('',#11158,#2212);
#1092=LINE('',#11160,#2213);
#1093=LINE('',#11162,#2214);
#1094=LINE('',#11164,#2215);
#1095=LINE('',#11166,#2216);
#1096=LINE('',#11168,#2217);
#1097=LINE('',#11170,#2218);
#1098=LINE('',#11172,#2219);
#1099=LINE('',#11174,#2220);
#1100=LINE('',#11176,#2221);
#1101=LINE('',#11178,#2222);
#1102=LINE('',#11179,#2223);
#1103=LINE('',#11182,#2224);
#1104=LINE('',#11184,#2225);
#1105=LINE('',#11185,#2226);
#1106=LINE('',#11188,#2227);
#1107=LINE('',#11190,#2228);
#1108=LINE('',#11192,#2229);
#1109=LINE('',#11194,#2230);
#1110=LINE('',#11196,#2231);
#1111=LINE('',#11198,#2232);
#1112=LINE('',#11200,#2233);
#1113=LINE('',#11202,#2234);
#1114=LINE('',#11204,#2235);
#1115=LINE('',#11206,#2236);
#1116=LINE('',#11208,#2237);
#1117=LINE('',#11210,#2238);
#1118=LINE('',#11212,#2239);
#1119=LINE('',#11214,#2240);
#1120=LINE('',#11216,#2241);
#1121=LINE('',#11218,#2242);
#1122=LINE('',#11220,#2243);
#1123=LINE('',#11222,#2244);
#1124=LINE('',#11224,#2245);
#1125=LINE('',#11226,#2246);
#1126=LINE('',#11228,#2247);
#1127=LINE('',#11230,#2248);
#1128=LINE('',#11232,#2249);
#1129=LINE('',#11234,#2250);
#1130=LINE('',#11236,#2251);
#1131=LINE('',#11238,#2252);
#1132=LINE('',#11240,#2253);
#1133=LINE('',#11242,#2254);
#1134=LINE('',#11244,#2255);
#1135=LINE('',#11246,#2256);
#1136=LINE('',#11248,#2257);
#1137=LINE('',#11250,#2258);
#1138=LINE('',#11252,#2259);
#1139=LINE('',#11254,#2260);
#1140=LINE('',#11256,#2261);
#1141=LINE('',#11258,#2262);
#1142=LINE('',#11260,#2263);
#1143=LINE('',#11262,#2264);
#1144=LINE('',#11264,#2265);
#1145=LINE('',#11266,#2266);
#1146=LINE('',#11268,#2267);
#1147=LINE('',#11270,#2268);
#1148=LINE('',#11272,#2269);
#1149=LINE('',#11274,#2270);
#1150=LINE('',#11276,#2271);
#1151=LINE('',#11278,#2272);
#1152=LINE('',#11280,#2273);
#1153=LINE('',#11282,#2274);
#1154=LINE('',#11284,#2275);
#1155=LINE('',#11286,#2276);
#1156=LINE('',#11288,#2277);
#1157=LINE('',#11290,#2278);
#1158=LINE('',#11292,#2279);
#1159=LINE('',#11294,#2280);
#1160=LINE('',#11296,#2281);
#1161=LINE('',#11298,#2282);
#1162=LINE('',#11300,#2283);
#1163=LINE('',#11302,#2284);
#1164=LINE('',#11304,#2285);
#1165=LINE('',#11306,#2286);
#1166=LINE('',#11308,#2287);
#1167=LINE('',#11310,#2288);
#1168=LINE('',#11312,#2289);
#1169=LINE('',#11314,#2290);
#1170=LINE('',#11316,#2291);
#1171=LINE('',#11318,#2292);
#1172=LINE('',#11320,#2293);
#1173=LINE('',#11322,#2294);
#1174=LINE('',#11324,#2295);
#1175=LINE('',#11326,#2296);
#1176=LINE('',#11328,#2297);
#1177=LINE('',#11330,#2298);
#1178=LINE('',#11332,#2299);
#1179=LINE('',#11334,#2300);
#1180=LINE('',#11336,#2301);
#1181=LINE('',#11338,#2302);
#1182=LINE('',#11340,#2303);
#1183=LINE('',#11342,#2304);
#1184=LINE('',#11344,#2305);
#1185=LINE('',#11346,#2306);
#1186=LINE('',#11348,#2307);
#1187=LINE('',#11350,#2308);
#1188=LINE('',#11352,#2309);
#1189=LINE('',#11354,#2310);
#1190=LINE('',#11356,#2311);
#1191=LINE('',#11358,#2312);
#1192=LINE('',#11360,#2313);
#1193=LINE('',#11362,#2314);
#1194=LINE('',#11364,#2315);
#1195=LINE('',#11366,#2316);
#1196=LINE('',#11368,#2317);
#1197=LINE('',#11370,#2318);
#1198=LINE('',#11372,#2319);
#1199=LINE('',#11374,#2320);
#1200=LINE('',#11376,#2321);
#1201=LINE('',#11378,#2322);
#1202=LINE('',#11380,#2323);
#1203=LINE('',#11382,#2324);
#1204=LINE('',#11384,#2325);
#1205=LINE('',#11386,#2326);
#1206=LINE('',#11388,#2327);
#1207=LINE('',#11390,#2328);
#1208=LINE('',#11394,#2329);
#1209=LINE('',#11402,#2330);
#1210=LINE('',#11404,#2331);
#1211=LINE('',#11406,#2332);
#1212=LINE('',#11408,#2333);
#1213=LINE('',#11410,#2334);
#1214=LINE('',#11412,#2335);
#1215=LINE('',#11414,#2336);
#1216=LINE('',#11416,#2337);
#1217=LINE('',#11418,#2338);
#1218=LINE('',#11420,#2339);
#1219=LINE('',#11422,#2340);
#1220=LINE('',#11424,#2341);
#1221=LINE('',#11426,#2342);
#1222=LINE('',#11428,#2343);
#1223=LINE('',#11430,#2344);
#1224=LINE('',#11432,#2345);
#1225=LINE('',#11434,#2346);
#1226=LINE('',#11436,#2347);
#1227=LINE('',#11438,#2348);
#1228=LINE('',#11440,#2349);
#1229=LINE('',#11442,#2350);
#1230=LINE('',#11444,#2351);
#1231=LINE('',#11446,#2352);
#1232=LINE('',#11448,#2353);
#1233=LINE('',#11450,#2354);
#1234=LINE('',#11452,#2355);
#1235=LINE('',#11454,#2356);
#1236=LINE('',#11456,#2357);
#1237=LINE('',#11458,#2358);
#1238=LINE('',#11460,#2359);
#1239=LINE('',#11462,#2360);
#1240=LINE('',#11464,#2361);
#1241=LINE('',#11466,#2362);
#1242=LINE('',#11468,#2363);
#1243=LINE('',#11470,#2364);
#1244=LINE('',#11472,#2365);
#1245=LINE('',#11473,#2366);
#1246=LINE('',#11475,#2367);
#1247=LINE('',#11478,#2368);
#1248=LINE('',#11480,#2369);
#1249=LINE('',#11481,#2370);
#1250=LINE('',#11484,#2371);
#1251=LINE('',#11486,#2372);
#1252=LINE('',#11487,#2373);
#1253=LINE('',#11490,#2374);
#1254=LINE('',#11491,#2375);
#1255=LINE('',#11495,#2376);
#1256=LINE('',#11497,#2377);
#1257=LINE('',#11499,#2378);
#1258=LINE('',#11501,#2379);
#1259=LINE('',#11503,#2380);
#1260=LINE('',#11505,#2381);
#1261=LINE('',#11507,#2382);
#1262=LINE('',#11509,#2383);
#1263=LINE('',#11511,#2384);
#1264=LINE('',#11513,#2385);
#1265=LINE('',#11515,#2386);
#1266=LINE('',#11517,#2387);
#1267=LINE('',#11519,#2388);
#1268=LINE('',#11521,#2389);
#1269=LINE('',#11523,#2390);
#1270=LINE('',#11525,#2391);
#1271=LINE('',#11527,#2392);
#1272=LINE('',#11529,#2393);
#1273=LINE('',#11531,#2394);
#1274=LINE('',#11533,#2395);
#1275=LINE('',#11535,#2396);
#1276=LINE('',#11537,#2397);
#1277=LINE('',#11539,#2398);
#1278=LINE('',#11541,#2399);
#1279=LINE('',#11543,#2400);
#1280=LINE('',#11545,#2401);
#1281=LINE('',#11547,#2402);
#1282=LINE('',#11549,#2403);
#1283=LINE('',#11550,#2404);
#1284=LINE('',#11552,#2405);
#1285=LINE('',#11554,#2406);
#1286=LINE('',#11556,#2407);
#1287=LINE('',#11558,#2408);
#1288=LINE('',#11560,#2409);
#1289=LINE('',#11562,#2410);
#1290=LINE('',#11564,#2411);
#1291=LINE('',#11566,#2412);
#1292=LINE('',#11568,#2413);
#1293=LINE('',#11570,#2414);
#1294=LINE('',#11572,#2415);
#1295=LINE('',#11574,#2416);
#1296=LINE('',#11576,#2417);
#1297=LINE('',#11578,#2418);
#1298=LINE('',#11580,#2419);
#1299=LINE('',#11582,#2420);
#1300=LINE('',#11584,#2421);
#1301=LINE('',#11586,#2422);
#1302=LINE('',#11588,#2423);
#1303=LINE('',#11590,#2424);
#1304=LINE('',#11592,#2425);
#1305=LINE('',#11594,#2426);
#1306=LINE('',#11596,#2427);
#1307=LINE('',#11602,#2428);
#1308=LINE('',#11606,#2429);
#1309=LINE('',#11608,#2430);
#1310=LINE('',#11610,#2431);
#1311=LINE('',#11612,#2432);
#1312=LINE('',#11614,#2433);
#1313=LINE('',#11616,#2434);
#1314=LINE('',#11618,#2435);
#1315=LINE('',#11620,#2436);
#1316=LINE('',#11622,#2437);
#1317=LINE('',#11624,#2438);
#1318=LINE('',#11626,#2439);
#1319=LINE('',#11628,#2440);
#1320=LINE('',#11630,#2441);
#1321=LINE('',#11632,#2442);
#1322=LINE('',#11634,#2443);
#1323=LINE('',#11636,#2444);
#1324=LINE('',#11638,#2445);
#1325=LINE('',#11640,#2446);
#1326=LINE('',#11642,#2447);
#1327=LINE('',#11644,#2448);
#1328=LINE('',#11646,#2449);
#1329=LINE('',#11648,#2450);
#1330=LINE('',#11650,#2451);
#1331=LINE('',#11652,#2452);
#1332=LINE('',#11654,#2453);
#1333=LINE('',#11655,#2454);
#1334=LINE('',#11657,#2455);
#1335=LINE('',#11659,#2456);
#1336=LINE('',#11660,#2457);
#1337=LINE('',#11663,#2458);
#1338=LINE('',#11664,#2459);
#1339=LINE('',#11667,#2460);
#1340=LINE('',#11668,#2461);
#1341=LINE('',#11669,#2462);
#1342=LINE('',#11672,#2463);
#1343=LINE('',#11673,#2464);
#1344=LINE('',#11674,#2465);
#1345=LINE('',#11677,#2466);
#1346=LINE('',#11678,#2467);
#1347=LINE('',#11679,#2468);
#1348=LINE('',#11682,#2469);
#1349=LINE('',#11683,#2470);
#1350=LINE('',#11684,#2471);
#1351=LINE('',#11687,#2472);
#1352=LINE('',#11688,#2473);
#1353=LINE('',#11689,#2474);
#1354=LINE('',#11692,#2475);
#1355=LINE('',#11693,#2476);
#1356=LINE('',#11694,#2477);
#1357=LINE('',#11697,#2478);
#1358=LINE('',#11698,#2479);
#1359=LINE('',#11699,#2480);
#1360=LINE('',#11702,#2481);
#1361=LINE('',#11703,#2482);
#1362=LINE('',#11704,#2483);
#1363=LINE('',#11707,#2484);
#1364=LINE('',#11708,#2485);
#1365=LINE('',#11709,#2486);
#1366=LINE('',#11711,#2487);
#1367=LINE('',#11713,#2488);
#1368=LINE('',#11715,#2489);
#1369=LINE('',#11717,#2490);
#1370=LINE('',#11719,#2491);
#1371=LINE('',#11721,#2492);
#1372=LINE('',#11723,#2493);
#1373=LINE('',#11725,#2494);
#1374=LINE('',#11727,#2495);
#1375=LINE('',#11729,#2496);
#1376=LINE('',#11731,#2497);
#1377=LINE('',#11733,#2498);
#1378=LINE('',#11736,#2499);
#1379=LINE('',#11737,#2500);
#1380=LINE('',#11740,#2501);
#1381=LINE('',#11741,#2502);
#1382=LINE('',#11744,#2503);
#1383=LINE('',#11746,#2504);
#1384=LINE('',#11748,#2505);
#1385=LINE('',#11749,#2506);
#1386=LINE('',#11752,#2507);
#1387=LINE('',#11753,#2508);
#1388=LINE('',#11756,#2509);
#1389=LINE('',#11757,#2510);
#1390=LINE('',#11760,#2511);
#1391=LINE('',#11761,#2512);
#1392=LINE('',#11764,#2513);
#1393=LINE('',#11765,#2514);
#1394=LINE('',#11768,#2515);
#1395=LINE('',#11769,#2516);
#1396=LINE('',#11772,#2517);
#1397=LINE('',#11773,#2518);
#1398=LINE('',#11776,#2519);
#1399=LINE('',#11777,#2520);
#1400=LINE('',#11780,#2521);
#1401=LINE('',#11781,#2522);
#1402=LINE('',#11784,#2523);
#1403=LINE('',#11785,#2524);
#1404=LINE('',#11788,#2525);
#1405=LINE('',#11789,#2526);
#1406=LINE('',#11792,#2527);
#1407=LINE('',#11793,#2528);
#1408=LINE('',#11796,#2529);
#1409=LINE('',#11798,#2530);
#1410=LINE('',#11799,#2531);
#1411=LINE('',#11802,#2532);
#1412=LINE('',#11803,#2533);
#1413=LINE('',#11804,#2534);
#1414=LINE('',#11806,#2535);
#1415=LINE('',#11807,#2536);
#1416=LINE('',#11809,#2537);
#1417=LINE('',#11811,#2538);
#1418=LINE('',#11815,#2539);
#1419=LINE('',#11819,#2540);
#1420=LINE('',#11822,#2541);
#1421=LINE('',#11825,#2542);
#1422=LINE('',#11828,#2543);
#1423=LINE('',#11829,#2544);
#1424=LINE('',#11831,#2545);
#1425=LINE('',#11832,#2546);
#1426=LINE('',#11834,#2547);
#1427=LINE('',#11835,#2548);
#1428=LINE('',#11837,#2549);
#1429=LINE('',#11839,#2550);
#1430=LINE('',#11841,#2551);
#1431=LINE('',#11843,#2552);
#1432=LINE('',#11845,#2553);
#1433=LINE('',#11847,#2554);
#1434=LINE('',#11849,#2555);
#1435=LINE('',#11851,#2556);
#1436=LINE('',#11853,#2557);
#1437=LINE('',#11855,#2558);
#1438=LINE('',#11857,#2559);
#1439=LINE('',#11859,#2560);
#1440=LINE('',#11861,#2561);
#1441=LINE('',#11864,#2562);
#1442=LINE('',#11865,#2563);
#1443=LINE('',#11867,#2564);
#1444=LINE('',#11868,#2565);
#1445=LINE('',#11870,#2566);
#1446=LINE('',#11873,#2567);
#1447=LINE('',#11874,#2568);
#1448=LINE('',#11876,#2569);
#1449=LINE('',#11877,#2570);
#1450=LINE('',#11879,#2571);
#1451=LINE('',#11880,#2572);
#1452=LINE('',#11883,#2573);
#1453=LINE('',#11884,#2574);
#1454=LINE('',#11886,#2575);
#1455=LINE('',#11887,#2576);
#1456=LINE('',#11889,#2577);
#1457=LINE('',#11891,#2578);
#1458=LINE('',#11892,#2579);
#1459=LINE('',#11894,#2580);
#1460=LINE('',#11896,#2581);
#1461=LINE('',#11897,#2582);
#1462=LINE('',#11900,#2583);
#1463=LINE('',#11901,#2584);
#1464=LINE('',#11903,#2585);
#1465=LINE('',#11904,#2586);
#1466=LINE('',#11907,#2587);
#1467=LINE('',#11908,#2588);
#1468=LINE('',#11910,#2589);
#1469=LINE('',#11911,#2590);
#1470=LINE('',#11917,#2591);
#1471=LINE('',#11922,#2592);
#1472=LINE('',#11928,#2593);
#1473=LINE('',#11930,#2594);
#1474=LINE('',#11936,#2595);
#1475=LINE('',#11938,#2596);
#1476=LINE('',#11942,#2597);
#1477=LINE('',#11944,#2598);
#1478=LINE('',#11946,#2599);
#1479=LINE('',#11948,#2600);
#1480=LINE('',#11950,#2601);
#1481=LINE('',#11952,#2602);
#1482=LINE('',#11954,#2603);
#1483=LINE('',#11956,#2604);
#1484=LINE('',#11958,#2605);
#1485=LINE('',#11960,#2606);
#1486=LINE('',#11962,#2607);
#1487=LINE('',#11964,#2608);
#1488=LINE('',#11966,#2609);
#1489=LINE('',#11968,#2610);
#1490=LINE('',#11970,#2611);
#1491=LINE('',#11972,#2612);
#1492=LINE('',#11974,#2613);
#1493=LINE('',#11976,#2614);
#1494=LINE('',#11978,#2615);
#1495=LINE('',#11980,#2616);
#1496=LINE('',#11982,#2617);
#1497=LINE('',#11984,#2618);
#1498=LINE('',#11986,#2619);
#1499=LINE('',#11988,#2620);
#1500=LINE('',#11990,#2621);
#1501=LINE('',#11992,#2622);
#1502=LINE('',#11994,#2623);
#1503=LINE('',#11996,#2624);
#1504=LINE('',#11998,#2625);
#1505=LINE('',#12000,#2626);
#1506=LINE('',#12002,#2627);
#1507=LINE('',#12004,#2628);
#1508=LINE('',#12006,#2629);
#1509=LINE('',#12008,#2630);
#1510=LINE('',#12010,#2631);
#1511=LINE('',#12012,#2632);
#1512=LINE('',#12014,#2633);
#1513=LINE('',#12016,#2634);
#1514=LINE('',#12018,#2635);
#1515=LINE('',#12020,#2636);
#1516=LINE('',#12022,#2637);
#1517=LINE('',#12024,#2638);
#1518=LINE('',#12026,#2639);
#1519=LINE('',#12028,#2640);
#1520=LINE('',#12030,#2641);
#1521=LINE('',#12032,#2642);
#1522=LINE('',#12034,#2643);
#1523=LINE('',#12036,#2644);
#1524=LINE('',#12038,#2645);
#1525=LINE('',#12040,#2646);
#1526=LINE('',#12042,#2647);
#1527=LINE('',#12044,#2648);
#1528=LINE('',#12046,#2649);
#1529=LINE('',#12048,#2650);
#1530=LINE('',#12050,#2651);
#1531=LINE('',#12052,#2652);
#1532=LINE('',#12054,#2653);
#1533=LINE('',#12056,#2654);
#1534=LINE('',#12058,#2655);
#1535=LINE('',#12060,#2656);
#1536=LINE('',#12062,#2657);
#1537=LINE('',#12064,#2658);
#1538=LINE('',#12066,#2659);
#1539=LINE('',#12068,#2660);
#1540=LINE('',#12070,#2661);
#1541=LINE('',#12072,#2662);
#1542=LINE('',#12074,#2663);
#1543=LINE('',#12076,#2664);
#1544=LINE('',#12078,#2665);
#1545=LINE('',#12080,#2666);
#1546=LINE('',#12081,#2667);
#1547=LINE('',#12084,#2668);
#1548=LINE('',#12085,#2669);
#1549=LINE('',#12087,#2670);
#1550=LINE('',#12089,#2671);
#1551=LINE('',#12090,#2672);
#1552=LINE('',#12093,#2673);
#1553=LINE('',#12094,#2674);
#1554=LINE('',#12096,#2675);
#1555=LINE('',#12100,#2676);
#1556=LINE('',#12101,#2677);
#1557=LINE('',#12102,#2678);
#1558=LINE('',#12105,#2679);
#1559=LINE('',#12106,#2680);
#1560=LINE('',#12109,#2681);
#1561=LINE('',#12110,#2682);
#1562=LINE('',#12113,#2683);
#1563=LINE('',#12114,#2684);
#1564=LINE('',#12116,#2685);
#1565=LINE('',#12120,#2686);
#1566=LINE('',#12122,#2687);
#1567=LINE('',#12123,#2688);
#1568=LINE('',#12126,#2689);
#1569=LINE('',#12128,#2690);
#1570=LINE('',#12129,#2691);
#1571=LINE('',#12132,#2692);
#1572=LINE('',#12133,#2693);
#1573=LINE('',#12136,#2694);
#1574=LINE('',#12138,#2695);
#1575=LINE('',#12140,#2696);
#1576=LINE('',#12142,#2697);
#1577=LINE('',#12144,#2698);
#1578=LINE('',#12146,#2699);
#1579=LINE('',#12148,#2700);
#1580=LINE('',#12150,#2701);
#1581=LINE('',#12152,#2702);
#1582=LINE('',#12154,#2703);
#1583=LINE('',#12156,#2704);
#1584=LINE('',#12158,#2705);
#1585=LINE('',#12160,#2706);
#1586=LINE('',#12162,#2707);
#1587=LINE('',#12164,#2708);
#1588=LINE('',#12166,#2709);
#1589=LINE('',#12168,#2710);
#1590=LINE('',#12170,#2711);
#1591=LINE('',#12172,#2712);
#1592=LINE('',#12174,#2713);
#1593=LINE('',#12176,#2714);
#1594=LINE('',#12178,#2715);
#1595=LINE('',#12180,#2716);
#1596=LINE('',#12182,#2717);
#1597=LINE('',#12184,#2718);
#1598=LINE('',#12186,#2719);
#1599=LINE('',#12188,#2720);
#1600=LINE('',#12190,#2721);
#1601=LINE('',#12192,#2722);
#1602=LINE('',#12194,#2723);
#1603=LINE('',#12196,#2724);
#1604=LINE('',#12197,#2725);
#1605=LINE('',#12199,#2726);
#1606=LINE('',#12201,#2727);
#1607=LINE('',#12203,#2728);
#1608=LINE('',#12205,#2729);
#1609=LINE('',#12207,#2730);
#1610=LINE('',#12209,#2731);
#1611=LINE('',#12211,#2732);
#1612=LINE('',#12213,#2733);
#1613=LINE('',#12215,#2734);
#1614=LINE('',#12217,#2735);
#1615=LINE('',#12219,#2736);
#1616=LINE('',#12221,#2737);
#1617=LINE('',#12223,#2738);
#1618=LINE('',#12225,#2739);
#1619=LINE('',#12227,#2740);
#1620=LINE('',#12229,#2741);
#1621=LINE('',#12231,#2742);
#1622=LINE('',#12233,#2743);
#1623=LINE('',#12235,#2744);
#1624=LINE('',#12237,#2745);
#1625=LINE('',#12239,#2746);
#1626=LINE('',#12241,#2747);
#1627=LINE('',#12243,#2748);
#1628=LINE('',#12244,#2749);
#1629=LINE('',#12246,#2750);
#1630=LINE('',#12248,#2751);
#1631=LINE('',#12250,#2752);
#1632=LINE('',#12252,#2753);
#1633=LINE('',#12254,#2754);
#1634=LINE('',#12256,#2755);
#1635=LINE('',#12258,#2756);
#1636=LINE('',#12260,#2757);
#1637=LINE('',#12262,#2758);
#1638=LINE('',#12264,#2759);
#1639=LINE('',#12265,#2760);
#1640=LINE('',#12267,#2761);
#1641=LINE('',#12269,#2762);
#1642=LINE('',#12271,#2763);
#1643=LINE('',#12273,#2764);
#1644=LINE('',#12275,#2765);
#1645=LINE('',#12277,#2766);
#1646=LINE('',#12279,#2767);
#1647=LINE('',#12281,#2768);
#1648=LINE('',#12283,#2769);
#1649=LINE('',#12285,#2770);
#1650=LINE('',#12287,#2771);
#1651=LINE('',#12289,#2772);
#1652=LINE('',#12291,#2773);
#1653=LINE('',#12293,#2774);
#1654=LINE('',#12295,#2775);
#1655=LINE('',#12297,#2776);
#1656=LINE('',#12299,#2777);
#1657=LINE('',#12301,#2778);
#1658=LINE('',#12303,#2779);
#1659=LINE('',#12305,#2780);
#1660=LINE('',#12307,#2781);
#1661=LINE('',#12309,#2782);
#1662=LINE('',#12311,#2783);
#1663=LINE('',#12313,#2784);
#1664=LINE('',#12315,#2785);
#1665=LINE('',#12317,#2786);
#1666=LINE('',#12319,#2787);
#1667=LINE('',#12321,#2788);
#1668=LINE('',#12323,#2789);
#1669=LINE('',#12325,#2790);
#1670=LINE('',#12327,#2791);
#1671=LINE('',#12329,#2792);
#1672=LINE('',#12331,#2793);
#1673=LINE('',#12333,#2794);
#1674=LINE('',#12335,#2795);
#1675=LINE('',#12337,#2796);
#1676=LINE('',#12339,#2797);
#1677=LINE('',#12341,#2798);
#1678=LINE('',#12343,#2799);
#1679=LINE('',#12345,#2800);
#1680=LINE('',#12347,#2801);
#1681=LINE('',#12349,#2802);
#1682=LINE('',#12351,#2803);
#1683=LINE('',#12353,#2804);
#1684=LINE('',#12355,#2805);
#1685=LINE('',#12356,#2806);
#1686=LINE('',#12359,#2807);
#1687=LINE('',#12360,#2808);
#1688=LINE('',#12362,#2809);
#1689=LINE('',#12364,#2810);
#1690=LINE('',#12367,#2811);
#1691=LINE('',#12368,#2812);
#1692=LINE('',#12369,#2813);
#1693=LINE('',#12371,#2814);
#1694=LINE('',#12373,#2815);
#1695=LINE('',#12375,#2816);
#1696=LINE('',#12378,#2817);
#1697=LINE('',#12379,#2818);
#1698=LINE('',#12381,#2819);
#1699=LINE('',#12382,#2820);
#1700=LINE('',#12384,#2821);
#1701=LINE('',#12385,#2822);
#1702=LINE('',#12387,#2823);
#1703=LINE('',#12388,#2824);
#1704=LINE('',#12390,#2825);
#1705=LINE('',#12392,#2826);
#1706=LINE('',#12393,#2827);
#1707=LINE('',#12395,#2828);
#1708=LINE('',#12398,#2829);
#1709=LINE('',#12399,#2830);
#1710=LINE('',#12401,#2831);
#1711=LINE('',#12402,#2832);
#1712=LINE('',#12404,#2833);
#1713=LINE('',#12406,#2834);
#1714=LINE('',#12407,#2835);
#1715=LINE('',#12409,#2836);
#1716=LINE('',#12411,#2837);
#1717=LINE('',#12412,#2838);
#1718=LINE('',#12414,#2839);
#1719=LINE('',#12416,#2840);
#1720=LINE('',#12418,#2841);
#1721=LINE('',#12419,#2842);
#1722=LINE('',#12421,#2843);
#1723=LINE('',#12422,#2844);
#1724=LINE('',#12424,#2845);
#1725=LINE('',#12425,#2846);
#1726=LINE('',#12427,#2847);
#1727=LINE('',#12428,#2848);
#1728=LINE('',#12430,#2849);
#1729=LINE('',#12431,#2850);
#1730=LINE('',#12433,#2851);
#1731=LINE('',#12435,#2852);
#1732=LINE('',#12436,#2853);
#1733=LINE('',#12438,#2854);
#1734=LINE('',#12441,#2855);
#1735=LINE('',#12443,#2856);
#1736=LINE('',#12444,#2857);
#1737=LINE('',#12446,#2858);
#1738=LINE('',#12448,#2859);
#1739=LINE('',#12450,#2860);
#1740=LINE('',#12451,#2861);
#1741=LINE('',#12454,#2862);
#1742=LINE('',#12455,#2863);
#1743=LINE('',#12457,#2864);
#1744=LINE('',#12459,#2865);
#1745=LINE('',#12461,#2866);
#1746=LINE('',#12463,#2867);
#1747=LINE('',#12466,#2868);
#1748=LINE('',#12467,#2869);
#1749=LINE('',#12469,#2870);
#1750=LINE('',#12470,#2871);
#1751=LINE('',#12472,#2872);
#1752=LINE('',#12475,#2873);
#1753=LINE('',#12476,#2874);
#1754=LINE('',#12478,#2875);
#1755=LINE('',#12481,#2876);
#1756=LINE('',#12485,#2877);
#1757=LINE('',#12487,#2878);
#1758=LINE('',#12489,#2879);
#1759=LINE('',#12490,#2880);
#1760=LINE('',#12493,#2881);
#1761=LINE('',#12494,#2882);
#1762=LINE('',#12497,#2883);
#1763=LINE('',#12499,#2884);
#1764=LINE('',#12500,#2885);
#1765=LINE('',#12502,#2886);
#1766=LINE('',#12503,#2887);
#1767=LINE('',#12505,#2888);
#1768=LINE('',#12508,#2889);
#1769=LINE('',#12510,#2890);
#1770=LINE('',#12511,#2891);
#1771=LINE('',#12514,#2892);
#1772=LINE('',#12515,#2893);
#1773=LINE('',#12517,#2894);
#1774=LINE('',#12519,#2895);
#1775=LINE('',#12521,#2896);
#1776=LINE('',#12522,#2897);
#1777=LINE('',#12526,#2898);
#1778=LINE('',#12527,#2899);
#1779=LINE('',#12529,#2900);
#1780=LINE('',#12532,#2901);
#1781=LINE('',#12534,#2902);
#1782=LINE('',#12535,#2903);
#1783=LINE('',#12537,#2904);
#1784=LINE('',#12539,#2905);
#1785=LINE('',#12540,#2906);
#1786=LINE('',#12544,#2907);
#1787=LINE('',#12545,#2908);
#1788=LINE('',#12547,#2909);
#1789=LINE('',#12550,#2910);
#1790=LINE('',#12551,#2911);
#1791=LINE('',#12552,#2912);
#1792=LINE('',#12555,#2913);
#1793=LINE('',#12556,#2914);
#1794=LINE('',#12559,#2915);
#1795=LINE('',#12560,#2916);
#1796=LINE('',#12563,#2917);
#1797=LINE('',#12564,#2918);
#1798=LINE('',#12567,#2919);
#1799=LINE('',#12569,#2920);
#1800=LINE('',#12570,#2921);
#1801=LINE('',#12572,#2922);
#1802=LINE('',#12575,#2923);
#1803=LINE('',#12576,#2924);
#1804=LINE('',#12579,#2925);
#1805=LINE('',#12580,#2926);
#1806=LINE('',#12582,#2927);
#1807=LINE('',#12585,#2928);
#1808=LINE('',#12586,#2929);
#1809=LINE('',#12588,#2930);
#1810=LINE('',#12589,#2931);
#1811=LINE('',#12591,#2932);
#1812=LINE('',#12594,#2933);
#1813=LINE('',#12595,#2934);
#1814=LINE('',#12598,#2935);
#1815=LINE('',#12601,#2936);
#1816=LINE('',#12602,#2937);
#1817=LINE('',#12604,#2938);
#1818=LINE('',#12606,#2939);
#1819=LINE('',#12608,#2940);
#1820=LINE('',#12609,#2941);
#1821=LINE('',#12612,#2942);
#1822=LINE('',#12614,#2943);
#1823=LINE('',#12615,#2944);
#1824=LINE('',#12619,#2945);
#1825=LINE('',#12620,#2946);
#1826=LINE('',#12623,#2947);
#1827=LINE('',#12624,#2948);
#1828=LINE('',#12626,#2949);
#1829=LINE('',#12628,#2950);
#1830=LINE('',#12632,#2951);
#1831=LINE('',#12633,#2952);
#1832=LINE('',#12636,#2953);
#1833=LINE('',#12637,#2954);
#1834=LINE('',#12639,#2955);
#1835=LINE('',#12642,#2956);
#1836=LINE('',#12643,#2957);
#1837=LINE('',#12645,#2958);
#1838=LINE('',#12647,#2959);
#1839=LINE('',#12648,#2960);
#1840=LINE('',#12651,#2961);
#1841=LINE('',#12653,#2962);
#1842=LINE('',#12654,#2963);
#1843=LINE('',#12657,#2964);
#1844=LINE('',#12658,#2965);
#1845=LINE('',#12660,#2966);
#1846=LINE('',#12661,#2967);
#1847=LINE('',#12665,#2968);
#1848=LINE('',#12666,#2969);
#1849=LINE('',#12670,#2970);
#1850=LINE('',#12671,#2971);
#1851=LINE('',#12672,#2972);
#1852=LINE('',#12675,#2973);
#1853=LINE('',#12676,#2974);
#1854=LINE('',#12679,#2975);
#1855=LINE('',#12681,#2976);
#1856=LINE('',#12683,#2977);
#1857=LINE('',#12685,#2978);
#1858=LINE('',#12687,#2979);
#1859=LINE('',#12690,#2980);
#1860=LINE('',#12693,#2981);
#1861=LINE('',#12695,#2982);
#1862=LINE('',#12699,#2983);
#1863=LINE('',#12703,#2984);
#1864=LINE('',#12704,#2985);
#1865=LINE('',#12706,#2986);
#1866=LINE('',#12707,#2987);
#1867=LINE('',#12709,#2988);
#1868=LINE('',#12711,#2989);
#1869=LINE('',#12713,#2990);
#1870=LINE('',#12714,#2991);
#1871=LINE('',#12716,#2992);
#1872=LINE('',#12717,#2993);
#1873=LINE('',#12720,#2994);
#1874=LINE('',#12721,#2995);
#1875=LINE('',#12723,#2996);
#1876=LINE('',#12725,#2997);
#1877=LINE('',#12727,#2998);
#1878=LINE('',#12728,#2999);
#1879=LINE('',#12733,#3000);
#1880=LINE('',#12735,#3001);
#1881=LINE('',#12738,#3002);
#1882=LINE('',#12740,#3003);
#1883=LINE('',#12741,#3004);
#1884=LINE('',#12743,#3005);
#1885=LINE('',#12745,#3006);
#1886=LINE('',#12748,#3007);
#1887=LINE('',#12749,#3008);
#1888=LINE('',#12751,#3009);
#1889=LINE('',#12754,#3010);
#1890=LINE('',#12756,#3011);
#1891=LINE('',#12759,#3012);
#1892=LINE('',#12760,#3013);
#1893=LINE('',#12763,#3014);
#1894=LINE('',#12765,#3015);
#1895=LINE('',#12766,#3016);
#1896=LINE('',#12770,#3017);
#1897=LINE('',#12771,#3018);
#1898=LINE('',#12773,#3019);
#1899=LINE('',#12776,#3020);
#1900=LINE('',#12777,#3021);
#1901=LINE('',#12779,#3022);
#1902=LINE('',#12782,#3023);
#1903=LINE('',#12784,#3024);
#1904=LINE('',#12786,#3025);
#1905=LINE('',#12787,#3026);
#1906=LINE('',#12789,#3027);
#1907=LINE('',#12791,#3028);
#1908=LINE('',#12793,#3029);
#1909=LINE('',#12797,#3030);
#1910=LINE('',#12800,#3031);
#1911=LINE('',#12802,#3032);
#1912=LINE('',#12804,#3033);
#1913=LINE('',#12807,#3034);
#1914=LINE('',#12810,#3035);
#1915=LINE('',#12811,#3036);
#1916=LINE('',#12812,#3037);
#1917=LINE('',#12816,#3038);
#1918=LINE('',#12817,#3039);
#1919=LINE('',#12819,#3040);
#1920=LINE('',#12821,#3041);
#1921=LINE('',#12823,#3042);
#1922=LINE('',#12824,#3043);
#1923=LINE('',#12827,#3044);
#1924=LINE('',#12830,#3045);
#1925=LINE('',#12833,#3046);
#1926=LINE('',#12835,#3047);
#1927=LINE('',#12837,#3048);
#1928=LINE('',#12844,#3049);
#1929=LINE('',#12846,#3050);
#1930=LINE('',#12847,#3051);
#1931=LINE('',#12849,#3052);
#1932=LINE('',#12850,#3053);
#1933=LINE('',#12852,#3054);
#1934=LINE('',#12854,#3055);
#1935=LINE('',#12855,#3056);
#1936=LINE('',#12857,#3057);
#1937=LINE('',#12859,#3058);
#1938=LINE('',#12863,#3059);
#1939=LINE('',#12867,#3060);
#1940=LINE('',#12868,#3061);
#1941=LINE('',#12869,#3062);
#1942=LINE('',#12872,#3063);
#1943=LINE('',#12873,#3064);
#1944=LINE('',#12876,#3065);
#1945=LINE('',#12877,#3066);
#1946=LINE('',#12879,#3067);
#1947=LINE('',#12880,#3068);
#1948=LINE('',#12883,#3069);
#1949=LINE('',#12885,#3070);
#1950=LINE('',#12887,#3071);
#1951=LINE('',#12889,#3072);
#1952=LINE('',#12890,#3073);
#1953=LINE('',#12892,#3074);
#1954=LINE('',#12896,#3075);
#1955=LINE('',#12900,#3076);
#1956=LINE('',#12901,#3077);
#1957=LINE('',#12903,#3078);
#1958=LINE('',#12904,#3079);
#1959=LINE('',#12907,#3080);
#1960=LINE('',#12908,#3081);
#1961=LINE('',#12910,#3082);
#1962=LINE('',#12914,#3083);
#1963=LINE('',#12916,#3084);
#1964=LINE('',#12917,#3085);
#1965=LINE('',#12920,#3086);
#1966=LINE('',#12921,#3087);
#1967=LINE('',#12924,#3088);
#1968=LINE('',#12925,#3089);
#1969=LINE('',#12927,#3090);
#1970=LINE('',#12930,#3091);
#1971=LINE('',#12931,#3092);
#1972=LINE('',#12933,#3093);
#1973=LINE('',#12936,#3094);
#1974=LINE('',#12937,#3095);
#1975=LINE('',#12940,#3096);
#1976=LINE('',#12941,#3097);
#1977=LINE('',#12942,#3098);
#1978=LINE('',#12943,#3099);
#1979=LINE('',#12944,#3100);
#1980=LINE('',#12946,#3101);
#1981=LINE('',#12948,#3102);
#1982=LINE('',#12950,#3103);
#1983=LINE('',#12952,#3104);
#1984=LINE('',#12954,#3105);
#1985=LINE('',#12956,#3106);
#1986=LINE('',#12958,#3107);
#1987=LINE('',#12960,#3108);
#1988=LINE('',#12962,#3109);
#1989=LINE('',#12964,#3110);
#1990=LINE('',#12966,#3111);
#1991=LINE('',#12968,#3112);
#1992=LINE('',#12970,#3113);
#1993=LINE('',#12972,#3114);
#1994=LINE('',#12974,#3115);
#1995=LINE('',#12975,#3116);
#1996=LINE('',#12977,#3117);
#1997=LINE('',#12978,#3118);
#1998=LINE('',#12980,#3119);
#1999=LINE('',#12981,#3120);
#2000=LINE('',#12983,#3121);
#2001=LINE('',#12985,#3122);
#2002=LINE('',#12986,#3123);
#2003=LINE('',#12989,#3124);
#2004=LINE('',#12990,#3125);
#2005=LINE('',#12992,#3126);
#2006=LINE('',#12993,#3127);
#2007=LINE('',#12995,#3128);
#2008=LINE('',#12996,#3129);
#2009=LINE('',#12998,#3130);
#2010=LINE('',#13000,#3131);
#2011=LINE('',#13001,#3132);
#2012=LINE('',#13004,#3133);
#2013=LINE('',#13006,#3134);
#2014=LINE('',#13007,#3135);
#2015=LINE('',#13009,#3136);
#2016=LINE('',#13012,#3137);
#2017=LINE('',#13014,#3138);
#2018=LINE('',#13016,#3139);
#2019=LINE('',#13022,#3140);
#2020=LINE('',#13026,#3141);
#2021=LINE('',#13027,#3142);
#2022=LINE('',#13029,#3143);
#2023=LINE('',#13033,#3144);
#2024=LINE('',#13034,#3145);
#2025=LINE('',#13035,#3146);
#2026=LINE('',#13038,#3147);
#2027=LINE('',#13039,#3148);
#2028=LINE('',#13041,#3149);
#2029=LINE('',#13044,#3150);
#2030=LINE('',#13045,#3151);
#2031=LINE('',#13048,#3152);
#2032=LINE('',#13049,#3153);
#2033=LINE('',#13051,#3154);
#2034=LINE('',#13054,#3155);
#2035=LINE('',#13055,#3156);
#2036=LINE('',#13057,#3157);
#2037=LINE('',#13060,#3158);
#2038=LINE('',#13061,#3159);
#2039=LINE('',#13063,#3160);
#2040=LINE('',#13064,#3161);
#2041=LINE('',#13066,#3162);
#2042=LINE('',#13068,#3163);
#2043=LINE('',#13070,#3164);
#2044=LINE('',#13073,#3165);
#2045=LINE('',#13075,#3166);
#2046=LINE('',#13076,#3167);
#2047=LINE('',#13078,#3168);
#2048=LINE('',#13080,#3169);
#2049=LINE('',#13082,#3170);
#2050=LINE('',#13084,#3171);
#2051=LINE('',#13086,#3172);
#2052=LINE('',#13088,#3173);
#2053=LINE('',#13090,#3174);
#2054=LINE('',#13092,#3175);
#2055=LINE('',#13094,#3176);
#2056=LINE('',#13096,#3177);
#2057=LINE('',#13098,#3178);
#2058=LINE('',#13100,#3179);
#2059=LINE('',#13102,#3180);
#2060=LINE('',#13104,#3181);
#2061=LINE('',#13106,#3182);
#2062=LINE('',#13107,#3183);
#2063=LINE('',#13108,#3184);
#2064=LINE('',#13109,#3185);
#2065=LINE('',#13111,#3186);
#2066=LINE('',#13112,#3187);
#2067=LINE('',#13113,#3188);
#2068=LINE('',#13115,#3189);
#2069=LINE('',#13116,#3190);
#2070=LINE('',#13118,#3191);
#2071=LINE('',#13119,#3192);
#2072=LINE('',#13121,#3193);
#2073=LINE('',#13123,#3194);
#2074=LINE('',#13124,#3195);
#2075=LINE('',#13126,#3196);
#2076=LINE('',#13127,#3197);
#2077=LINE('',#13129,#3198);
#2078=LINE('',#13131,#3199);
#2079=LINE('',#13134,#3200);
#2080=LINE('',#13135,#3201);
#2081=LINE('',#13137,#3202);
#2082=LINE('',#13139,#3203);
#2083=LINE('',#13140,#3204);
#2084=LINE('',#13142,#3205);
#2085=LINE('',#13144,#3206);
#2086=LINE('',#13145,#3207);
#2087=LINE('',#13147,#3208);
#2088=LINE('',#13149,#3209);
#2089=LINE('',#13151,#3210);
#2090=LINE('',#13154,#3211);
#2091=LINE('',#13156,#3212);
#2092=LINE('',#13157,#3213);
#2093=LINE('',#13160,#3214);
#2094=LINE('',#13163,#3215);
#2095=LINE('',#13164,#3216);
#2096=LINE('',#13166,#3217);
#2097=LINE('',#13169,#3218);
#2098=LINE('',#13170,#3219);
#2099=LINE('',#13172,#3220);
#2100=LINE('',#13173,#3221);
#2101=LINE('',#13176,#3222);
#2102=LINE('',#13178,#3223);
#2103=LINE('',#13180,#3224);
#2104=LINE('',#13183,#3225);
#2105=LINE('',#13184,#3226);
#2106=LINE('',#13186,#3227);
#2107=LINE('',#13189,#3228);
#2108=LINE('',#13191,#3229);
#2109=LINE('',#13192,#3230);
#2110=LINE('',#13196,#3231);
#2111=LINE('',#13197,#3232);
#2112=LINE('',#13203,#3233);
#2113=LINE('',#13205,#3234);
#2114=LINE('',#13208,#3235);
#2115=LINE('',#13209,#3236);
#2116=LINE('',#13211,#3237);
#2117=LINE('',#13213,#3238);
#2118=LINE('',#13214,#3239);
#2119=LINE('',#13216,#3240);
#2120=LINE('',#13217,#3241);
#2121=LINE('',#13219,#3242);
#2122=LINE('',#13221,#3243);
#2123=LINE('',#13222,#3244);
#2124=LINE('',#13224,#3245);
#2125=LINE('',#13225,#3246);
#2126=LINE('',#13227,#3247);
#2127=LINE('',#13229,#3248);
#2128=LINE('',#13232,#3249);
#2129=LINE('',#13234,#3250);
#2130=LINE('',#13238,#3251);
#2131=LINE('',#13242,#3252);
#2132=LINE('',#13243,#3253);
#2133=LINE('',#13246,#3254);
#2134=LINE('',#13250,#3255);
#2135=LINE('',#13252,#3256);
#2136=LINE('',#13254,#3257);
#2137=LINE('',#13256,#3258);
#2138=LINE('',#13261,#3259);
#2139=LINE('',#13266,#3260);
#2140=LINE('',#13268,#3261);
#2141=LINE('',#13273,#3262);
#2142=LINE('',#13275,#3263);
#2143=LINE('',#13280,#3264);
#2144=LINE('',#13281,#3265);
#2145=LINE('',#13286,#3266);
#2146=LINE('',#13288,#3267);
#2147=LINE('',#13291,#3268);
#2148=LINE('',#13297,#3269);
#2149=LINE('',#13299,#3270);
#2150=LINE('',#13303,#3271);
#2151=LINE('',#13305,#3272);
#2152=LINE('',#13306,#3273);
#2153=LINE('',#13308,#3274);
#2154=LINE('',#13310,#3275);
#2155=LINE('',#13311,#3276);
#2156=LINE('',#13316,#3277);
#2157=LINE('',#13317,#3278);
#2158=LINE('',#13319,#3279);
#2159=LINE('',#13321,#3280);
#2160=LINE('',#13323,#3281);
#2161=LINE('',#13325,#3282);
#2162=LINE('',#13326,#3283);
#2163=LINE('',#13329,#3284);
#2164=LINE('',#13332,#3285);
#2165=LINE('',#13334,#3286);
#2166=LINE('',#13335,#3287);
#2167=LINE('',#13338,#3288);
#2168=LINE('',#13339,#3289);
#2169=LINE('',#13342,#3290);
#2170=LINE('',#13343,#3291);
#2171=LINE('',#13346,#3292);
#2172=LINE('',#13347,#3293);
#2173=LINE('',#13350,#3294);
#2174=LINE('',#13351,#3295);
#2175=LINE('',#13354,#3296);
#2176=LINE('',#13355,#3297);
#2177=LINE('',#13358,#3298);
#2178=LINE('',#13359,#3299);
#2179=LINE('',#13362,#3300);
#2180=LINE('',#13363,#3301);
#2181=LINE('',#13366,#3302);
#2182=LINE('',#13367,#3303);
#2183=LINE('',#13374,#3304);
#2184=LINE('',#13377,#3305);
#2185=LINE('',#13380,#3306);
#2186=VECTOR('',#8921,10.);
#2187=VECTOR('',#8922,10.);
#2188=VECTOR('',#8923,10.);
#2189=VECTOR('',#8924,10.);
#2190=VECTOR('',#8927,10.);
#2191=VECTOR('',#8928,10.);
#2192=VECTOR('',#8929,10.);
#2193=VECTOR('',#8930,10.);
#2194=VECTOR('',#8931,10.);
#2195=VECTOR('',#8932,10.);
#2196=VECTOR('',#8933,10.);
#2197=VECTOR('',#8934,10.);
#2198=VECTOR('',#8935,10.);
#2199=VECTOR('',#8936,10.);
#2200=VECTOR('',#8937,10.);
#2201=VECTOR('',#8938,10.);
#2202=VECTOR('',#8939,10.);
#2203=VECTOR('',#8940,10.);
#2204=VECTOR('',#8941,10.);
#2205=VECTOR('',#8942,10.);
#2206=VECTOR('',#8943,10.);
#2207=VECTOR('',#8944,10.);
#2208=VECTOR('',#8945,10.);
#2209=VECTOR('',#8946,10.);
#2210=VECTOR('',#8947,10.);
#2211=VECTOR('',#8948,10.);
#2212=VECTOR('',#8949,10.);
#2213=VECTOR('',#8950,10.);
#2214=VECTOR('',#8951,10.);
#2215=VECTOR('',#8952,10.);
#2216=VECTOR('',#8953,10.);
#2217=VECTOR('',#8954,10.);
#2218=VECTOR('',#8955,10.);
#2219=VECTOR('',#8956,10.);
#2220=VECTOR('',#8957,10.);
#2221=VECTOR('',#8958,10.);
#2222=VECTOR('',#8959,10.);
#2223=VECTOR('',#8960,10.);
#2224=VECTOR('',#8963,10.);
#2225=VECTOR('',#8964,10.);
#2226=VECTOR('',#8965,10.);
#2227=VECTOR('',#8968,10.);
#2228=VECTOR('',#8969,10.);
#2229=VECTOR('',#8970,10.);
#2230=VECTOR('',#8971,10.);
#2231=VECTOR('',#8972,10.);
#2232=VECTOR('',#8973,10.);
#2233=VECTOR('',#8974,10.);
#2234=VECTOR('',#8975,10.);
#2235=VECTOR('',#8976,10.);
#2236=VECTOR('',#8977,10.);
#2237=VECTOR('',#8978,10.);
#2238=VECTOR('',#8979,10.);
#2239=VECTOR('',#8980,10.);
#2240=VECTOR('',#8981,10.);
#2241=VECTOR('',#8982,10.);
#2242=VECTOR('',#8983,10.);
#2243=VECTOR('',#8984,10.);
#2244=VECTOR('',#8985,10.);
#2245=VECTOR('',#8986,10.);
#2246=VECTOR('',#8987,10.);
#2247=VECTOR('',#8988,10.);
#2248=VECTOR('',#8989,10.);
#2249=VECTOR('',#8990,10.);
#2250=VECTOR('',#8991,10.);
#2251=VECTOR('',#8992,10.);
#2252=VECTOR('',#8993,10.);
#2253=VECTOR('',#8994,10.);
#2254=VECTOR('',#8995,10.);
#2255=VECTOR('',#8996,10.);
#2256=VECTOR('',#8997,10.);
#2257=VECTOR('',#8998,10.);
#2258=VECTOR('',#8999,10.);
#2259=VECTOR('',#9000,10.);
#2260=VECTOR('',#9001,10.);
#2261=VECTOR('',#9002,10.);
#2262=VECTOR('',#9003,10.);
#2263=VECTOR('',#9004,10.);
#2264=VECTOR('',#9005,10.);
#2265=VECTOR('',#9006,10.);
#2266=VECTOR('',#9007,10.);
#2267=VECTOR('',#9008,10.);
#2268=VECTOR('',#9009,10.);
#2269=VECTOR('',#9010,10.);
#2270=VECTOR('',#9011,10.);
#2271=VECTOR('',#9012,10.);
#2272=VECTOR('',#9013,10.);
#2273=VECTOR('',#9014,10.);
#2274=VECTOR('',#9015,10.);
#2275=VECTOR('',#9016,10.);
#2276=VECTOR('',#9017,10.);
#2277=VECTOR('',#9018,10.);
#2278=VECTOR('',#9019,10.);
#2279=VECTOR('',#9020,10.);
#2280=VECTOR('',#9021,10.);
#2281=VECTOR('',#9022,10.);
#2282=VECTOR('',#9023,10.);
#2283=VECTOR('',#9024,10.);
#2284=VECTOR('',#9025,10.);
#2285=VECTOR('',#9026,10.);
#2286=VECTOR('',#9027,10.);
#2287=VECTOR('',#9028,10.);
#2288=VECTOR('',#9029,10.);
#2289=VECTOR('',#9030,10.);
#2290=VECTOR('',#9031,10.);
#2291=VECTOR('',#9032,10.);
#2292=VECTOR('',#9033,10.);
#2293=VECTOR('',#9034,10.);
#2294=VECTOR('',#9035,10.);
#2295=VECTOR('',#9036,10.);
#2296=VECTOR('',#9037,10.);
#2297=VECTOR('',#9038,10.);
#2298=VECTOR('',#9039,10.);
#2299=VECTOR('',#9040,10.);
#2300=VECTOR('',#9041,10.);
#2301=VECTOR('',#9042,10.);
#2302=VECTOR('',#9043,10.);
#2303=VECTOR('',#9044,10.);
#2304=VECTOR('',#9045,10.);
#2305=VECTOR('',#9046,10.);
#2306=VECTOR('',#9047,10.);
#2307=VECTOR('',#9048,10.);
#2308=VECTOR('',#9049,10.);
#2309=VECTOR('',#9050,10.);
#2310=VECTOR('',#9051,10.);
#2311=VECTOR('',#9052,10.);
#2312=VECTOR('',#9053,10.);
#2313=VECTOR('',#9054,10.);
#2314=VECTOR('',#9055,10.);
#2315=VECTOR('',#9056,10.);
#2316=VECTOR('',#9057,10.);
#2317=VECTOR('',#9058,10.);
#2318=VECTOR('',#9059,10.);
#2319=VECTOR('',#9060,10.);
#2320=VECTOR('',#9061,10.);
#2321=VECTOR('',#9062,10.);
#2322=VECTOR('',#9063,10.);
#2323=VECTOR('',#9064,10.);
#2324=VECTOR('',#9065,10.);
#2325=VECTOR('',#9066,10.);
#2326=VECTOR('',#9067,10.);
#2327=VECTOR('',#9068,10.);
#2328=VECTOR('',#9069,10.);
#2329=VECTOR('',#9072,10.);
#2330=VECTOR('',#9079,10.);
#2331=VECTOR('',#9080,10.);
#2332=VECTOR('',#9081,10.);
#2333=VECTOR('',#9082,10.);
#2334=VECTOR('',#9083,10.);
#2335=VECTOR('',#9084,10.);
#2336=VECTOR('',#9085,10.);
#2337=VECTOR('',#9086,10.);
#2338=VECTOR('',#9087,10.);
#2339=VECTOR('',#9088,10.);
#2340=VECTOR('',#9089,10.);
#2341=VECTOR('',#9090,10.);
#2342=VECTOR('',#9091,10.);
#2343=VECTOR('',#9092,10.);
#2344=VECTOR('',#9093,10.);
#2345=VECTOR('',#9094,10.);
#2346=VECTOR('',#9095,10.);
#2347=VECTOR('',#9096,10.);
#2348=VECTOR('',#9097,10.);
#2349=VECTOR('',#9098,10.);
#2350=VECTOR('',#9099,10.);
#2351=VECTOR('',#9100,10.);
#2352=VECTOR('',#9101,10.);
#2353=VECTOR('',#9102,10.);
#2354=VECTOR('',#9103,10.);
#2355=VECTOR('',#9104,10.);
#2356=VECTOR('',#9105,10.);
#2357=VECTOR('',#9106,10.);
#2358=VECTOR('',#9107,10.);
#2359=VECTOR('',#9108,10.);
#2360=VECTOR('',#9109,10.);
#2361=VECTOR('',#9110,10.);
#2362=VECTOR('',#9111,10.);
#2363=VECTOR('',#9112,10.);
#2364=VECTOR('',#9113,10.);
#2365=VECTOR('',#9114,10.);
#2366=VECTOR('',#9115,10.);
#2367=VECTOR('',#9118,10.);
#2368=VECTOR('',#9121,10.);
#2369=VECTOR('',#9122,10.);
#2370=VECTOR('',#9123,10.);
#2371=VECTOR('',#9126,10.);
#2372=VECTOR('',#9127,10.);
#2373=VECTOR('',#9128,10.);
#2374=VECTOR('',#9131,10.);
#2375=VECTOR('',#9132,10.);
#2376=VECTOR('',#9135,10.);
#2377=VECTOR('',#9136,10.);
#2378=VECTOR('',#9137,10.);
#2379=VECTOR('',#9138,10.);
#2380=VECTOR('',#9139,10.);
#2381=VECTOR('',#9140,10.);
#2382=VECTOR('',#9141,10.);
#2383=VECTOR('',#9142,10.);
#2384=VECTOR('',#9143,10.);
#2385=VECTOR('',#9144,10.);
#2386=VECTOR('',#9145,10.);
#2387=VECTOR('',#9146,10.);
#2388=VECTOR('',#9147,10.);
#2389=VECTOR('',#9148,10.);
#2390=VECTOR('',#9149,10.);
#2391=VECTOR('',#9150,10.);
#2392=VECTOR('',#9151,10.);
#2393=VECTOR('',#9152,10.);
#2394=VECTOR('',#9153,10.);
#2395=VECTOR('',#9154,10.);
#2396=VECTOR('',#9155,10.);
#2397=VECTOR('',#9156,10.);
#2398=VECTOR('',#9157,10.);
#2399=VECTOR('',#9158,10.);
#2400=VECTOR('',#9159,10.);
#2401=VECTOR('',#9160,10.);
#2402=VECTOR('',#9161,10.);
#2403=VECTOR('',#9162,10.);
#2404=VECTOR('',#9163,10.);
#2405=VECTOR('',#9164,10.);
#2406=VECTOR('',#9165,10.);
#2407=VECTOR('',#9166,10.);
#2408=VECTOR('',#9167,10.);
#2409=VECTOR('',#9168,10.);
#2410=VECTOR('',#9169,10.);
#2411=VECTOR('',#9170,10.);
#2412=VECTOR('',#9171,10.);
#2413=VECTOR('',#9172,10.);
#2414=VECTOR('',#9173,10.);
#2415=VECTOR('',#9174,10.);
#2416=VECTOR('',#9175,10.);
#2417=VECTOR('',#9176,10.);
#2418=VECTOR('',#9177,10.);
#2419=VECTOR('',#9178,10.);
#2420=VECTOR('',#9179,10.);
#2421=VECTOR('',#9180,10.);
#2422=VECTOR('',#9181,10.);
#2423=VECTOR('',#9182,10.);
#2424=VECTOR('',#9183,10.);
#2425=VECTOR('',#9184,10.);
#2426=VECTOR('',#9185,10.);
#2427=VECTOR('',#9186,10.);
#2428=VECTOR('',#9191,10.);
#2429=VECTOR('',#9194,10.);
#2430=VECTOR('',#9195,10.);
#2431=VECTOR('',#9196,10.);
#2432=VECTOR('',#9197,10.);
#2433=VECTOR('',#9198,10.);
#2434=VECTOR('',#9199,10.);
#2435=VECTOR('',#9200,10.);
#2436=VECTOR('',#9201,10.);
#2437=VECTOR('',#9202,10.);
#2438=VECTOR('',#9203,10.);
#2439=VECTOR('',#9204,10.);
#2440=VECTOR('',#9205,10.);
#2441=VECTOR('',#9206,10.);
#2442=VECTOR('',#9207,10.);
#2443=VECTOR('',#9208,10.);
#2444=VECTOR('',#9209,10.);
#2445=VECTOR('',#9210,10.);
#2446=VECTOR('',#9211,10.);
#2447=VECTOR('',#9212,10.);
#2448=VECTOR('',#9213,10.);
#2449=VECTOR('',#9214,10.);
#2450=VECTOR('',#9215,10.);
#2451=VECTOR('',#9216,10.);
#2452=VECTOR('',#9217,10.);
#2453=VECTOR('',#9218,10.);
#2454=VECTOR('',#9219,10.);
#2455=VECTOR('',#9222,10.);
#2456=VECTOR('',#9223,10.);
#2457=VECTOR('',#9224,10.);
#2458=VECTOR('',#9227,10.);
#2459=VECTOR('',#9228,10.);
#2460=VECTOR('',#9231,10.);
#2461=VECTOR('',#9232,10.);
#2462=VECTOR('',#9233,10.);
#2463=VECTOR('',#9236,10.);
#2464=VECTOR('',#9237,10.);
#2465=VECTOR('',#9238,10.);
#2466=VECTOR('',#9241,10.);
#2467=VECTOR('',#9242,10.);
#2468=VECTOR('',#9243,10.);
#2469=VECTOR('',#9246,10.);
#2470=VECTOR('',#9247,10.);
#2471=VECTOR('',#9248,10.);
#2472=VECTOR('',#9251,10.);
#2473=VECTOR('',#9252,10.);
#2474=VECTOR('',#9253,10.);
#2475=VECTOR('',#9256,10.);
#2476=VECTOR('',#9257,10.);
#2477=VECTOR('',#9258,10.);
#2478=VECTOR('',#9261,10.);
#2479=VECTOR('',#9262,10.);
#2480=VECTOR('',#9263,10.);
#2481=VECTOR('',#9266,10.);
#2482=VECTOR('',#9267,10.);
#2483=VECTOR('',#9268,10.);
#2484=VECTOR('',#9271,10.);
#2485=VECTOR('',#9272,10.);
#2486=VECTOR('',#9273,10.);
#2487=VECTOR('',#9276,10.);
#2488=VECTOR('',#9279,10.);
#2489=VECTOR('',#9282,10.);
#2490=VECTOR('',#9285,10.);
#2491=VECTOR('',#9288,10.);
#2492=VECTOR('',#9291,10.);
#2493=VECTOR('',#9294,10.);
#2494=VECTOR('',#9297,10.);
#2495=VECTOR('',#9300,10.);
#2496=VECTOR('',#9303,10.);
#2497=VECTOR('',#9306,10.);
#2498=VECTOR('',#9309,10.);
#2499=VECTOR('',#9312,10.);
#2500=VECTOR('',#9313,10.);
#2501=VECTOR('',#9316,10.);
#2502=VECTOR('',#9317,10.);
#2503=VECTOR('',#9320,10.);
#2504=VECTOR('',#9321,10.);
#2505=VECTOR('',#9322,10.);
#2506=VECTOR('',#9323,10.);
#2507=VECTOR('',#9326,10.);
#2508=VECTOR('',#9327,10.);
#2509=VECTOR('',#9330,10.);
#2510=VECTOR('',#9331,10.);
#2511=VECTOR('',#9334,10.);
#2512=VECTOR('',#9335,10.);
#2513=VECTOR('',#9338,10.);
#2514=VECTOR('',#9339,10.);
#2515=VECTOR('',#9342,10.);
#2516=VECTOR('',#9343,10.);
#2517=VECTOR('',#9346,10.);
#2518=VECTOR('',#9347,10.);
#2519=VECTOR('',#9350,10.);
#2520=VECTOR('',#9351,10.);
#2521=VECTOR('',#9354,10.);
#2522=VECTOR('',#9355,10.);
#2523=VECTOR('',#9358,10.);
#2524=VECTOR('',#9359,10.);
#2525=VECTOR('',#9362,10.);
#2526=VECTOR('',#9363,10.);
#2527=VECTOR('',#9366,10.);
#2528=VECTOR('',#9367,10.);
#2529=VECTOR('',#9370,10.);
#2530=VECTOR('',#9371,10.);
#2531=VECTOR('',#9372,10.);
#2532=VECTOR('',#9375,10.);
#2533=VECTOR('',#9376,10.);
#2534=VECTOR('',#9377,10.);
#2535=VECTOR('',#9380,10.);
#2536=VECTOR('',#9381,10.);
#2537=VECTOR('',#9384,10.);
#2538=VECTOR('',#9385,2.60000000000001);
#2539=VECTOR('',#9388,10.);
#2540=VECTOR('',#9391,10.);
#2541=VECTOR('',#9394,10.);
#2542=VECTOR('',#9397,10.);
#2543=VECTOR('',#9400,10.);
#2544=VECTOR('',#9401,10.);
#2545=VECTOR('',#9402,10.);
#2546=VECTOR('',#9403,10.);
#2547=VECTOR('',#9406,10.);
#2548=VECTOR('',#9407,10.);
#2549=VECTOR('',#9410,10.);
#2550=VECTOR('',#9413,10.);
#2551=VECTOR('',#9416,10.);
#2552=VECTOR('',#9419,10.);
#2553=VECTOR('',#9422,10.);
#2554=VECTOR('',#9425,10.);
#2555=VECTOR('',#9428,10.);
#2556=VECTOR('',#9431,10.);
#2557=VECTOR('',#9434,10.);
#2558=VECTOR('',#9437,10.);
#2559=VECTOR('',#9440,10.);
#2560=VECTOR('',#9443,10.);
#2561=VECTOR('',#9446,10.);
#2562=VECTOR('',#9449,10.);
#2563=VECTOR('',#9450,10.);
#2564=VECTOR('',#9453,10.);
#2565=VECTOR('',#9454,10.);
#2566=VECTOR('',#9457,10.);
#2567=VECTOR('',#9460,10.);
#2568=VECTOR('',#9461,10.);
#2569=VECTOR('',#9462,10.);
#2570=VECTOR('',#9463,10.);
#2571=VECTOR('',#9466,10.);
#2572=VECTOR('',#9467,10.);
#2573=VECTOR('',#9470,10.);
#2574=VECTOR('',#9471,10.);
#2575=VECTOR('',#9472,10.);
#2576=VECTOR('',#9473,10.);
#2577=VECTOR('',#9476,10.);
#2578=VECTOR('',#9477,10.);
#2579=VECTOR('',#9478,10.);
#2580=VECTOR('',#9481,10.);
#2581=VECTOR('',#9482,10.);
#2582=VECTOR('',#9483,10.);
#2583=VECTOR('',#9486,10.);
#2584=VECTOR('',#9487,10.);
#2585=VECTOR('',#9488,10.);
#2586=VECTOR('',#9489,10.);
#2587=VECTOR('',#9492,10.);
#2588=VECTOR('',#9493,10.);
#2589=VECTOR('',#9494,10.);
#2590=VECTOR('',#9495,10.);
#2591=VECTOR('',#9502,10.);
#2592=VECTOR('',#9507,10.);
#2593=VECTOR('',#9514,10.);
#2594=VECTOR('',#9515,10.);
#2595=VECTOR('',#9522,10.);
#2596=VECTOR('',#9523,10.);
#2597=VECTOR('',#9528,10.);
#2598=VECTOR('',#9529,10.);
#2599=VECTOR('',#9530,10.);
#2600=VECTOR('',#9531,10.);
#2601=VECTOR('',#9532,10.);
#2602=VECTOR('',#9533,10.);
#2603=VECTOR('',#9534,10.);
#2604=VECTOR('',#9535,10.);
#2605=VECTOR('',#9536,10.);
#2606=VECTOR('',#9537,10.);
#2607=VECTOR('',#9538,10.);
#2608=VECTOR('',#9539,10.);
#2609=VECTOR('',#9540,10.);
#2610=VECTOR('',#9541,10.);
#2611=VECTOR('',#9542,10.);
#2612=VECTOR('',#9543,10.);
#2613=VECTOR('',#9544,10.);
#2614=VECTOR('',#9545,10.);
#2615=VECTOR('',#9546,10.);
#2616=VECTOR('',#9547,10.);
#2617=VECTOR('',#9548,10.);
#2618=VECTOR('',#9549,10.);
#2619=VECTOR('',#9550,10.);
#2620=VECTOR('',#9551,10.);
#2621=VECTOR('',#9552,10.);
#2622=VECTOR('',#9553,10.);
#2623=VECTOR('',#9554,10.);
#2624=VECTOR('',#9555,10.);
#2625=VECTOR('',#9556,10.);
#2626=VECTOR('',#9557,10.);
#2627=VECTOR('',#9558,10.);
#2628=VECTOR('',#9559,10.);
#2629=VECTOR('',#9560,10.);
#2630=VECTOR('',#9561,10.);
#2631=VECTOR('',#9562,10.);
#2632=VECTOR('',#9563,10.);
#2633=VECTOR('',#9564,10.);
#2634=VECTOR('',#9565,10.);
#2635=VECTOR('',#9566,10.);
#2636=VECTOR('',#9567,10.);
#2637=VECTOR('',#9568,10.);
#2638=VECTOR('',#9569,10.);
#2639=VECTOR('',#9570,10.);
#2640=VECTOR('',#9571,10.);
#2641=VECTOR('',#9572,10.);
#2642=VECTOR('',#9573,10.);
#2643=VECTOR('',#9574,10.);
#2644=VECTOR('',#9575,10.);
#2645=VECTOR('',#9576,10.);
#2646=VECTOR('',#9577,10.);
#2647=VECTOR('',#9578,10.);
#2648=VECTOR('',#9579,10.);
#2649=VECTOR('',#9580,10.);
#2650=VECTOR('',#9581,10.);
#2651=VECTOR('',#9582,10.);
#2652=VECTOR('',#9583,10.);
#2653=VECTOR('',#9584,10.);
#2654=VECTOR('',#9585,10.);
#2655=VECTOR('',#9586,10.);
#2656=VECTOR('',#9587,10.);
#2657=VECTOR('',#9588,10.);
#2658=VECTOR('',#9589,10.);
#2659=VECTOR('',#9590,10.);
#2660=VECTOR('',#9591,10.);
#2661=VECTOR('',#9592,10.);
#2662=VECTOR('',#9593,10.);
#2663=VECTOR('',#9594,10.);
#2664=VECTOR('',#9595,10.);
#2665=VECTOR('',#9596,10.);
#2666=VECTOR('',#9597,10.);
#2667=VECTOR('',#9598,10.);
#2668=VECTOR('',#9601,10.);
#2669=VECTOR('',#9602,10.);
#2670=VECTOR('',#9603,10.);
#2671=VECTOR('',#9604,10.);
#2672=VECTOR('',#9605,10.);
#2673=VECTOR('',#9608,10.);
#2674=VECTOR('',#9609,10.);
#2675=VECTOR('',#9612,10.);
#2676=VECTOR('',#9615,10.);
#2677=VECTOR('',#9616,10.);
#2678=VECTOR('',#9617,10.);
#2679=VECTOR('',#9620,10.);
#2680=VECTOR('',#9621,10.);
#2681=VECTOR('',#9624,10.);
#2682=VECTOR('',#9625,10.);
#2683=VECTOR('',#9628,10.);
#2684=VECTOR('',#9629,10.);
#2685=VECTOR('',#9632,10.);
#2686=VECTOR('',#9635,10.);
#2687=VECTOR('',#9636,10.);
#2688=VECTOR('',#9637,10.);
#2689=VECTOR('',#9640,10.);
#2690=VECTOR('',#9641,10.);
#2691=VECTOR('',#9642,10.);
#2692=VECTOR('',#9645,10.);
#2693=VECTOR('',#9646,10.);
#2694=VECTOR('',#9649,10.);
#2695=VECTOR('',#9650,10.);
#2696=VECTOR('',#9651,10.);
#2697=VECTOR('',#9652,10.);
#2698=VECTOR('',#9653,10.);
#2699=VECTOR('',#9654,10.);
#2700=VECTOR('',#9655,10.);
#2701=VECTOR('',#9656,10.);
#2702=VECTOR('',#9657,10.);
#2703=VECTOR('',#9658,10.);
#2704=VECTOR('',#9659,10.);
#2705=VECTOR('',#9660,10.);
#2706=VECTOR('',#9661,10.);
#2707=VECTOR('',#9662,10.);
#2708=VECTOR('',#9663,10.);
#2709=VECTOR('',#9664,10.);
#2710=VECTOR('',#9665,10.);
#2711=VECTOR('',#9666,10.);
#2712=VECTOR('',#9667,10.);
#2713=VECTOR('',#9668,10.);
#2714=VECTOR('',#9669,10.);
#2715=VECTOR('',#9670,10.);
#2716=VECTOR('',#9671,10.);
#2717=VECTOR('',#9672,10.);
#2718=VECTOR('',#9673,10.);
#2719=VECTOR('',#9674,10.);
#2720=VECTOR('',#9675,10.);
#2721=VECTOR('',#9676,10.);
#2722=VECTOR('',#9677,10.);
#2723=VECTOR('',#9678,10.);
#2724=VECTOR('',#9679,10.);
#2725=VECTOR('',#9680,10.);
#2726=VECTOR('',#9681,10.);
#2727=VECTOR('',#9682,10.);
#2728=VECTOR('',#9683,10.);
#2729=VECTOR('',#9684,10.);
#2730=VECTOR('',#9685,10.);
#2731=VECTOR('',#9686,10.);
#2732=VECTOR('',#9687,10.);
#2733=VECTOR('',#9688,10.);
#2734=VECTOR('',#9689,10.);
#2735=VECTOR('',#9690,10.);
#2736=VECTOR('',#9691,10.);
#2737=VECTOR('',#9692,10.);
#2738=VECTOR('',#9693,10.);
#2739=VECTOR('',#9694,10.);
#2740=VECTOR('',#9695,10.);
#2741=VECTOR('',#9696,10.);
#2742=VECTOR('',#9697,10.);
#2743=VECTOR('',#9698,10.);
#2744=VECTOR('',#9699,10.);
#2745=VECTOR('',#9700,10.);
#2746=VECTOR('',#9701,10.);
#2747=VECTOR('',#9702,10.);
#2748=VECTOR('',#9703,10.);
#2749=VECTOR('',#9704,10.);
#2750=VECTOR('',#9705,10.);
#2751=VECTOR('',#9706,10.);
#2752=VECTOR('',#9707,10.);
#2753=VECTOR('',#9708,10.);
#2754=VECTOR('',#9709,10.);
#2755=VECTOR('',#9710,10.);
#2756=VECTOR('',#9711,10.);
#2757=VECTOR('',#9712,10.);
#2758=VECTOR('',#9713,10.);
#2759=VECTOR('',#9714,10.);
#2760=VECTOR('',#9715,10.);
#2761=VECTOR('',#9716,10.);
#2762=VECTOR('',#9717,10.);
#2763=VECTOR('',#9718,10.);
#2764=VECTOR('',#9719,10.);
#2765=VECTOR('',#9720,10.);
#2766=VECTOR('',#9721,10.);
#2767=VECTOR('',#9722,10.);
#2768=VECTOR('',#9723,10.);
#2769=VECTOR('',#9724,10.);
#2770=VECTOR('',#9725,10.);
#2771=VECTOR('',#9726,10.);
#2772=VECTOR('',#9727,10.);
#2773=VECTOR('',#9728,10.);
#2774=VECTOR('',#9729,10.);
#2775=VECTOR('',#9730,10.);
#2776=VECTOR('',#9731,10.);
#2777=VECTOR('',#9732,10.);
#2778=VECTOR('',#9733,10.);
#2779=VECTOR('',#9734,10.);
#2780=VECTOR('',#9735,10.);
#2781=VECTOR('',#9736,10.);
#2782=VECTOR('',#9737,10.);
#2783=VECTOR('',#9738,10.);
#2784=VECTOR('',#9739,10.);
#2785=VECTOR('',#9740,10.);
#2786=VECTOR('',#9741,10.);
#2787=VECTOR('',#9742,10.);
#2788=VECTOR('',#9743,10.);
#2789=VECTOR('',#9744,10.);
#2790=VECTOR('',#9745,10.);
#2791=VECTOR('',#9746,10.);
#2792=VECTOR('',#9747,10.);
#2793=VECTOR('',#9748,10.);
#2794=VECTOR('',#9749,10.);
#2795=VECTOR('',#9750,10.);
#2796=VECTOR('',#9751,10.);
#2797=VECTOR('',#9752,10.);
#2798=VECTOR('',#9753,10.);
#2799=VECTOR('',#9754,10.);
#2800=VECTOR('',#9755,10.);
#2801=VECTOR('',#9756,10.);
#2802=VECTOR('',#9757,10.);
#2803=VECTOR('',#9758,10.);
#2804=VECTOR('',#9759,10.);
#2805=VECTOR('',#9760,10.);
#2806=VECTOR('',#9761,10.);
#2807=VECTOR('',#9764,10.);
#2808=VECTOR('',#9765,10.);
#2809=VECTOR('',#9768,10.);
#2810=VECTOR('',#9771,10.);
#2811=VECTOR('',#9774,10.);
#2812=VECTOR('',#9775,10.);
#2813=VECTOR('',#9776,10.);
#2814=VECTOR('',#9779,10.);
#2815=VECTOR('',#9782,10.);
#2816=VECTOR('',#9785,10.);
#2817=VECTOR('',#9788,10.);
#2818=VECTOR('',#9789,10.);
#2819=VECTOR('',#9792,10.);
#2820=VECTOR('',#9793,10.);
#2821=VECTOR('',#9796,10.);
#2822=VECTOR('',#9797,10.);
#2823=VECTOR('',#9800,10.);
#2824=VECTOR('',#9801,10.);
#2825=VECTOR('',#9804,10.);
#2826=VECTOR('',#9807,10.);
#2827=VECTOR('',#9808,10.);
#2828=VECTOR('',#9811,10.);
#2829=VECTOR('',#9816,10.);
#2830=VECTOR('',#9817,10.);
#2831=VECTOR('',#9820,10.);
#2832=VECTOR('',#9821,10.);
#2833=VECTOR('',#9824,10.);
#2834=VECTOR('',#9827,10.);
#2835=VECTOR('',#9828,10.);
#2836=VECTOR('',#9831,10.);
#2837=VECTOR('',#9834,10.);
#2838=VECTOR('',#9835,10.);
#2839=VECTOR('',#9838,10.);
#2840=VECTOR('',#9841,10.);
#2841=VECTOR('',#9844,10.);
#2842=VECTOR('',#9845,10.);
#2843=VECTOR('',#9848,10.);
#2844=VECTOR('',#9849,10.);
#2845=VECTOR('',#9852,10.);
#2846=VECTOR('',#9853,10.);
#2847=VECTOR('',#9856,10.);
#2848=VECTOR('',#9857,10.);
#2849=VECTOR('',#9860,10.);
#2850=VECTOR('',#9861,10.);
#2851=VECTOR('',#9864,10.);
#2852=VECTOR('',#9867,10.);
#2853=VECTOR('',#9868,10.);
#2854=VECTOR('',#9871,10.);
#2855=VECTOR('',#9876,10.);
#2856=VECTOR('',#9879,10.);
#2857=VECTOR('',#9880,10.);
#2858=VECTOR('',#9883,10.);
#2859=VECTOR('',#9886,10.);
#2860=VECTOR('',#9889,10.);
#2861=VECTOR('',#9890,10.);
#2862=VECTOR('',#9895,10.);
#2863=VECTOR('',#9896,10.);
#2864=VECTOR('',#9899,10.);
#2865=VECTOR('',#9902,10.);
#2866=VECTOR('',#9905,10.);
#2867=VECTOR('',#9908,10.);
#2868=VECTOR('',#9913,10.);
#2869=VECTOR('',#9914,10.);
#2870=VECTOR('',#9917,10.);
#2871=VECTOR('',#9918,10.);
#2872=VECTOR('',#9921,10.);
#2873=VECTOR('',#9926,10.);
#2874=VECTOR('',#9927,10.);
#2875=VECTOR('',#9930,10.);
#2876=VECTOR('',#9935,10.);
#2877=VECTOR('',#9942,10.);
#2878=VECTOR('',#9945,10.);
#2879=VECTOR('',#9948,10.);
#2880=VECTOR('',#9949,10.);
#2881=VECTOR('',#9954,10.);
#2882=VECTOR('',#9955,10.);
#2883=VECTOR('',#9960,10.);
#2884=VECTOR('',#9963,10.);
#2885=VECTOR('',#9964,10.);
#2886=VECTOR('',#9967,10.);
#2887=VECTOR('',#9968,10.);
#2888=VECTOR('',#9971,10.);
#2889=VECTOR('',#9974,10.);
#2890=VECTOR('',#9975,10.);
#2891=VECTOR('',#9976,10.);
#2892=VECTOR('',#9979,10.);
#2893=VECTOR('',#9980,10.);
#2894=VECTOR('',#9983,10.);
#2895=VECTOR('',#9986,10.);
#2896=VECTOR('',#9987,10.);
#2897=VECTOR('',#9988,10.);
#2898=VECTOR('',#9993,10.);
#2899=VECTOR('',#9994,10.);
#2900=VECTOR('',#9997,10.);
#2901=VECTOR('',#10000,10.);
#2902=VECTOR('',#10001,10.);
#2903=VECTOR('',#10002,10.);
#2904=VECTOR('',#10005,10.);
#2905=VECTOR('',#10006,10.);
#2906=VECTOR('',#10007,10.);
#2907=VECTOR('',#10012,10.);
#2908=VECTOR('',#10013,10.);
#2909=VECTOR('',#10016,10.);
#2910=VECTOR('',#10019,10.);
#2911=VECTOR('',#10020,10.);
#2912=VECTOR('',#10021,10.);
#2913=VECTOR('',#10024,10.);
#2914=VECTOR('',#10025,10.);
#2915=VECTOR('',#10028,10.);
#2916=VECTOR('',#10029,10.);
#2917=VECTOR('',#10032,10.);
#2918=VECTOR('',#10033,10.);
#2919=VECTOR('',#10036,10.);
#2920=VECTOR('',#10037,10.);
#2921=VECTOR('',#10038,10.);
#2922=VECTOR('',#10041,10.);
#2923=VECTOR('',#10044,10.);
#2924=VECTOR('',#10045,10.);
#2925=VECTOR('',#10048,10.);
#2926=VECTOR('',#10049,10.);
#2927=VECTOR('',#10052,10.);
#2928=VECTOR('',#10055,10.);
#2929=VECTOR('',#10056,10.);
#2930=VECTOR('',#10059,10.);
#2931=VECTOR('',#10060,10.);
#2932=VECTOR('',#10063,10.);
#2933=VECTOR('',#10066,10.);
#2934=VECTOR('',#10067,10.);
#2935=VECTOR('',#10072,10.);
#2936=VECTOR('',#10075,10.);
#2937=VECTOR('',#10076,10.);
#2938=VECTOR('',#10079,10.);
#2939=VECTOR('',#10082,10.);
#2940=VECTOR('',#10085,10.);
#2941=VECTOR('',#10086,10.);
#2942=VECTOR('',#10091,10.);
#2943=VECTOR('',#10092,10.);
#2944=VECTOR('',#10093,10.);
#2945=VECTOR('',#10098,10.);
#2946=VECTOR('',#10099,10.);
#2947=VECTOR('',#10102,10.);
#2948=VECTOR('',#10103,10.);
#2949=VECTOR('',#10106,10.);
#2950=VECTOR('',#10109,10.);
#2951=VECTOR('',#10114,10.);
#2952=VECTOR('',#10115,10.);
#2953=VECTOR('',#10118,10.);
#2954=VECTOR('',#10119,10.);
#2955=VECTOR('',#10122,10.);
#2956=VECTOR('',#10125,10.);
#2957=VECTOR('',#10126,10.);
#2958=VECTOR('',#10129,10.);
#2959=VECTOR('',#10132,10.);
#2960=VECTOR('',#10133,10.);
#2961=VECTOR('',#10136,10.);
#2962=VECTOR('',#10137,10.);
#2963=VECTOR('',#10138,10.);
#2964=VECTOR('',#10141,10.);
#2965=VECTOR('',#10142,10.);
#2966=VECTOR('',#10145,10.);
#2967=VECTOR('',#10146,10.);
#2968=VECTOR('',#10151,10.);
#2969=VECTOR('',#10152,10.);
#2970=VECTOR('',#10155,10.);
#2971=VECTOR('',#10156,10.);
#2972=VECTOR('',#10157,10.);
#2973=VECTOR('',#10160,10.);
#2974=VECTOR('',#10161,10.);
#2975=VECTOR('',#10166,10.);
#2976=VECTOR('',#10169,10.);
#2977=VECTOR('',#10172,10.);
#2978=VECTOR('',#10175,10.);
#2979=VECTOR('',#10178,10.);
#2980=VECTOR('',#10183,10.);
#2981=VECTOR('',#10188,10.);
#2982=VECTOR('',#10191,10.);
#2983=VECTOR('',#10198,10.);
#2984=VECTOR('',#10205,10.);
#2985=VECTOR('',#10206,10.);
#2986=VECTOR('',#10209,10.);
#2987=VECTOR('',#10210,10.);
#2988=VECTOR('',#10213,10.);
#2989=VECTOR('',#10216,10.);
#2990=VECTOR('',#10219,10.);
#2991=VECTOR('',#10220,10.);
#2992=VECTOR('',#10223,10.);
#2993=VECTOR('',#10224,10.);
#2994=VECTOR('',#10229,10.);
#2995=VECTOR('',#10230,10.);
#2996=VECTOR('',#10233,10.);
#2997=VECTOR('',#10236,10.);
#2998=VECTOR('',#10239,10.);
#2999=VECTOR('',#10240,10.);
#3000=VECTOR('',#10249,10.);
#3001=VECTOR('',#10252,10.);
#3002=VECTOR('',#10255,10.);
#3003=VECTOR('',#10256,10.);
#3004=VECTOR('',#10257,10.);
#3005=VECTOR('',#10260,10.);
#3006=VECTOR('',#10263,10.);
#3007=VECTOR('',#10266,10.);
#3008=VECTOR('',#10267,10.);
#3009=VECTOR('',#10270,10.);
#3010=VECTOR('',#10275,10.);
#3011=VECTOR('',#10278,10.);
#3012=VECTOR('',#10281,10.);
#3013=VECTOR('',#10282,10.);
#3014=VECTOR('',#10287,10.);
#3015=VECTOR('',#10288,10.);
#3016=VECTOR('',#10289,10.);
#3017=VECTOR('',#10294,10.);
#3018=VECTOR('',#10295,10.);
#3019=VECTOR('',#10298,10.);
#3020=VECTOR('',#10301,10.);
#3021=VECTOR('',#10302,10.);
#3022=VECTOR('',#10305,10.);
#3023=VECTOR('',#10310,10.);
#3024=VECTOR('',#10313,10.);
#3025=VECTOR('',#10316,10.);
#3026=VECTOR('',#10317,10.);
#3027=VECTOR('',#10320,10.);
#3028=VECTOR('',#10323,10.);
#3029=VECTOR('',#10326,10.);
#3030=VECTOR('',#10333,10.);
#3031=VECTOR('',#10338,10.);
#3032=VECTOR('',#10341,10.);
#3033=VECTOR('',#10344,10.);
#3034=VECTOR('',#10349,10.);
#3035=VECTOR('',#10352,10.);
#3036=VECTOR('',#10353,10.);
#3037=VECTOR('',#10354,10.);
#3038=VECTOR('',#10359,10.);
#3039=VECTOR('',#10360,10.);
#3040=VECTOR('',#10363,10.);
#3041=VECTOR('',#10366,10.);
#3042=VECTOR('',#10369,10.);
#3043=VECTOR('',#10370,10.);
#3044=VECTOR('',#10375,10.);
#3045=VECTOR('',#10380,10.);
#3046=VECTOR('',#10385,10.);
#3047=VECTOR('',#10388,10.);
#3048=VECTOR('',#10391,10.);
#3049=VECTOR('',#10404,10.);
#3050=VECTOR('',#10407,10.);
#3051=VECTOR('',#10408,10.);
#3052=VECTOR('',#10411,10.);
#3053=VECTOR('',#10412,10.);
#3054=VECTOR('',#10415,10.);
#3055=VECTOR('',#10418,10.);
#3056=VECTOR('',#10419,10.);
#3057=VECTOR('',#10422,10.);
#3058=VECTOR('',#10425,10.);
#3059=VECTOR('',#10432,10.);
#3060=VECTOR('',#10435,10.);
#3061=VECTOR('',#10436,10.);
#3062=VECTOR('',#10437,10.);
#3063=VECTOR('',#10440,10.);
#3064=VECTOR('',#10441,10.);
#3065=VECTOR('',#10444,10.);
#3066=VECTOR('',#10445,10.);
#3067=VECTOR('',#10448,10.);
#3068=VECTOR('',#10449,10.);
#3069=VECTOR('',#10454,10.);
#3070=VECTOR('',#10457,10.);
#3071=VECTOR('',#10460,10.);
#3072=VECTOR('',#10463,10.);
#3073=VECTOR('',#10464,10.);
#3074=VECTOR('',#10467,10.);
#3075=VECTOR('',#10474,10.);
#3076=VECTOR('',#10479,10.);
#3077=VECTOR('',#10480,10.);
#3078=VECTOR('',#10483,10.);
#3079=VECTOR('',#10484,10.);
#3080=VECTOR('',#10487,10.);
#3081=VECTOR('',#10488,10.);
#3082=VECTOR('',#10491,10.);
#3083=VECTOR('',#10494,10.);
#3084=VECTOR('',#10495,10.);
#3085=VECTOR('',#10496,10.);
#3086=VECTOR('',#10499,10.);
#3087=VECTOR('',#10500,10.);
#3088=VECTOR('',#10503,10.);
#3089=VECTOR('',#10504,10.);
#3090=VECTOR('',#10507,10.);
#3091=VECTOR('',#10510,10.);
#3092=VECTOR('',#10511,10.);
#3093=VECTOR('',#10514,10.);
#3094=VECTOR('',#10517,10.);
#3095=VECTOR('',#10518,10.);
#3096=VECTOR('',#10521,10.);
#3097=VECTOR('',#10522,10.);
#3098=VECTOR('',#10523,10.);
#3099=VECTOR('',#10524,10.);
#3100=VECTOR('',#10525,10.);
#3101=VECTOR('',#10526,10.);
#3102=VECTOR('',#10527,10.);
#3103=VECTOR('',#10528,10.);
#3104=VECTOR('',#10529,10.);
#3105=VECTOR('',#10530,10.);
#3106=VECTOR('',#10531,10.);
#3107=VECTOR('',#10532,10.);
#3108=VECTOR('',#10533,10.);
#3109=VECTOR('',#10534,10.);
#3110=VECTOR('',#10535,10.);
#3111=VECTOR('',#10536,10.);
#3112=VECTOR('',#10537,10.);
#3113=VECTOR('',#10538,10.);
#3114=VECTOR('',#10539,10.);
#3115=VECTOR('',#10540,10.);
#3116=VECTOR('',#10541,10.);
#3117=VECTOR('',#10544,10.);
#3118=VECTOR('',#10545,10.);
#3119=VECTOR('',#10548,10.);
#3120=VECTOR('',#10549,10.);
#3121=VECTOR('',#10552,10.);
#3122=VECTOR('',#10555,10.);
#3123=VECTOR('',#10556,10.);
#3124=VECTOR('',#10559,10.);
#3125=VECTOR('',#10560,10.);
#3126=VECTOR('',#10563,10.);
#3127=VECTOR('',#10564,10.);
#3128=VECTOR('',#10567,10.);
#3129=VECTOR('',#10568,10.);
#3130=VECTOR('',#10571,10.);
#3131=VECTOR('',#10574,10.);
#3132=VECTOR('',#10575,10.);
#3133=VECTOR('',#10580,10.);
#3134=VECTOR('',#10583,10.);
#3135=VECTOR('',#10584,10.);
#3136=VECTOR('',#10587,10.);
#3137=VECTOR('',#10592,10.);
#3138=VECTOR('',#10595,10.);
#3139=VECTOR('',#10598,10.);
#3140=VECTOR('',#10609,10.);
#3141=VECTOR('',#10614,10.);
#3142=VECTOR('',#10615,10.);
#3143=VECTOR('',#10618,10.);
#3144=VECTOR('',#10621,10.);
#3145=VECTOR('',#10622,10.);
#3146=VECTOR('',#10623,10.);
#3147=VECTOR('',#10626,10.);
#3148=VECTOR('',#10627,10.);
#3149=VECTOR('',#10630,10.);
#3150=VECTOR('',#10633,10.);
#3151=VECTOR('',#10634,10.);
#3152=VECTOR('',#10637,10.);
#3153=VECTOR('',#10638,10.);
#3154=VECTOR('',#10641,10.);
#3155=VECTOR('',#10644,10.);
#3156=VECTOR('',#10645,10.);
#3157=VECTOR('',#10648,10.);
#3158=VECTOR('',#10651,10.);
#3159=VECTOR('',#10652,10.);
#3160=VECTOR('',#10655,10.);
#3161=VECTOR('',#10656,10.);
#3162=VECTOR('',#10659,10.);
#3163=VECTOR('',#10662,10.);
#3164=VECTOR('',#10665,10.);
#3165=VECTOR('',#10668,10.);
#3166=VECTOR('',#10669,10.);
#3167=VECTOR('',#10670,10.);
#3168=VECTOR('',#10671,10.);
#3169=VECTOR('',#10672,10.);
#3170=VECTOR('',#10673,10.);
#3171=VECTOR('',#10674,10.);
#3172=VECTOR('',#10675,10.);
#3173=VECTOR('',#10676,10.);
#3174=VECTOR('',#10677,10.);
#3175=VECTOR('',#10678,10.);
#3176=VECTOR('',#10679,10.);
#3177=VECTOR('',#10680,10.);
#3178=VECTOR('',#10681,10.);
#3179=VECTOR('',#10682,10.);
#3180=VECTOR('',#10683,10.);
#3181=VECTOR('',#10684,10.);
#3182=VECTOR('',#10685,10.);
#3183=VECTOR('',#10686,10.);
#3184=VECTOR('',#10687,10.);
#3185=VECTOR('',#10688,10.);
#3186=VECTOR('',#10689,10.);
#3187=VECTOR('',#10690,10.);
#3188=VECTOR('',#10691,10.);
#3189=VECTOR('',#10692,10.);
#3190=VECTOR('',#10693,10.);
#3191=VECTOR('',#10694,10.);
#3192=VECTOR('',#10695,10.);
#3193=VECTOR('',#10696,10.);
#3194=VECTOR('',#10697,10.);
#3195=VECTOR('',#10698,10.);
#3196=VECTOR('',#10701,10.);
#3197=VECTOR('',#10702,10.);
#3198=VECTOR('',#10705,10.);
#3199=VECTOR('',#10708,10.);
#3200=VECTOR('',#10713,10.);
#3201=VECTOR('',#10714,10.);
#3202=VECTOR('',#10717,10.);
#3203=VECTOR('',#10720,10.);
#3204=VECTOR('',#10721,10.);
#3205=VECTOR('',#10724,10.);
#3206=VECTOR('',#10727,10.);
#3207=VECTOR('',#10728,10.);
#3208=VECTOR('',#10731,10.);
#3209=VECTOR('',#10734,10.);
#3210=VECTOR('',#10737,10.);
#3211=VECTOR('',#10742,10.);
#3212=VECTOR('',#10745,10.);
#3213=VECTOR('',#10746,10.);
#3214=VECTOR('',#10751,10.);
#3215=VECTOR('',#10756,10.);
#3216=VECTOR('',#10757,10.);
#3217=VECTOR('',#10760,10.);
#3218=VECTOR('',#10765,10.);
#3219=VECTOR('',#10766,10.);
#3220=VECTOR('',#10769,10.);
#3221=VECTOR('',#10770,10.);
#3222=VECTOR('',#10775,10.);
#3223=VECTOR('',#10778,10.);
#3224=VECTOR('',#10781,10.);
#3225=VECTOR('',#10784,10.);
#3226=VECTOR('',#10785,10.);
#3227=VECTOR('',#10788,10.);
#3228=VECTOR('',#10793,10.);
#3229=VECTOR('',#10796,10.);
#3230=VECTOR('',#10797,10.);
#3231=VECTOR('',#10804,10.);
#3232=VECTOR('',#10805,10.);
#3233=VECTOR('',#10816,10.);
#3234=VECTOR('',#10819,10.);
#3235=VECTOR('',#10824,10.);
#3236=VECTOR('',#10825,10.);
#3237=VECTOR('',#10828,10.);
#3238=VECTOR('',#10831,10.);
#3239=VECTOR('',#10832,10.);
#3240=VECTOR('',#10835,10.);
#3241=VECTOR('',#10836,10.);
#3242=VECTOR('',#10839,10.);
#3243=VECTOR('',#10842,10.);
#3244=VECTOR('',#10843,10.);
#3245=VECTOR('',#10846,10.);
#3246=VECTOR('',#10847,10.);
#3247=VECTOR('',#10850,10.);
#3248=VECTOR('',#10853,10.);
#3249=VECTOR('',#10858,10.);
#3250=VECTOR('',#10861,10.);
#3251=VECTOR('',#10868,10.);
#3252=VECTOR('',#10875,10.);
#3253=VECTOR('',#10876,10.);
#3254=VECTOR('',#10881,10.);
#3255=VECTOR('',#10888,10.);
#3256=VECTOR('',#10891,10.);
#3257=VECTOR('',#10894,10.);
#3258=VECTOR('',#10897,10.);
#3259=VECTOR('',#10906,10.);
#3260=VECTOR('',#10915,10.);
#3261=VECTOR('',#10918,10.);
#3262=VECTOR('',#10927,10.);
#3263=VECTOR('',#10930,10.);
#3264=VECTOR('',#10939,10.);
#3265=VECTOR('',#10940,10.);
#3266=VECTOR('',#10949,10.);
#3267=VECTOR('',#10952,10.);
#3268=VECTOR('',#10957,10.);
#3269=VECTOR('',#10968,10.);
#3270=VECTOR('',#10971,10.);
#3271=VECTOR('',#10978,10.);
#3272=VECTOR('',#10981,10.);
#3273=VECTOR('',#10982,10.);
#3274=VECTOR('',#10985,10.);
#3275=VECTOR('',#10988,10.);
#3276=VECTOR('',#10989,10.);
#3277=VECTOR('',#10998,10.);
#3278=VECTOR('',#10999,10.);
#3279=VECTOR('',#11002,10.);
#3280=VECTOR('',#11005,10.);
#3281=VECTOR('',#11008,10.);
#3282=VECTOR('',#11011,10.);
#3283=VECTOR('',#11012,10.);
#3284=VECTOR('',#11017,10.);
#3285=VECTOR('',#11022,10.);
#3286=VECTOR('',#11025,10.);
#3287=VECTOR('',#11026,10.);
#3288=VECTOR('',#11031,10.);
#3289=VECTOR('',#11032,10.);
#3290=VECTOR('',#11037,10.);
#3291=VECTOR('',#11038,10.);
#3292=VECTOR('',#11043,10.);
#3293=VECTOR('',#11044,10.);
#3294=VECTOR('',#11049,10.);
#3295=VECTOR('',#11050,10.);
#3296=VECTOR('',#11055,10.);
#3297=VECTOR('',#11056,10.);
#3298=VECTOR('',#11061,10.);
#3299=VECTOR('',#11062,10.);
#3300=VECTOR('',#11067,10.);
#3301=VECTOR('',#11068,10.);
#3302=VECTOR('',#11073,10.);
#3303=VECTOR('',#11074,10.);
#3304=VECTOR('',#11087,10.);
#3305=VECTOR('',#11092,10.);
#3306=VECTOR('',#11097,10.);
#3307=VERTEX_POINT('',#11104);
#3308=VERTEX_POINT('',#11105);
#3309=VERTEX_POINT('',#11107);
#3310=VERTEX_POINT('',#11109);
#3311=VERTEX_POINT('',#11113);
#3312=VERTEX_POINT('',#11115);
#3313=VERTEX_POINT('',#11117);
#3314=VERTEX_POINT('',#11119);
#3315=VERTEX_POINT('',#11121);
#3316=VERTEX_POINT('',#11123);
#3317=VERTEX_POINT('',#11125);
#3318=VERTEX_POINT('',#11127);
#3319=VERTEX_POINT('',#11129);
#3320=VERTEX_POINT('',#11131);
#3321=VERTEX_POINT('',#11133);
#3322=VERTEX_POINT('',#11135);
#3323=VERTEX_POINT('',#11137);
#3324=VERTEX_POINT('',#11139);
#3325=VERTEX_POINT('',#11141);
#3326=VERTEX_POINT('',#11143);
#3327=VERTEX_POINT('',#11145);
#3328=VERTEX_POINT('',#11147);
#3329=VERTEX_POINT('',#11149);
#3330=VERTEX_POINT('',#11151);
#3331=VERTEX_POINT('',#11153);
#3332=VERTEX_POINT('',#11155);
#3333=VERTEX_POINT('',#11157);
#3334=VERTEX_POINT('',#11159);
#3335=VERTEX_POINT('',#11161);
#3336=VERTEX_POINT('',#11163);
#3337=VERTEX_POINT('',#11165);
#3338=VERTEX_POINT('',#11167);
#3339=VERTEX_POINT('',#11169);
#3340=VERTEX_POINT('',#11171);
#3341=VERTEX_POINT('',#11173);
#3342=VERTEX_POINT('',#11175);
#3343=VERTEX_POINT('',#11177);
#3344=VERTEX_POINT('',#11181);
#3345=VERTEX_POINT('',#11183);
#3346=VERTEX_POINT('',#11187);
#3347=VERTEX_POINT('',#11189);
#3348=VERTEX_POINT('',#11191);
#3349=VERTEX_POINT('',#11193);
#3350=VERTEX_POINT('',#11195);
#3351=VERTEX_POINT('',#11197);
#3352=VERTEX_POINT('',#11199);
#3353=VERTEX_POINT('',#11201);
#3354=VERTEX_POINT('',#11203);
#3355=VERTEX_POINT('',#11205);
#3356=VERTEX_POINT('',#11207);
#3357=VERTEX_POINT('',#11209);
#3358=VERTEX_POINT('',#11211);
#3359=VERTEX_POINT('',#11213);
#3360=VERTEX_POINT('',#11215);
#3361=VERTEX_POINT('',#11217);
#3362=VERTEX_POINT('',#11219);
#3363=VERTEX_POINT('',#11221);
#3364=VERTEX_POINT('',#11223);
#3365=VERTEX_POINT('',#11225);
#3366=VERTEX_POINT('',#11227);
#3367=VERTEX_POINT('',#11229);
#3368=VERTEX_POINT('',#11231);
#3369=VERTEX_POINT('',#11233);
#3370=VERTEX_POINT('',#11235);
#3371=VERTEX_POINT('',#11237);
#3372=VERTEX_POINT('',#11239);
#3373=VERTEX_POINT('',#11241);
#3374=VERTEX_POINT('',#11243);
#3375=VERTEX_POINT('',#11245);
#3376=VERTEX_POINT('',#11247);
#3377=VERTEX_POINT('',#11249);
#3378=VERTEX_POINT('',#11251);
#3379=VERTEX_POINT('',#11253);
#3380=VERTEX_POINT('',#11255);
#3381=VERTEX_POINT('',#11257);
#3382=VERTEX_POINT('',#11259);
#3383=VERTEX_POINT('',#11261);
#3384=VERTEX_POINT('',#11263);
#3385=VERTEX_POINT('',#11265);
#3386=VERTEX_POINT('',#11267);
#3387=VERTEX_POINT('',#11269);
#3388=VERTEX_POINT('',#11271);
#3389=VERTEX_POINT('',#11273);
#3390=VERTEX_POINT('',#11275);
#3391=VERTEX_POINT('',#11277);
#3392=VERTEX_POINT('',#11279);
#3393=VERTEX_POINT('',#11281);
#3394=VERTEX_POINT('',#11283);
#3395=VERTEX_POINT('',#11285);
#3396=VERTEX_POINT('',#11287);
#3397=VERTEX_POINT('',#11289);
#3398=VERTEX_POINT('',#11291);
#3399=VERTEX_POINT('',#11293);
#3400=VERTEX_POINT('',#11295);
#3401=VERTEX_POINT('',#11297);
#3402=VERTEX_POINT('',#11299);
#3403=VERTEX_POINT('',#11301);
#3404=VERTEX_POINT('',#11303);
#3405=VERTEX_POINT('',#11305);
#3406=VERTEX_POINT('',#11307);
#3407=VERTEX_POINT('',#11309);
#3408=VERTEX_POINT('',#11311);
#3409=VERTEX_POINT('',#11313);
#3410=VERTEX_POINT('',#11315);
#3411=VERTEX_POINT('',#11317);
#3412=VERTEX_POINT('',#11319);
#3413=VERTEX_POINT('',#11321);
#3414=VERTEX_POINT('',#11323);
#3415=VERTEX_POINT('',#11325);
#3416=VERTEX_POINT('',#11327);
#3417=VERTEX_POINT('',#11329);
#3418=VERTEX_POINT('',#11331);
#3419=VERTEX_POINT('',#11333);
#3420=VERTEX_POINT('',#11335);
#3421=VERTEX_POINT('',#11337);
#3422=VERTEX_POINT('',#11339);
#3423=VERTEX_POINT('',#11341);
#3424=VERTEX_POINT('',#11343);
#3425=VERTEX_POINT('',#11345);
#3426=VERTEX_POINT('',#11347);
#3427=VERTEX_POINT('',#11349);
#3428=VERTEX_POINT('',#11351);
#3429=VERTEX_POINT('',#11353);
#3430=VERTEX_POINT('',#11355);
#3431=VERTEX_POINT('',#11357);
#3432=VERTEX_POINT('',#11359);
#3433=VERTEX_POINT('',#11361);
#3434=VERTEX_POINT('',#11363);
#3435=VERTEX_POINT('',#11365);
#3436=VERTEX_POINT('',#11367);
#3437=VERTEX_POINT('',#11369);
#3438=VERTEX_POINT('',#11371);
#3439=VERTEX_POINT('',#11373);
#3440=VERTEX_POINT('',#11375);
#3441=VERTEX_POINT('',#11377);
#3442=VERTEX_POINT('',#11379);
#3443=VERTEX_POINT('',#11381);
#3444=VERTEX_POINT('',#11383);
#3445=VERTEX_POINT('',#11385);
#3446=VERTEX_POINT('',#11387);
#3447=VERTEX_POINT('',#11389);
#3448=VERTEX_POINT('',#11391);
#3449=VERTEX_POINT('',#11393);
#3450=VERTEX_POINT('',#11395);
#3451=VERTEX_POINT('',#11397);
#3452=VERTEX_POINT('',#11399);
#3453=VERTEX_POINT('',#11401);
#3454=VERTEX_POINT('',#11403);
#3455=VERTEX_POINT('',#11405);
#3456=VERTEX_POINT('',#11407);
#3457=VERTEX_POINT('',#11409);
#3458=VERTEX_POINT('',#11411);
#3459=VERTEX_POINT('',#11413);
#3460=VERTEX_POINT('',#11415);
#3461=VERTEX_POINT('',#11417);
#3462=VERTEX_POINT('',#11419);
#3463=VERTEX_POINT('',#11421);
#3464=VERTEX_POINT('',#11423);
#3465=VERTEX_POINT('',#11425);
#3466=VERTEX_POINT('',#11427);
#3467=VERTEX_POINT('',#11429);
#3468=VERTEX_POINT('',#11431);
#3469=VERTEX_POINT('',#11433);
#3470=VERTEX_POINT('',#11435);
#3471=VERTEX_POINT('',#11437);
#3472=VERTEX_POINT('',#11439);
#3473=VERTEX_POINT('',#11441);
#3474=VERTEX_POINT('',#11443);
#3475=VERTEX_POINT('',#11445);
#3476=VERTEX_POINT('',#11447);
#3477=VERTEX_POINT('',#11449);
#3478=VERTEX_POINT('',#11451);
#3479=VERTEX_POINT('',#11453);
#3480=VERTEX_POINT('',#11455);
#3481=VERTEX_POINT('',#11457);
#3482=VERTEX_POINT('',#11459);
#3483=VERTEX_POINT('',#11461);
#3484=VERTEX_POINT('',#11463);
#3485=VERTEX_POINT('',#11465);
#3486=VERTEX_POINT('',#11467);
#3487=VERTEX_POINT('',#11469);
#3488=VERTEX_POINT('',#11471);
#3489=VERTEX_POINT('',#11477);
#3490=VERTEX_POINT('',#11479);
#3491=VERTEX_POINT('',#11483);
#3492=VERTEX_POINT('',#11485);
#3493=VERTEX_POINT('',#11489);
#3494=VERTEX_POINT('',#11493);
#3495=VERTEX_POINT('',#11494);
#3496=VERTEX_POINT('',#11496);
#3497=VERTEX_POINT('',#11498);
#3498=VERTEX_POINT('',#11500);
#3499=VERTEX_POINT('',#11502);
#3500=VERTEX_POINT('',#11504);
#3501=VERTEX_POINT('',#11506);
#3502=VERTEX_POINT('',#11508);
#3503=VERTEX_POINT('',#11510);
#3504=VERTEX_POINT('',#11512);
#3505=VERTEX_POINT('',#11514);
#3506=VERTEX_POINT('',#11516);
#3507=VERTEX_POINT('',#11518);
#3508=VERTEX_POINT('',#11520);
#3509=VERTEX_POINT('',#11522);
#3510=VERTEX_POINT('',#11524);
#3511=VERTEX_POINT('',#11526);
#3512=VERTEX_POINT('',#11528);
#3513=VERTEX_POINT('',#11530);
#3514=VERTEX_POINT('',#11532);
#3515=VERTEX_POINT('',#11534);
#3516=VERTEX_POINT('',#11536);
#3517=VERTEX_POINT('',#11538);
#3518=VERTEX_POINT('',#11540);
#3519=VERTEX_POINT('',#11542);
#3520=VERTEX_POINT('',#11544);
#3521=VERTEX_POINT('',#11546);
#3522=VERTEX_POINT('',#11548);
#3523=VERTEX_POINT('',#11551);
#3524=VERTEX_POINT('',#11553);
#3525=VERTEX_POINT('',#11555);
#3526=VERTEX_POINT('',#11557);
#3527=VERTEX_POINT('',#11559);
#3528=VERTEX_POINT('',#11561);
#3529=VERTEX_POINT('',#11563);
#3530=VERTEX_POINT('',#11565);
#3531=VERTEX_POINT('',#11567);
#3532=VERTEX_POINT('',#11569);
#3533=VERTEX_POINT('',#11571);
#3534=VERTEX_POINT('',#11573);
#3535=VERTEX_POINT('',#11575);
#3536=VERTEX_POINT('',#11577);
#3537=VERTEX_POINT('',#11579);
#3538=VERTEX_POINT('',#11581);
#3539=VERTEX_POINT('',#11583);
#3540=VERTEX_POINT('',#11585);
#3541=VERTEX_POINT('',#11587);
#3542=VERTEX_POINT('',#11589);
#3543=VERTEX_POINT('',#11591);
#3544=VERTEX_POINT('',#11593);
#3545=VERTEX_POINT('',#11595);
#3546=VERTEX_POINT('',#11597);
#3547=VERTEX_POINT('',#11599);
#3548=VERTEX_POINT('',#11601);
#3549=VERTEX_POINT('',#11603);
#3550=VERTEX_POINT('',#11605);
#3551=VERTEX_POINT('',#11607);
#3552=VERTEX_POINT('',#11609);
#3553=VERTEX_POINT('',#11611);
#3554=VERTEX_POINT('',#11613);
#3555=VERTEX_POINT('',#11615);
#3556=VERTEX_POINT('',#11617);
#3557=VERTEX_POINT('',#11619);
#3558=VERTEX_POINT('',#11621);
#3559=VERTEX_POINT('',#11623);
#3560=VERTEX_POINT('',#11625);
#3561=VERTEX_POINT('',#11627);
#3562=VERTEX_POINT('',#11629);
#3563=VERTEX_POINT('',#11631);
#3564=VERTEX_POINT('',#11633);
#3565=VERTEX_POINT('',#11635);
#3566=VERTEX_POINT('',#11637);
#3567=VERTEX_POINT('',#11639);
#3568=VERTEX_POINT('',#11641);
#3569=VERTEX_POINT('',#11643);
#3570=VERTEX_POINT('',#11645);
#3571=VERTEX_POINT('',#11647);
#3572=VERTEX_POINT('',#11649);
#3573=VERTEX_POINT('',#11651);
#3574=VERTEX_POINT('',#11653);
#3575=VERTEX_POINT('',#11658);
#3576=VERTEX_POINT('',#11662);
#3577=VERTEX_POINT('',#11666);
#3578=VERTEX_POINT('',#11671);
#3579=VERTEX_POINT('',#11676);
#3580=VERTEX_POINT('',#11681);
#3581=VERTEX_POINT('',#11686);
#3582=VERTEX_POINT('',#11691);
#3583=VERTEX_POINT('',#11696);
#3584=VERTEX_POINT('',#11701);
#3585=VERTEX_POINT('',#11706);
#3586=VERTEX_POINT('',#11735);
#3587=VERTEX_POINT('',#11739);
#3588=VERTEX_POINT('',#11743);
#3589=VERTEX_POINT('',#11745);
#3590=VERTEX_POINT('',#11747);
#3591=VERTEX_POINT('',#11751);
#3592=VERTEX_POINT('',#11755);
#3593=VERTEX_POINT('',#11759);
#3594=VERTEX_POINT('',#11763);
#3595=VERTEX_POINT('',#11767);
#3596=VERTEX_POINT('',#11771);
#3597=VERTEX_POINT('',#11775);
#3598=VERTEX_POINT('',#11779);
#3599=VERTEX_POINT('',#11783);
#3600=VERTEX_POINT('',#11787);
#3601=VERTEX_POINT('',#11791);
#3602=VERTEX_POINT('',#11795);
#3603=VERTEX_POINT('',#11797);
#3604=VERTEX_POINT('',#11801);
#3605=VERTEX_POINT('',#11810);
#3606=VERTEX_POINT('',#11812);
#3607=VERTEX_POINT('',#11814);
#3608=VERTEX_POINT('',#11816);
#3609=VERTEX_POINT('',#11818);
#3610=VERTEX_POINT('',#11821);
#3611=VERTEX_POINT('',#11823);
#3612=VERTEX_POINT('',#11827);
#3613=VERTEX_POINT('',#11830);
#3614=VERTEX_POINT('',#11863);
#3615=VERTEX_POINT('',#11872);
#3616=VERTEX_POINT('',#11875);
#3617=VERTEX_POINT('',#11882);
#3618=VERTEX_POINT('',#11885);
#3619=VERTEX_POINT('',#11890);
#3620=VERTEX_POINT('',#11895);
#3621=VERTEX_POINT('',#11899);
#3622=VERTEX_POINT('',#11902);
#3623=VERTEX_POINT('',#11906);
#3624=VERTEX_POINT('',#11909);
#3625=VERTEX_POINT('',#11913);
#3626=VERTEX_POINT('',#11915);
#3627=VERTEX_POINT('',#11919);
#3628=VERTEX_POINT('',#11921);
#3629=VERTEX_POINT('',#11925);
#3630=VERTEX_POINT('',#11927);
#3631=VERTEX_POINT('',#11929);
#3632=VERTEX_POINT('',#11933);
#3633=VERTEX_POINT('',#11935);
#3634=VERTEX_POINT('',#11937);
#3635=VERTEX_POINT('',#11941);
#3636=VERTEX_POINT('',#11943);
#3637=VERTEX_POINT('',#11945);
#3638=VERTEX_POINT('',#11947);
#3639=VERTEX_POINT('',#11949);
#3640=VERTEX_POINT('',#11951);
#3641=VERTEX_POINT('',#11953);
#3642=VERTEX_POINT('',#11955);
#3643=VERTEX_POINT('',#11957);
#3644=VERTEX_POINT('',#11959);
#3645=VERTEX_POINT('',#11961);
#3646=VERTEX_POINT('',#11963);
#3647=VERTEX_POINT('',#11965);
#3648=VERTEX_POINT('',#11967);
#3649=VERTEX_POINT('',#11969);
#3650=VERTEX_POINT('',#11971);
#3651=VERTEX_POINT('',#11973);
#3652=VERTEX_POINT('',#11975);
#3653=VERTEX_POINT('',#11977);
#3654=VERTEX_POINT('',#11979);
#3655=VERTEX_POINT('',#11981);
#3656=VERTEX_POINT('',#11983);
#3657=VERTEX_POINT('',#11985);
#3658=VERTEX_POINT('',#11987);
#3659=VERTEX_POINT('',#11989);
#3660=VERTEX_POINT('',#11991);
#3661=VERTEX_POINT('',#11993);
#3662=VERTEX_POINT('',#11995);
#3663=VERTEX_POINT('',#11997);
#3664=VERTEX_POINT('',#11999);
#3665=VERTEX_POINT('',#12001);
#3666=VERTEX_POINT('',#12003);
#3667=VERTEX_POINT('',#12005);
#3668=VERTEX_POINT('',#12007);
#3669=VERTEX_POINT('',#12009);
#3670=VERTEX_POINT('',#12011);
#3671=VERTEX_POINT('',#12013);
#3672=VERTEX_POINT('',#12015);
#3673=VERTEX_POINT('',#12017);
#3674=VERTEX_POINT('',#12019);
#3675=VERTEX_POINT('',#12021);
#3676=VERTEX_POINT('',#12023);
#3677=VERTEX_POINT('',#12025);
#3678=VERTEX_POINT('',#12027);
#3679=VERTEX_POINT('',#12029);
#3680=VERTEX_POINT('',#12031);
#3681=VERTEX_POINT('',#12033);
#3682=VERTEX_POINT('',#12035);
#3683=VERTEX_POINT('',#12037);
#3684=VERTEX_POINT('',#12039);
#3685=VERTEX_POINT('',#12041);
#3686=VERTEX_POINT('',#12043);
#3687=VERTEX_POINT('',#12045);
#3688=VERTEX_POINT('',#12047);
#3689=VERTEX_POINT('',#12049);
#3690=VERTEX_POINT('',#12051);
#3691=VERTEX_POINT('',#12053);
#3692=VERTEX_POINT('',#12055);
#3693=VERTEX_POINT('',#12057);
#3694=VERTEX_POINT('',#12059);
#3695=VERTEX_POINT('',#12061);
#3696=VERTEX_POINT('',#12063);
#3697=VERTEX_POINT('',#12065);
#3698=VERTEX_POINT('',#12067);
#3699=VERTEX_POINT('',#12069);
#3700=VERTEX_POINT('',#12071);
#3701=VERTEX_POINT('',#12073);
#3702=VERTEX_POINT('',#12075);
#3703=VERTEX_POINT('',#12077);
#3704=VERTEX_POINT('',#12079);
#3705=VERTEX_POINT('',#12083);
#3706=VERTEX_POINT('',#12086);
#3707=VERTEX_POINT('',#12088);
#3708=VERTEX_POINT('',#12092);
#3709=VERTEX_POINT('',#12098);
#3710=VERTEX_POINT('',#12099);
#3711=VERTEX_POINT('',#12104);
#3712=VERTEX_POINT('',#12108);
#3713=VERTEX_POINT('',#12112);
#3714=VERTEX_POINT('',#12118);
#3715=VERTEX_POINT('',#12119);
#3716=VERTEX_POINT('',#12121);
#3717=VERTEX_POINT('',#12125);
#3718=VERTEX_POINT('',#12127);
#3719=VERTEX_POINT('',#12131);
#3720=VERTEX_POINT('',#12135);
#3721=VERTEX_POINT('',#12137);
#3722=VERTEX_POINT('',#12139);
#3723=VERTEX_POINT('',#12141);
#3724=VERTEX_POINT('',#12143);
#3725=VERTEX_POINT('',#12145);
#3726=VERTEX_POINT('',#12147);
#3727=VERTEX_POINT('',#12149);
#3728=VERTEX_POINT('',#12151);
#3729=VERTEX_POINT('',#12153);
#3730=VERTEX_POINT('',#12155);
#3731=VERTEX_POINT('',#12157);
#3732=VERTEX_POINT('',#12159);
#3733=VERTEX_POINT('',#12161);
#3734=VERTEX_POINT('',#12163);
#3735=VERTEX_POINT('',#12165);
#3736=VERTEX_POINT('',#12167);
#3737=VERTEX_POINT('',#12169);
#3738=VERTEX_POINT('',#12171);
#3739=VERTEX_POINT('',#12173);
#3740=VERTEX_POINT('',#12175);
#3741=VERTEX_POINT('',#12177);
#3742=VERTEX_POINT('',#12179);
#3743=VERTEX_POINT('',#12181);
#3744=VERTEX_POINT('',#12183);
#3745=VERTEX_POINT('',#12185);
#3746=VERTEX_POINT('',#12187);
#3747=VERTEX_POINT('',#12189);
#3748=VERTEX_POINT('',#12191);
#3749=VERTEX_POINT('',#12193);
#3750=VERTEX_POINT('',#12195);
#3751=VERTEX_POINT('',#12198);
#3752=VERTEX_POINT('',#12200);
#3753=VERTEX_POINT('',#12202);
#3754=VERTEX_POINT('',#12204);
#3755=VERTEX_POINT('',#12206);
#3756=VERTEX_POINT('',#12208);
#3757=VERTEX_POINT('',#12210);
#3758=VERTEX_POINT('',#12212);
#3759=VERTEX_POINT('',#12214);
#3760=VERTEX_POINT('',#12216);
#3761=VERTEX_POINT('',#12218);
#3762=VERTEX_POINT('',#12220);
#3763=VERTEX_POINT('',#12222);
#3764=VERTEX_POINT('',#12224);
#3765=VERTEX_POINT('',#12226);
#3766=VERTEX_POINT('',#12228);
#3767=VERTEX_POINT('',#12230);
#3768=VERTEX_POINT('',#12232);
#3769=VERTEX_POINT('',#12234);
#3770=VERTEX_POINT('',#12236);
#3771=VERTEX_POINT('',#12238);
#3772=VERTEX_POINT('',#12240);
#3773=VERTEX_POINT('',#12242);
#3774=VERTEX_POINT('',#12245);
#3775=VERTEX_POINT('',#12247);
#3776=VERTEX_POINT('',#12249);
#3777=VERTEX_POINT('',#12251);
#3778=VERTEX_POINT('',#12253);
#3779=VERTEX_POINT('',#12255);
#3780=VERTEX_POINT('',#12257);
#3781=VERTEX_POINT('',#12259);
#3782=VERTEX_POINT('',#12261);
#3783=VERTEX_POINT('',#12263);
#3784=VERTEX_POINT('',#12266);
#3785=VERTEX_POINT('',#12268);
#3786=VERTEX_POINT('',#12270);
#3787=VERTEX_POINT('',#12272);
#3788=VERTEX_POINT('',#12274);
#3789=VERTEX_POINT('',#12276);
#3790=VERTEX_POINT('',#12278);
#3791=VERTEX_POINT('',#12280);
#3792=VERTEX_POINT('',#12282);
#3793=VERTEX_POINT('',#12284);
#3794=VERTEX_POINT('',#12286);
#3795=VERTEX_POINT('',#12288);
#3796=VERTEX_POINT('',#12290);
#3797=VERTEX_POINT('',#12292);
#3798=VERTEX_POINT('',#12294);
#3799=VERTEX_POINT('',#12296);
#3800=VERTEX_POINT('',#12298);
#3801=VERTEX_POINT('',#12300);
#3802=VERTEX_POINT('',#12302);
#3803=VERTEX_POINT('',#12304);
#3804=VERTEX_POINT('',#12306);
#3805=VERTEX_POINT('',#12308);
#3806=VERTEX_POINT('',#12310);
#3807=VERTEX_POINT('',#12312);
#3808=VERTEX_POINT('',#12314);
#3809=VERTEX_POINT('',#12316);
#3810=VERTEX_POINT('',#12318);
#3811=VERTEX_POINT('',#12320);
#3812=VERTEX_POINT('',#12322);
#3813=VERTEX_POINT('',#12324);
#3814=VERTEX_POINT('',#12326);
#3815=VERTEX_POINT('',#12328);
#3816=VERTEX_POINT('',#12330);
#3817=VERTEX_POINT('',#12332);
#3818=VERTEX_POINT('',#12334);
#3819=VERTEX_POINT('',#12336);
#3820=VERTEX_POINT('',#12338);
#3821=VERTEX_POINT('',#12340);
#3822=VERTEX_POINT('',#12342);
#3823=VERTEX_POINT('',#12344);
#3824=VERTEX_POINT('',#12346);
#3825=VERTEX_POINT('',#12348);
#3826=VERTEX_POINT('',#12350);
#3827=VERTEX_POINT('',#12352);
#3828=VERTEX_POINT('',#12354);
#3829=VERTEX_POINT('',#12358);
#3830=VERTEX_POINT('',#12366);
#3831=VERTEX_POINT('',#12377);
#3832=VERTEX_POINT('',#12507);
#3833=VERTEX_POINT('',#12509);
#3834=VERTEX_POINT('',#12513);
#3835=VERTEX_POINT('',#12520);
#3836=VERTEX_POINT('',#12525);
#3837=VERTEX_POINT('',#12531);
#3838=VERTEX_POINT('',#12533);
#3839=VERTEX_POINT('',#12538);
#3840=VERTEX_POINT('',#12543);
#3841=VERTEX_POINT('',#12549);
#3842=VERTEX_POINT('',#12554);
#3843=VERTEX_POINT('',#12558);
#3844=VERTEX_POINT('',#12562);
#3845=VERTEX_POINT('',#12566);
#3846=VERTEX_POINT('',#12568);
#3847=VERTEX_POINT('',#12574);
#3848=VERTEX_POINT('',#12578);
#3849=VERTEX_POINT('',#12584);
#3850=VERTEX_POINT('',#12593);
#3851=VERTEX_POINT('',#12600);
#3852=VERTEX_POINT('',#12613);
#3853=VERTEX_POINT('',#12618);
#3854=VERTEX_POINT('',#12622);
#3855=VERTEX_POINT('',#12631);
#3856=VERTEX_POINT('',#12635);
#3857=VERTEX_POINT('',#12641);
#3858=VERTEX_POINT('',#12650);
#3859=VERTEX_POINT('',#12652);
#3860=VERTEX_POINT('',#12656);
#3861=VERTEX_POINT('',#12664);
#3862=VERTEX_POINT('',#12668);
#3863=VERTEX_POINT('',#12669);
#3864=VERTEX_POINT('',#12674);
#3865=VERTEX_POINT('',#12737);
#3866=VERTEX_POINT('',#12739);
#3867=VERTEX_POINT('',#12747);
#3868=VERTEX_POINT('',#12758);
#3869=VERTEX_POINT('',#12764);
#3870=VERTEX_POINT('',#12769);
#3871=VERTEX_POINT('',#12775);
#3872=VERTEX_POINT('',#12809);
#3873=VERTEX_POINT('',#12815);
#3874=VERTEX_POINT('',#12865);
#3875=VERTEX_POINT('',#12866);
#3876=VERTEX_POINT('',#12871);
#3877=VERTEX_POINT('',#12875);
#3878=VERTEX_POINT('',#12899);
#3879=VERTEX_POINT('',#12906);
#3880=VERTEX_POINT('',#12912);
#3881=VERTEX_POINT('',#12913);
#3882=VERTEX_POINT('',#12915);
#3883=VERTEX_POINT('',#12919);
#3884=VERTEX_POINT('',#12923);
#3885=VERTEX_POINT('',#12929);
#3886=VERTEX_POINT('',#12935);
#3887=VERTEX_POINT('',#12939);
#3888=VERTEX_POINT('',#12945);
#3889=VERTEX_POINT('',#12947);
#3890=VERTEX_POINT('',#12949);
#3891=VERTEX_POINT('',#12951);
#3892=VERTEX_POINT('',#12953);
#3893=VERTEX_POINT('',#12955);
#3894=VERTEX_POINT('',#12957);
#3895=VERTEX_POINT('',#12959);
#3896=VERTEX_POINT('',#12961);
#3897=VERTEX_POINT('',#12963);
#3898=VERTEX_POINT('',#12965);
#3899=VERTEX_POINT('',#12967);
#3900=VERTEX_POINT('',#12969);
#3901=VERTEX_POINT('',#12971);
#3902=VERTEX_POINT('',#12973);
#3903=VERTEX_POINT('',#12988);
#3904=VERTEX_POINT('',#13025);
#3905=VERTEX_POINT('',#13031);
#3906=VERTEX_POINT('',#13032);
#3907=VERTEX_POINT('',#13037);
#3908=VERTEX_POINT('',#13043);
#3909=VERTEX_POINT('',#13047);
#3910=VERTEX_POINT('',#13053);
#3911=VERTEX_POINT('',#13059);
#3912=VERTEX_POINT('',#13072);
#3913=VERTEX_POINT('',#13074);
#3914=VERTEX_POINT('',#13077);
#3915=VERTEX_POINT('',#13079);
#3916=VERTEX_POINT('',#13081);
#3917=VERTEX_POINT('',#13083);
#3918=VERTEX_POINT('',#13085);
#3919=VERTEX_POINT('',#13087);
#3920=VERTEX_POINT('',#13089);
#3921=VERTEX_POINT('',#13091);
#3922=VERTEX_POINT('',#13093);
#3923=VERTEX_POINT('',#13095);
#3924=VERTEX_POINT('',#13097);
#3925=VERTEX_POINT('',#13099);
#3926=VERTEX_POINT('',#13101);
#3927=VERTEX_POINT('',#13103);
#3928=VERTEX_POINT('',#13105);
#3929=VERTEX_POINT('',#13110);
#3930=VERTEX_POINT('',#13114);
#3931=VERTEX_POINT('',#13117);
#3932=VERTEX_POINT('',#13120);
#3933=VERTEX_POINT('',#13122);
#3934=VERTEX_POINT('',#13182);
#3935=EDGE_CURVE('',#3307,#3308,#1065,.T.);
#3936=EDGE_CURVE('',#3308,#3309,#1066,.T.);
#3937=EDGE_CURVE('',#3309,#3310,#1067,.T.);
#3938=EDGE_CURVE('',#3307,#3310,#1068,.T.);
#3939=EDGE_CURVE('',#3311,#3307,#1069,.T.);
#3940=EDGE_CURVE('',#3311,#3312,#1070,.T.);
#3941=EDGE_CURVE('',#3312,#3313,#1071,.T.);
#3942=EDGE_CURVE('',#3313,#3314,#1072,.T.);
#3943=EDGE_CURVE('',#3314,#3315,#1073,.T.);
#3944=EDGE_CURVE('',#3316,#3315,#1074,.T.);
#3945=EDGE_CURVE('',#3316,#3317,#1075,.T.);
#3946=EDGE_CURVE('',#3317,#3318,#1076,.T.);
#3947=EDGE_CURVE('',#3318,#3319,#1077,.T.);
#3948=EDGE_CURVE('',#3319,#3320,#1078,.T.);
#3949=EDGE_CURVE('',#3320,#3321,#1079,.T.);
#3950=EDGE_CURVE('',#3321,#3322,#1080,.T.);
#3951=EDGE_CURVE('',#3322,#3323,#1081,.T.);
#3952=EDGE_CURVE('',#3323,#3324,#1082,.T.);
#3953=EDGE_CURVE('',#3324,#3325,#1083,.T.);
#3954=EDGE_CURVE('',#3325,#3326,#1084,.T.);
#3955=EDGE_CURVE('',#3326,#3327,#1085,.T.);
#3956=EDGE_CURVE('',#3327,#3328,#1086,.T.);
#3957=EDGE_CURVE('',#3328,#3329,#1087,.T.);
#3958=EDGE_CURVE('',#3329,#3330,#1088,.T.);
#3959=EDGE_CURVE('',#3331,#3330,#1089,.T.);
#3960=EDGE_CURVE('',#3332,#3331,#1090,.T.);
#3961=EDGE_CURVE('',#3333,#3332,#1091,.T.);
#3962=EDGE_CURVE('',#3334,#3333,#1092,.T.);
#3963=EDGE_CURVE('',#3335,#3334,#1093,.T.);
#3964=EDGE_CURVE('',#3336,#3335,#1094,.T.);
#3965=EDGE_CURVE('',#3337,#3336,#1095,.T.);
#3966=EDGE_CURVE('',#3337,#3338,#1096,.T.);
#3967=EDGE_CURVE('',#3338,#3339,#1097,.T.);
#3968=EDGE_CURVE('',#3339,#3340,#1098,.T.);
#3969=EDGE_CURVE('',#3340,#3341,#1099,.T.);
#3970=EDGE_CURVE('',#3341,#3342,#1100,.T.);
#3971=EDGE_CURVE('',#3342,#3343,#1101,.T.);
#3972=EDGE_CURVE('',#3343,#3308,#1102,.T.);
#3973=EDGE_CURVE('',#3310,#3344,#1103,.T.);
#3974=EDGE_CURVE('',#3344,#3345,#1104,.T.);
#3975=EDGE_CURVE('',#3312,#3345,#1105,.T.);
#3976=EDGE_CURVE('',#3346,#3309,#1106,.T.);
#3977=EDGE_CURVE('',#3347,#3346,#1107,.T.);
#3978=EDGE_CURVE('',#3348,#3347,#1108,.T.);
#3979=EDGE_CURVE('',#3349,#3348,#1109,.T.);
#3980=EDGE_CURVE('',#3350,#3349,#1110,.T.);
#3981=EDGE_CURVE('',#3351,#3350,#1111,.T.);
#3982=EDGE_CURVE('',#3352,#3351,#1112,.T.);
#3983=EDGE_CURVE('',#3353,#3352,#1113,.T.);
#3984=EDGE_CURVE('',#3354,#3353,#1114,.T.);
#3985=EDGE_CURVE('',#3355,#3354,#1115,.T.);
#3986=EDGE_CURVE('',#3356,#3355,#1116,.T.);
#3987=EDGE_CURVE('',#3357,#3356,#1117,.T.);
#3988=EDGE_CURVE('',#3358,#3357,#1118,.T.);
#3989=EDGE_CURVE('',#3359,#3358,#1119,.T.);
#3990=EDGE_CURVE('',#3360,#3359,#1120,.T.);
#3991=EDGE_CURVE('',#3361,#3360,#1121,.T.);
#3992=EDGE_CURVE('',#3362,#3361,#1122,.T.);
#3993=EDGE_CURVE('',#3363,#3362,#1123,.T.);
#3994=EDGE_CURVE('',#3364,#3363,#1124,.T.);
#3995=EDGE_CURVE('',#3365,#3364,#1125,.T.);
#3996=EDGE_CURVE('',#3366,#3365,#1126,.T.);
#3997=EDGE_CURVE('',#3367,#3366,#1127,.T.);
#3998=EDGE_CURVE('',#3368,#3367,#1128,.T.);
#3999=EDGE_CURVE('',#3369,#3368,#1129,.T.);
#4000=EDGE_CURVE('',#3370,#3369,#1130,.T.);
#4001=EDGE_CURVE('',#3370,#3371,#1131,.T.);
#4002=EDGE_CURVE('',#3371,#3372,#1132,.T.);
#4003=EDGE_CURVE('',#3372,#3373,#1133,.T.);
#4004=EDGE_CURVE('',#3373,#3374,#1134,.T.);
#4005=EDGE_CURVE('',#3374,#3375,#1135,.T.);
#4006=EDGE_CURVE('',#3375,#3376,#1136,.T.);
#4007=EDGE_CURVE('',#3376,#3377,#1137,.T.);
#4008=EDGE_CURVE('',#3378,#3377,#1138,.T.);
#4009=EDGE_CURVE('',#3378,#3379,#1139,.T.);
#4010=EDGE_CURVE('',#3379,#3380,#1140,.T.);
#4011=EDGE_CURVE('',#3380,#3381,#1141,.T.);
#4012=EDGE_CURVE('',#3381,#3382,#1142,.T.);
#4013=EDGE_CURVE('',#3382,#3383,#1143,.T.);
#4014=EDGE_CURVE('',#3383,#3384,#1144,.T.);
#4015=EDGE_CURVE('',#3384,#3385,#1145,.T.);
#4016=EDGE_CURVE('',#3385,#3386,#1146,.T.);
#4017=EDGE_CURVE('',#3386,#3387,#1147,.T.);
#4018=EDGE_CURVE('',#3387,#3388,#1148,.T.);
#4019=EDGE_CURVE('',#3388,#3389,#1149,.T.);
#4020=EDGE_CURVE('',#3389,#3390,#1150,.T.);
#4021=EDGE_CURVE('',#3390,#3391,#1151,.T.);
#4022=EDGE_CURVE('',#3391,#3392,#1152,.T.);
#4023=EDGE_CURVE('',#3392,#3393,#1153,.T.);
#4024=EDGE_CURVE('',#3393,#3394,#1154,.T.);
#4025=EDGE_CURVE('',#3394,#3395,#1155,.T.);
#4026=EDGE_CURVE('',#3395,#3396,#1156,.T.);
#4027=EDGE_CURVE('',#3396,#3397,#1157,.T.);
#4028=EDGE_CURVE('',#3397,#3398,#1158,.T.);
#4029=EDGE_CURVE('',#3398,#3399,#1159,.T.);
#4030=EDGE_CURVE('',#3399,#3400,#1160,.T.);
#4031=EDGE_CURVE('',#3400,#3401,#1161,.T.);
#4032=EDGE_CURVE('',#3401,#3402,#1162,.T.);
#4033=EDGE_CURVE('',#3402,#3403,#1163,.T.);
#4034=EDGE_CURVE('',#3403,#3404,#1164,.T.);
#4035=EDGE_CURVE('',#3404,#3405,#1165,.T.);
#4036=EDGE_CURVE('',#3405,#3406,#1166,.T.);
#4037=EDGE_CURVE('',#3407,#3406,#1167,.T.);
#4038=EDGE_CURVE('',#3408,#3407,#1168,.T.);
#4039=EDGE_CURVE('',#3409,#3408,#1169,.T.);
#4040=EDGE_CURVE('',#3410,#3409,#1170,.T.);
#4041=EDGE_CURVE('',#3411,#3410,#1171,.T.);
#4042=EDGE_CURVE('',#3412,#3411,#1172,.T.);
#4043=EDGE_CURVE('',#3413,#3412,#1173,.T.);
#4044=EDGE_CURVE('',#3414,#3413,#1174,.T.);
#4045=EDGE_CURVE('',#3415,#3414,#1175,.T.);
#4046=EDGE_CURVE('',#3416,#3415,#1176,.T.);
#4047=EDGE_CURVE('',#3417,#3416,#1177,.T.);
#4048=EDGE_CURVE('',#3418,#3417,#1178,.T.);
#4049=EDGE_CURVE('',#3419,#3418,#1179,.T.);
#4050=EDGE_CURVE('',#3420,#3419,#1180,.T.);
#4051=EDGE_CURVE('',#3421,#3420,#1181,.T.);
#4052=EDGE_CURVE('',#3422,#3421,#1182,.T.);
#4053=EDGE_CURVE('',#3423,#3422,#1183,.T.);
#4054=EDGE_CURVE('',#3424,#3423,#1184,.T.);
#4055=EDGE_CURVE('',#3425,#3424,#1185,.T.);
#4056=EDGE_CURVE('',#3426,#3425,#1186,.T.);
#4057=EDGE_CURVE('',#3427,#3426,#1187,.T.);
#4058=EDGE_CURVE('',#3428,#3427,#1188,.T.);
#4059=EDGE_CURVE('',#3429,#3428,#1189,.T.);
#4060=EDGE_CURVE('',#3430,#3429,#1190,.T.);
#4061=EDGE_CURVE('',#3431,#3430,#1191,.T.);
#4062=EDGE_CURVE('',#3432,#3431,#1192,.T.);
#4063=EDGE_CURVE('',#3433,#3432,#1193,.T.);
#4064=EDGE_CURVE('',#3434,#3433,#1194,.T.);
#4065=EDGE_CURVE('',#3435,#3434,#1195,.T.);
#4066=EDGE_CURVE('',#3436,#3435,#1196,.T.);
#4067=EDGE_CURVE('',#3437,#3436,#1197,.T.);
#4068=EDGE_CURVE('',#3438,#3437,#1198,.T.);
#4069=EDGE_CURVE('',#3438,#3439,#1199,.T.);
#4070=EDGE_CURVE('',#3439,#3440,#1200,.T.);
#4071=EDGE_CURVE('',#3440,#3441,#1201,.T.);
#4072=EDGE_CURVE('',#3441,#3442,#1202,.T.);
#4073=EDGE_CURVE('',#3442,#3443,#1203,.T.);
#4074=EDGE_CURVE('',#3443,#3444,#1204,.T.);
#4075=EDGE_CURVE('',#3444,#3445,#1205,.T.);
#4076=EDGE_CURVE('',#3445,#3446,#1206,.T.);
#4077=EDGE_CURVE('',#3446,#3447,#1207,.T.);
#4078=EDGE_CURVE('',#3448,#3447,#22,.T.);
#4079=EDGE_CURVE('',#3449,#3448,#1208,.T.);
#4080=EDGE_CURVE('',#3449,#3450,#23,.T.);
#4081=EDGE_CURVE('',#3450,#3451,#24,.T.);
#4082=EDGE_CURVE('',#3451,#3452,#25,.T.);
#4083=EDGE_CURVE('',#3453,#3452,#1209,.T.);
#4084=EDGE_CURVE('',#3454,#3453,#1210,.T.);
#4085=EDGE_CURVE('',#3455,#3454,#1211,.T.);
#4086=EDGE_CURVE('',#3456,#3455,#1212,.T.);
#4087=EDGE_CURVE('',#3457,#3456,#1213,.T.);
#4088=EDGE_CURVE('',#3458,#3457,#1214,.T.);
#4089=EDGE_CURVE('',#3458,#3459,#1215,.T.);
#4090=EDGE_CURVE('',#3459,#3460,#1216,.T.);
#4091=EDGE_CURVE('',#3460,#3461,#1217,.T.);
#4092=EDGE_CURVE('',#3461,#3462,#1218,.T.);
#4093=EDGE_CURVE('',#3462,#3463,#1219,.T.);
#4094=EDGE_CURVE('',#3463,#3464,#1220,.T.);
#4095=EDGE_CURVE('',#3464,#3465,#1221,.T.);
#4096=EDGE_CURVE('',#3465,#3466,#1222,.T.);
#4097=EDGE_CURVE('',#3466,#3467,#1223,.T.);
#4098=EDGE_CURVE('',#3467,#3468,#1224,.T.);
#4099=EDGE_CURVE('',#3468,#3469,#1225,.T.);
#4100=EDGE_CURVE('',#3469,#3470,#1226,.T.);
#4101=EDGE_CURVE('',#3470,#3471,#1227,.T.);
#4102=EDGE_CURVE('',#3471,#3472,#1228,.T.);
#4103=EDGE_CURVE('',#3472,#3473,#1229,.T.);
#4104=EDGE_CURVE('',#3473,#3474,#1230,.T.);
#4105=EDGE_CURVE('',#3474,#3475,#1231,.T.);
#4106=EDGE_CURVE('',#3475,#3476,#1232,.T.);
#4107=EDGE_CURVE('',#3476,#3477,#1233,.T.);
#4108=EDGE_CURVE('',#3477,#3478,#1234,.T.);
#4109=EDGE_CURVE('',#3478,#3479,#1235,.T.);
#4110=EDGE_CURVE('',#3479,#3480,#1236,.T.);
#4111=EDGE_CURVE('',#3480,#3481,#1237,.T.);
#4112=EDGE_CURVE('',#3481,#3482,#1238,.T.);
#4113=EDGE_CURVE('',#3482,#3483,#1239,.T.);
#4114=EDGE_CURVE('',#3483,#3484,#1240,.T.);
#4115=EDGE_CURVE('',#3484,#3485,#1241,.T.);
#4116=EDGE_CURVE('',#3485,#3486,#1242,.T.);
#4117=EDGE_CURVE('',#3486,#3487,#1243,.T.);
#4118=EDGE_CURVE('',#3487,#3488,#1244,.T.);
#4119=EDGE_CURVE('',#3488,#3344,#1245,.T.);
#4120=EDGE_CURVE('',#3343,#3346,#1246,.T.);
#4121=EDGE_CURVE('',#3489,#3315,#1247,.T.);
#4122=EDGE_CURVE('',#3489,#3490,#1248,.T.);
#4123=EDGE_CURVE('',#3316,#3490,#1249,.T.);
#4124=EDGE_CURVE('',#3329,#3491,#1250,.T.);
#4125=EDGE_CURVE('',#3492,#3328,#1251,.T.);
#4126=EDGE_CURVE('',#3491,#3492,#1252,.T.);
#4127=EDGE_CURVE('',#3491,#3493,#1253,.T.);
#4128=EDGE_CURVE('',#3493,#3330,#1254,.T.);
#4129=EDGE_CURVE('',#3494,#3495,#1255,.T.);
#4130=EDGE_CURVE('',#3496,#3494,#1256,.T.);
#4131=EDGE_CURVE('',#3497,#3496,#1257,.T.);
#4132=EDGE_CURVE('',#3498,#3497,#1258,.T.);
#4133=EDGE_CURVE('',#3499,#3498,#1259,.T.);
#4134=EDGE_CURVE('',#3500,#3499,#1260,.T.);
#4135=EDGE_CURVE('',#3501,#3500,#1261,.T.);
#4136=EDGE_CURVE('',#3502,#3501,#1262,.T.);
#4137=EDGE_CURVE('',#3503,#3502,#1263,.T.);
#4138=EDGE_CURVE('',#3504,#3503,#1264,.T.);
#4139=EDGE_CURVE('',#3505,#3504,#1265,.T.);
#4140=EDGE_CURVE('',#3506,#3505,#1266,.T.);
#4141=EDGE_CURVE('',#3507,#3506,#1267,.T.);
#4142=EDGE_CURVE('',#3508,#3507,#1268,.T.);
#4143=EDGE_CURVE('',#3509,#3508,#1269,.T.);
#4144=EDGE_CURVE('',#3510,#3509,#1270,.T.);
#4145=EDGE_CURVE('',#3511,#3510,#1271,.T.);
#4146=EDGE_CURVE('',#3512,#3511,#1272,.T.);
#4147=EDGE_CURVE('',#3513,#3512,#1273,.T.);
#4148=EDGE_CURVE('',#3514,#3513,#1274,.T.);
#4149=EDGE_CURVE('',#3515,#3514,#1275,.T.);
#4150=EDGE_CURVE('',#3516,#3515,#1276,.T.);
#4151=EDGE_CURVE('',#3517,#3516,#1277,.T.);
#4152=EDGE_CURVE('',#3518,#3517,#1278,.T.);
#4153=EDGE_CURVE('',#3519,#3518,#1279,.T.);
#4154=EDGE_CURVE('',#3520,#3519,#1280,.T.);
#4155=EDGE_CURVE('',#3521,#3520,#1281,.T.);
#4156=EDGE_CURVE('',#3522,#3521,#1282,.T.);
#4157=EDGE_CURVE('',#3490,#3522,#1283,.T.);
#4158=EDGE_CURVE('',#3523,#3489,#1284,.T.);
#4159=EDGE_CURVE('',#3524,#3523,#1285,.T.);
#4160=EDGE_CURVE('',#3525,#3524,#1286,.T.);
#4161=EDGE_CURVE('',#3526,#3525,#1287,.T.);
#4162=EDGE_CURVE('',#3527,#3526,#1288,.T.);
#4163=EDGE_CURVE('',#3528,#3527,#1289,.T.);
#4164=EDGE_CURVE('',#3529,#3528,#1290,.T.);
#4165=EDGE_CURVE('',#3530,#3529,#1291,.T.);
#4166=EDGE_CURVE('',#3531,#3530,#1292,.T.);
#4167=EDGE_CURVE('',#3532,#3531,#1293,.T.);
#4168=EDGE_CURVE('',#3533,#3532,#1294,.T.);
#4169=EDGE_CURVE('',#3534,#3533,#1295,.T.);
#4170=EDGE_CURVE('',#3535,#3534,#1296,.T.);
#4171=EDGE_CURVE('',#3536,#3535,#1297,.T.);
#4172=EDGE_CURVE('',#3537,#3536,#1298,.T.);
#4173=EDGE_CURVE('',#3538,#3537,#1299,.T.);
#4174=EDGE_CURVE('',#3539,#3538,#1300,.T.);
#4175=EDGE_CURVE('',#3540,#3539,#1301,.T.);
#4176=EDGE_CURVE('',#3541,#3540,#1302,.T.);
#4177=EDGE_CURVE('',#3542,#3541,#1303,.T.);
#4178=EDGE_CURVE('',#3543,#3542,#1304,.T.);
#4179=EDGE_CURVE('',#3544,#3543,#1305,.T.);
#4180=EDGE_CURVE('',#3545,#3544,#1306,.T.);
#4181=EDGE_CURVE('',#3546,#3545,#26,.T.);
#4182=EDGE_CURVE('',#3547,#3546,#27,.T.);
#4183=EDGE_CURVE('',#3548,#3547,#1307,.T.);
#4184=EDGE_CURVE('',#3549,#3548,#28,.T.);
#4185=EDGE_CURVE('',#3550,#3549,#1308,.T.);
#4186=EDGE_CURVE('',#3551,#3550,#1309,.T.);
#4187=EDGE_CURVE('',#3552,#3551,#1310,.T.);
#4188=EDGE_CURVE('',#3553,#3552,#1311,.T.);
#4189=EDGE_CURVE('',#3554,#3553,#1312,.T.);
#4190=EDGE_CURVE('',#3555,#3554,#1313,.T.);
#4191=EDGE_CURVE('',#3556,#3555,#1314,.T.);
#4192=EDGE_CURVE('',#3557,#3556,#1315,.T.);
#4193=EDGE_CURVE('',#3558,#3557,#1316,.T.);
#4194=EDGE_CURVE('',#3559,#3558,#1317,.T.);
#4195=EDGE_CURVE('',#3560,#3559,#1318,.T.);
#4196=EDGE_CURVE('',#3561,#3560,#1319,.T.);
#4197=EDGE_CURVE('',#3562,#3561,#1320,.T.);
#4198=EDGE_CURVE('',#3563,#3562,#1321,.T.);
#4199=EDGE_CURVE('',#3564,#3563,#1322,.T.);
#4200=EDGE_CURVE('',#3565,#3564,#1323,.T.);
#4201=EDGE_CURVE('',#3566,#3565,#1324,.T.);
#4202=EDGE_CURVE('',#3567,#3566,#1325,.T.);
#4203=EDGE_CURVE('',#3568,#3567,#1326,.T.);
#4204=EDGE_CURVE('',#3569,#3568,#1327,.T.);
#4205=EDGE_CURVE('',#3570,#3569,#1328,.T.);
#4206=EDGE_CURVE('',#3571,#3570,#1329,.T.);
#4207=EDGE_CURVE('',#3572,#3571,#1330,.T.);
#4208=EDGE_CURVE('',#3573,#3572,#1331,.T.);
#4209=EDGE_CURVE('',#3574,#3573,#1332,.T.);
#4210=EDGE_CURVE('',#3495,#3574,#1333,.T.);
#4211=EDGE_CURVE('',#3465,#3533,#1334,.T.);
#4212=EDGE_CURVE('',#3464,#3575,#1335,.T.);
#4213=EDGE_CURVE('',#3534,#3575,#1336,.T.);
#4214=EDGE_CURVE('',#3576,#3532,#1337,.T.);
#4215=EDGE_CURVE('',#3466,#3576,#1338,.T.);
#4216=EDGE_CURVE('',#3577,#3531,#1339,.T.);
#4217=EDGE_CURVE('',#3467,#3577,#1340,.T.);
#4218=EDGE_CURVE('',#3576,#3467,#1341,.T.);
#4219=EDGE_CURVE('',#3530,#3578,#1342,.T.);
#4220=EDGE_CURVE('',#3469,#3578,#1343,.T.);
#4221=EDGE_CURVE('',#3468,#3577,#1344,.T.);
#4222=EDGE_CURVE('',#3529,#3579,#1345,.T.);
#4223=EDGE_CURVE('',#3474,#3579,#1346,.T.);
#4224=EDGE_CURVE('',#3578,#3474,#1347,.T.);
#4225=EDGE_CURVE('',#3528,#3580,#1348,.T.);
#4226=EDGE_CURVE('',#3480,#3580,#1349,.T.);
#4227=EDGE_CURVE('',#3479,#3579,#1350,.T.);
#4228=EDGE_CURVE('',#3581,#3527,#1351,.T.);
#4229=EDGE_CURVE('',#3481,#3581,#1352,.T.);
#4230=EDGE_CURVE('',#3580,#3481,#1353,.T.);
#4231=EDGE_CURVE('',#3526,#3582,#1354,.T.);
#4232=EDGE_CURVE('',#3484,#3582,#1355,.T.);
#4233=EDGE_CURVE('',#3581,#3484,#1356,.T.);
#4234=EDGE_CURVE('',#3583,#3525,#1357,.T.);
#4235=EDGE_CURVE('',#3486,#3583,#1358,.T.);
#4236=EDGE_CURVE('',#3582,#3486,#1359,.T.);
#4237=EDGE_CURVE('',#3584,#3524,#1360,.T.);
#4238=EDGE_CURVE('',#3488,#3584,#1361,.T.);
#4239=EDGE_CURVE('',#3487,#3583,#1362,.T.);
#4240=EDGE_CURVE('',#3585,#3523,#1363,.T.);
#4241=EDGE_CURVE('',#3344,#3585,#1364,.T.);
#4242=EDGE_CURVE('',#3584,#3344,#1365,.T.);
#4243=EDGE_CURVE('',#3314,#3585,#1366,.T.);
#4244=EDGE_CURVE('',#3317,#3522,#1367,.T.);
#4245=EDGE_CURVE('',#3318,#3521,#1368,.T.);
#4246=EDGE_CURVE('',#3319,#3520,#1369,.T.);
#4247=EDGE_CURVE('',#3320,#3519,#1370,.T.);
#4248=EDGE_CURVE('',#3321,#3518,#1371,.T.);
#4249=EDGE_CURVE('',#3322,#3517,#1372,.T.);
#4250=EDGE_CURVE('',#3323,#3516,#1373,.T.);
#4251=EDGE_CURVE('',#3324,#3515,#1374,.T.);
#4252=EDGE_CURVE('',#3325,#3514,#1375,.T.);
#4253=EDGE_CURVE('',#3326,#3513,#1376,.T.);
#4254=EDGE_CURVE('',#3327,#3512,#1377,.T.);
#4255=EDGE_CURVE('',#3586,#3511,#1378,.T.);
#4256=EDGE_CURVE('',#3327,#3586,#1379,.T.);
#4257=EDGE_CURVE('',#3510,#3587,#1380,.T.);
#4258=EDGE_CURVE('',#3586,#3587,#1381,.T.);
#4259=EDGE_CURVE('',#3588,#3509,#1382,.T.);
#4260=EDGE_CURVE('',#3589,#3588,#1383,.T.);
#4261=EDGE_CURVE('',#3589,#3590,#1384,.T.);
#4262=EDGE_CURVE('',#3590,#3587,#1385,.T.);
#4263=EDGE_CURVE('',#3591,#3508,#1386,.T.);
#4264=EDGE_CURVE('',#3591,#3588,#1387,.T.);
#4265=EDGE_CURVE('',#3507,#3592,#1388,.T.);
#4266=EDGE_CURVE('',#3592,#3591,#1389,.T.);
#4267=EDGE_CURVE('',#3593,#3506,#1390,.T.);
#4268=EDGE_CURVE('',#3593,#3592,#1391,.T.);
#4269=EDGE_CURVE('',#3594,#3505,#1392,.T.);
#4270=EDGE_CURVE('',#3594,#3593,#1393,.T.);
#4271=EDGE_CURVE('',#3595,#3504,#1394,.T.);
#4272=EDGE_CURVE('',#3595,#3594,#1395,.T.);
#4273=EDGE_CURVE('',#3596,#3503,#1396,.T.);
#4274=EDGE_CURVE('',#3596,#3595,#1397,.T.);
#4275=EDGE_CURVE('',#3597,#3502,#1398,.T.);
#4276=EDGE_CURVE('',#3597,#3596,#1399,.T.);
#4277=EDGE_CURVE('',#3598,#3501,#1400,.T.);
#4278=EDGE_CURVE('',#3598,#3597,#1401,.T.);
#4279=EDGE_CURVE('',#3599,#3500,#1402,.T.);
#4280=EDGE_CURVE('',#3599,#3598,#1403,.T.);
#4281=EDGE_CURVE('',#3600,#3499,#1404,.T.);
#4282=EDGE_CURVE('',#3600,#3599,#1405,.T.);
#4283=EDGE_CURVE('',#3601,#3498,#1406,.T.);
#4284=EDGE_CURVE('',#3601,#3600,#1407,.T.);
#4285=EDGE_CURVE('',#3602,#3497,#1408,.T.);
#4286=EDGE_CURVE('',#3603,#3602,#1409,.T.);
#4287=EDGE_CURVE('',#3603,#3601,#1410,.T.);
#4288=EDGE_CURVE('',#3604,#3496,#1411,.T.);
#4289=EDGE_CURVE('',#3604,#3406,#1412,.T.);
#4290=EDGE_CURVE('',#3406,#3602,#1413,.T.);
#4291=EDGE_CURVE('',#3408,#3494,#1414,.T.);
#4292=EDGE_CURVE('',#3407,#3604,#1415,.T.);
#4293=EDGE_CURVE('',#3451,#3546,#1416,.T.);
#4294=EDGE_CURVE('',#3450,#3605,#1417,.T.);
#4295=EDGE_CURVE('',#3606,#3605,#29,.T.);
#4296=EDGE_CURVE('',#3606,#3607,#1418,.T.);
#4297=EDGE_CURVE('',#3607,#3608,#30,.T.);
#4298=EDGE_CURVE('',#3608,#3609,#1419,.T.);
#4299=EDGE_CURVE('',#3605,#3609,#31,.T.);
#4300=EDGE_CURVE('',#3610,#3449,#1420,.T.);
#4301=EDGE_CURVE('',#3610,#3611,#32,.T.);
#4302=EDGE_CURVE('',#3547,#3611,#1421,.T.);
#4303=EDGE_CURVE('',#3551,#3612,#1422,.T.);
#4304=EDGE_CURVE('',#3444,#3612,#1423,.T.);
#4305=EDGE_CURVE('',#3613,#3444,#1424,.T.);
#4306=EDGE_CURVE('',#3613,#3552,#1425,.T.);
#4307=EDGE_CURVE('',#3446,#3550,#1426,.T.);
#4308=EDGE_CURVE('',#3445,#3612,#1427,.T.);
#4309=EDGE_CURVE('',#3549,#3447,#1428,.T.);
#4310=EDGE_CURVE('',#3448,#3548,#1429,.T.);
#4311=EDGE_CURVE('',#3611,#3610,#1430,.T.);
#4312=EDGE_CURVE('',#3452,#3545,#1431,.T.);
#4313=EDGE_CURVE('',#3453,#3544,#1432,.T.);
#4314=EDGE_CURVE('',#3454,#3543,#1433,.T.);
#4315=EDGE_CURVE('',#3455,#3542,#1434,.T.);
#4316=EDGE_CURVE('',#3456,#3541,#1435,.T.);
#4317=EDGE_CURVE('',#3457,#3540,#1436,.T.);
#4318=EDGE_CURVE('',#3458,#3539,#1437,.T.);
#4319=EDGE_CURVE('',#3459,#3538,#1438,.T.);
#4320=EDGE_CURVE('',#3460,#3537,#1439,.T.);
#4321=EDGE_CURVE('',#3461,#3536,#1440,.T.);
#4322=EDGE_CURVE('',#3614,#3535,#1441,.T.);
#4323=EDGE_CURVE('',#3462,#3614,#1442,.T.);
#4324=EDGE_CURVE('',#3463,#3575,#1443,.T.);
#4325=EDGE_CURVE('',#3614,#3463,#1444,.T.);
#4326=EDGE_CURVE('',#3586,#3590,#1445,.T.);
#4327=EDGE_CURVE('',#3557,#3615,#1446,.T.);
#4328=EDGE_CURVE('',#3615,#3437,#1447,.T.);
#4329=EDGE_CURVE('',#3437,#3616,#1448,.T.);
#4330=EDGE_CURVE('',#3558,#3616,#1449,.T.);
#4331=EDGE_CURVE('',#3435,#3616,#1450,.T.);
#4332=EDGE_CURVE('',#3434,#3559,#1451,.T.);
#4333=EDGE_CURVE('',#3563,#3617,#1452,.T.);
#4334=EDGE_CURVE('',#3617,#3429,#1453,.T.);
#4335=EDGE_CURVE('',#3429,#3618,#1454,.T.);
#4336=EDGE_CURVE('',#3564,#3618,#1455,.T.);
#4337=EDGE_CURVE('',#3618,#3427,#1456,.T.);
#4338=EDGE_CURVE('',#3427,#3619,#1457,.T.);
#4339=EDGE_CURVE('',#3565,#3619,#1458,.T.);
#4340=EDGE_CURVE('',#3426,#3619,#1459,.T.);
#4341=EDGE_CURVE('',#3425,#3620,#1460,.T.);
#4342=EDGE_CURVE('',#3620,#3566,#1461,.T.);
#4343=EDGE_CURVE('',#3621,#3567,#1462,.T.);
#4344=EDGE_CURVE('',#3420,#3621,#1463,.T.);
#4345=EDGE_CURVE('',#3419,#3622,#1464,.T.);
#4346=EDGE_CURVE('',#3622,#3568,#1465,.T.);
#4347=EDGE_CURVE('',#3623,#3571,#1466,.T.);
#4348=EDGE_CURVE('',#3414,#3623,#1467,.T.);
#4349=EDGE_CURVE('',#3413,#3624,#1468,.T.);
#4350=EDGE_CURVE('',#3624,#3572,#1469,.T.);
#4351=EDGE_CURVE('',#3609,#3625,#33,.T.);
#4352=EDGE_CURVE('',#3608,#3626,#34,.T.);
#4353=EDGE_CURVE('',#3625,#3626,#1470,.T.);
#4354=EDGE_CURVE('',#3627,#3606,#35,.T.);
#4355=EDGE_CURVE('',#3628,#3627,#1471,.T.);
#4356=EDGE_CURVE('',#3628,#3607,#36,.T.);
#4357=EDGE_CURVE('',#3629,#3626,#37,.T.);
#4358=EDGE_CURVE('',#3630,#3629,#1472,.T.);
#4359=EDGE_CURVE('',#3631,#3630,#1473,.T.);
#4360=EDGE_CURVE('',#3631,#3625,#38,.T.);
#4361=EDGE_CURVE('',#3627,#3632,#39,.T.);
#4362=EDGE_CURVE('',#3633,#3632,#1474,.T.);
#4363=EDGE_CURVE('',#3634,#3633,#1475,.T.);
#4364=EDGE_CURVE('',#3628,#3634,#40,.T.);
#4365=EDGE_CURVE('',#3631,#3635,#1476,.T.);
#4366=EDGE_CURVE('',#3635,#3636,#1477,.T.);
#4367=EDGE_CURVE('',#3636,#3637,#1478,.T.);
#4368=EDGE_CURVE('',#3637,#3638,#1479,.T.);
#4369=EDGE_CURVE('',#3638,#3639,#1480,.T.);
#4370=EDGE_CURVE('',#3639,#3640,#1481,.T.);
#4371=EDGE_CURVE('',#3640,#3641,#1482,.T.);
#4372=EDGE_CURVE('',#3641,#3642,#1483,.T.);
#4373=EDGE_CURVE('',#3642,#3643,#1484,.T.);
#4374=EDGE_CURVE('',#3643,#3644,#1485,.T.);
#4375=EDGE_CURVE('',#3644,#3645,#1486,.T.);
#4376=EDGE_CURVE('',#3645,#3646,#1487,.T.);
#4377=EDGE_CURVE('',#3646,#3647,#1488,.T.);
#4378=EDGE_CURVE('',#3647,#3648,#1489,.T.);
#4379=EDGE_CURVE('',#3648,#3649,#1490,.T.);
#4380=EDGE_CURVE('',#3649,#3650,#1491,.T.);
#4381=EDGE_CURVE('',#3650,#3651,#1492,.T.);
#4382=EDGE_CURVE('',#3651,#3652,#1493,.T.);
#4383=EDGE_CURVE('',#3652,#3653,#1494,.T.);
#4384=EDGE_CURVE('',#3653,#3654,#1495,.T.);
#4385=EDGE_CURVE('',#3654,#3655,#1496,.T.);
#4386=EDGE_CURVE('',#3655,#3656,#1497,.T.);
#4387=EDGE_CURVE('',#3656,#3657,#1498,.T.);
#4388=EDGE_CURVE('',#3658,#3657,#1499,.T.);
#4389=EDGE_CURVE('',#3659,#3658,#1500,.T.);
#4390=EDGE_CURVE('',#3660,#3659,#1501,.T.);
#4391=EDGE_CURVE('',#3661,#3660,#1502,.T.);
#4392=EDGE_CURVE('',#3662,#3661,#1503,.T.);
#4393=EDGE_CURVE('',#3663,#3662,#1504,.T.);
#4394=EDGE_CURVE('',#3664,#3663,#1505,.T.);
#4395=EDGE_CURVE('',#3665,#3664,#1506,.T.);
#4396=EDGE_CURVE('',#3666,#3665,#1507,.T.);
#4397=EDGE_CURVE('',#3667,#3666,#1508,.T.);
#4398=EDGE_CURVE('',#3668,#3667,#1509,.T.);
#4399=EDGE_CURVE('',#3669,#3668,#1510,.T.);
#4400=EDGE_CURVE('',#3670,#3669,#1511,.T.);
#4401=EDGE_CURVE('',#3671,#3670,#1512,.T.);
#4402=EDGE_CURVE('',#3672,#3671,#1513,.T.);
#4403=EDGE_CURVE('',#3673,#3672,#1514,.T.);
#4404=EDGE_CURVE('',#3674,#3673,#1515,.T.);
#4405=EDGE_CURVE('',#3675,#3674,#1516,.T.);
#4406=EDGE_CURVE('',#3676,#3675,#1517,.T.);
#4407=EDGE_CURVE('',#3677,#3676,#1518,.T.);
#4408=EDGE_CURVE('',#3678,#3677,#1519,.T.);
#4409=EDGE_CURVE('',#3679,#3678,#1520,.T.);
#4410=EDGE_CURVE('',#3680,#3679,#1521,.T.);
#4411=EDGE_CURVE('',#3681,#3680,#1522,.T.);
#4412=EDGE_CURVE('',#3681,#3682,#1523,.T.);
#4413=EDGE_CURVE('',#3682,#3683,#1524,.T.);
#4414=EDGE_CURVE('',#3683,#3684,#1525,.T.);
#4415=EDGE_CURVE('',#3684,#3685,#1526,.T.);
#4416=EDGE_CURVE('',#3685,#3686,#1527,.T.);
#4417=EDGE_CURVE('',#3686,#3687,#1528,.T.);
#4418=EDGE_CURVE('',#3687,#3688,#1529,.T.);
#4419=EDGE_CURVE('',#3688,#3689,#1530,.T.);
#4420=EDGE_CURVE('',#3689,#3690,#1531,.T.);
#4421=EDGE_CURVE('',#3690,#3691,#1532,.T.);
#4422=EDGE_CURVE('',#3691,#3692,#1533,.T.);
#4423=EDGE_CURVE('',#3692,#3693,#1534,.T.);
#4424=EDGE_CURVE('',#3693,#3694,#1535,.T.);
#4425=EDGE_CURVE('',#3694,#3695,#1536,.T.);
#4426=EDGE_CURVE('',#3695,#3696,#1537,.T.);
#4427=EDGE_CURVE('',#3696,#3697,#1538,.T.);
#4428=EDGE_CURVE('',#3697,#3698,#1539,.T.);
#4429=EDGE_CURVE('',#3698,#3699,#1540,.T.);
#4430=EDGE_CURVE('',#3699,#3700,#1541,.T.);
#4431=EDGE_CURVE('',#3700,#3701,#1542,.T.);
#4432=EDGE_CURVE('',#3701,#3702,#1543,.T.);
#4433=EDGE_CURVE('',#3702,#3703,#1544,.T.);
#4434=EDGE_CURVE('',#3703,#3704,#1545,.T.);
#4435=EDGE_CURVE('',#3704,#3632,#1546,.T.);
#4436=EDGE_CURVE('',#3351,#3705,#1547,.T.);
#4437=EDGE_CURVE('',#3350,#3337,#1548,.T.);
#4438=EDGE_CURVE('',#3337,#3706,#1549,.T.);
#4439=EDGE_CURVE('',#3707,#3706,#1550,.T.);
#4440=EDGE_CURVE('',#3705,#3707,#1551,.T.);
#4441=EDGE_CURVE('',#3708,#3705,#1552,.T.);
#4442=EDGE_CURVE('',#3708,#3352,#1553,.T.);
#4443=EDGE_CURVE('',#3337,#3349,#1554,.T.);
#4444=EDGE_CURVE('',#3709,#3710,#1555,.T.);
#4445=EDGE_CURVE('',#3709,#3335,#1556,.T.);
#4446=EDGE_CURVE('',#3710,#3334,#1557,.T.);
#4447=EDGE_CURVE('',#3333,#3711,#1558,.T.);
#4448=EDGE_CURVE('',#3710,#3711,#1559,.T.);
#4449=EDGE_CURVE('',#3331,#3712,#1560,.T.);
#4450=EDGE_CURVE('',#3712,#3493,#1561,.T.);
#4451=EDGE_CURVE('',#3713,#3712,#1562,.T.);
#4452=EDGE_CURVE('',#3713,#3332,#1563,.T.);
#4453=EDGE_CURVE('',#3711,#3713,#1564,.T.);
#4454=EDGE_CURVE('',#3714,#3715,#1565,.T.);
#4455=EDGE_CURVE('',#3716,#3714,#1566,.T.);
#4456=EDGE_CURVE('',#3715,#3716,#1567,.T.);
#4457=EDGE_CURVE('',#3717,#3376,#1568,.T.);
#4458=EDGE_CURVE('',#3717,#3718,#1569,.T.);
#4459=EDGE_CURVE('',#3376,#3718,#1570,.T.);
#4460=EDGE_CURVE('',#3719,#3718,#1571,.T.);
#4461=EDGE_CURVE('',#3717,#3719,#1572,.T.);
#4462=EDGE_CURVE('',#3720,#3634,#1573,.T.);
#4463=EDGE_CURVE('',#3721,#3720,#1574,.T.);
#4464=EDGE_CURVE('',#3722,#3721,#1575,.T.);
#4465=EDGE_CURVE('',#3723,#3722,#1576,.T.);
#4466=EDGE_CURVE('',#3724,#3723,#1577,.T.);
#4467=EDGE_CURVE('',#3725,#3724,#1578,.T.);
#4468=EDGE_CURVE('',#3726,#3725,#1579,.T.);
#4469=EDGE_CURVE('',#3727,#3726,#1580,.T.);
#4470=EDGE_CURVE('',#3728,#3727,#1581,.T.);
#4471=EDGE_CURVE('',#3729,#3728,#1582,.T.);
#4472=EDGE_CURVE('',#3730,#3729,#1583,.T.);
#4473=EDGE_CURVE('',#3731,#3730,#1584,.T.);
#4474=EDGE_CURVE('',#3732,#3731,#1585,.T.);
#4475=EDGE_CURVE('',#3733,#3732,#1586,.T.);
#4476=EDGE_CURVE('',#3734,#3733,#1587,.T.);
#4477=EDGE_CURVE('',#3735,#3734,#1588,.T.);
#4478=EDGE_CURVE('',#3736,#3735,#1589,.T.);
#4479=EDGE_CURVE('',#3737,#3736,#1590,.T.);
#4480=EDGE_CURVE('',#3738,#3737,#1591,.T.);
#4481=EDGE_CURVE('',#3739,#3738,#1592,.T.);
#4482=EDGE_CURVE('',#3740,#3739,#1593,.T.);
#4483=EDGE_CURVE('',#3741,#3740,#1594,.T.);
#4484=EDGE_CURVE('',#3742,#3741,#1595,.T.);
#4485=EDGE_CURVE('',#3743,#3742,#1596,.T.);
#4486=EDGE_CURVE('',#3744,#3743,#1597,.T.);
#4487=EDGE_CURVE('',#3745,#3744,#1598,.T.);
#4488=EDGE_CURVE('',#3746,#3745,#1599,.T.);
#4489=EDGE_CURVE('',#3747,#3746,#1600,.T.);
#4490=EDGE_CURVE('',#3748,#3747,#1601,.T.);
#4491=EDGE_CURVE('',#3749,#3748,#1602,.T.);
#4492=EDGE_CURVE('',#3750,#3749,#1603,.T.);
#4493=EDGE_CURVE('',#3719,#3750,#1604,.T.);
#4494=EDGE_CURVE('',#3751,#3717,#1605,.T.);
#4495=EDGE_CURVE('',#3752,#3751,#1606,.T.);
#4496=EDGE_CURVE('',#3753,#3752,#1607,.T.);
#4497=EDGE_CURVE('',#3754,#3753,#1608,.T.);
#4498=EDGE_CURVE('',#3755,#3754,#1609,.T.);
#4499=EDGE_CURVE('',#3756,#3755,#1610,.T.);
#4500=EDGE_CURVE('',#3756,#3757,#1611,.T.);
#4501=EDGE_CURVE('',#3757,#3758,#1612,.T.);
#4502=EDGE_CURVE('',#3758,#3759,#1613,.T.);
#4503=EDGE_CURVE('',#3759,#3760,#1614,.T.);
#4504=EDGE_CURVE('',#3760,#3761,#1615,.T.);
#4505=EDGE_CURVE('',#3761,#3762,#1616,.T.);
#4506=EDGE_CURVE('',#3762,#3763,#1617,.T.);
#4507=EDGE_CURVE('',#3763,#3764,#1618,.T.);
#4508=EDGE_CURVE('',#3764,#3765,#1619,.T.);
#4509=EDGE_CURVE('',#3765,#3766,#1620,.T.);
#4510=EDGE_CURVE('',#3766,#3767,#1621,.T.);
#4511=EDGE_CURVE('',#3767,#3768,#1622,.T.);
#4512=EDGE_CURVE('',#3768,#3769,#1623,.T.);
#4513=EDGE_CURVE('',#3769,#3770,#1624,.T.);
#4514=EDGE_CURVE('',#3770,#3771,#1625,.T.);
#4515=EDGE_CURVE('',#3771,#3772,#1626,.T.);
#4516=EDGE_CURVE('',#3772,#3773,#1627,.T.);
#4517=EDGE_CURVE('',#3773,#3708,#1628,.T.);
#4518=EDGE_CURVE('',#3707,#3774,#1629,.T.);
#4519=EDGE_CURVE('',#3774,#3775,#1630,.T.);
#4520=EDGE_CURVE('',#3775,#3776,#1631,.T.);
#4521=EDGE_CURVE('',#3776,#3777,#1632,.T.);
#4522=EDGE_CURVE('',#3777,#3778,#1633,.T.);
#4523=EDGE_CURVE('',#3778,#3779,#1634,.T.);
#4524=EDGE_CURVE('',#3779,#3780,#1635,.T.);
#4525=EDGE_CURVE('',#3780,#3781,#1636,.T.);
#4526=EDGE_CURVE('',#3781,#3782,#1637,.T.);
#4527=EDGE_CURVE('',#3782,#3783,#1638,.T.);
#4528=EDGE_CURVE('',#3783,#3716,#1639,.T.);
#4529=EDGE_CURVE('',#3716,#3784,#1640,.T.);
#4530=EDGE_CURVE('',#3784,#3785,#1641,.T.);
#4531=EDGE_CURVE('',#3785,#3786,#1642,.T.);
#4532=EDGE_CURVE('',#3786,#3787,#1643,.T.);
#4533=EDGE_CURVE('',#3787,#3788,#1644,.T.);
#4534=EDGE_CURVE('',#3788,#3789,#1645,.T.);
#4535=EDGE_CURVE('',#3789,#3790,#1646,.T.);
#4536=EDGE_CURVE('',#3790,#3791,#1647,.T.);
#4537=EDGE_CURVE('',#3791,#3792,#1648,.T.);
#4538=EDGE_CURVE('',#3792,#3793,#1649,.T.);
#4539=EDGE_CURVE('',#3794,#3793,#1650,.T.);
#4540=EDGE_CURVE('',#3795,#3794,#1651,.T.);
#4541=EDGE_CURVE('',#3796,#3795,#1652,.T.);
#4542=EDGE_CURVE('',#3797,#3796,#1653,.T.);
#4543=EDGE_CURVE('',#3798,#3797,#1654,.T.);
#4544=EDGE_CURVE('',#3799,#3798,#1655,.T.);
#4545=EDGE_CURVE('',#3800,#3799,#1656,.T.);
#4546=EDGE_CURVE('',#3801,#3800,#1657,.T.);
#4547=EDGE_CURVE('',#3802,#3801,#1658,.T.);
#4548=EDGE_CURVE('',#3803,#3802,#1659,.T.);
#4549=EDGE_CURVE('',#3804,#3803,#1660,.T.);
#4550=EDGE_CURVE('',#3805,#3804,#1661,.T.);
#4551=EDGE_CURVE('',#3806,#3805,#1662,.T.);
#4552=EDGE_CURVE('',#3807,#3806,#1663,.T.);
#4553=EDGE_CURVE('',#3808,#3807,#1664,.T.);
#4554=EDGE_CURVE('',#3809,#3808,#1665,.T.);
#4555=EDGE_CURVE('',#3810,#3809,#1666,.T.);
#4556=EDGE_CURVE('',#3811,#3810,#1667,.T.);
#4557=EDGE_CURVE('',#3812,#3811,#1668,.T.);
#4558=EDGE_CURVE('',#3813,#3812,#1669,.T.);
#4559=EDGE_CURVE('',#3814,#3813,#1670,.T.);
#4560=EDGE_CURVE('',#3815,#3814,#1671,.T.);
#4561=EDGE_CURVE('',#3816,#3815,#1672,.T.);
#4562=EDGE_CURVE('',#3817,#3816,#1673,.T.);
#4563=EDGE_CURVE('',#3818,#3817,#1674,.T.);
#4564=EDGE_CURVE('',#3819,#3818,#1675,.T.);
#4565=EDGE_CURVE('',#3820,#3819,#1676,.T.);
#4566=EDGE_CURVE('',#3821,#3820,#1677,.T.);
#4567=EDGE_CURVE('',#3822,#3821,#1678,.T.);
#4568=EDGE_CURVE('',#3823,#3822,#1679,.T.);
#4569=EDGE_CURVE('',#3824,#3823,#1680,.T.);
#4570=EDGE_CURVE('',#3825,#3824,#1681,.T.);
#4571=EDGE_CURVE('',#3826,#3825,#1682,.T.);
#4572=EDGE_CURVE('',#3827,#3826,#1683,.T.);
#4573=EDGE_CURVE('',#3828,#3827,#1684,.T.);
#4574=EDGE_CURVE('',#3629,#3828,#1685,.T.);
#4575=EDGE_CURVE('',#3829,#3749,#1686,.T.);
#4576=EDGE_CURVE('',#3829,#3750,#1687,.T.);
#4577=EDGE_CURVE('',#3829,#3748,#1688,.T.);
#4578=EDGE_CURVE('',#3750,#3718,#1689,.T.);
#4579=EDGE_CURVE('',#3830,#3378,#1690,.T.);
#4580=EDGE_CURVE('',#3378,#3750,#1691,.T.);
#4581=EDGE_CURVE('',#3830,#3750,#1692,.T.);
#4582=EDGE_CURVE('',#3751,#3376,#1693,.T.);
#4583=EDGE_CURVE('',#3375,#3751,#1694,.T.);
#4584=EDGE_CURVE('',#3378,#3718,#1695,.T.);
#4585=EDGE_CURVE('',#3831,#3380,#1696,.T.);
#4586=EDGE_CURVE('',#3831,#3379,#1697,.T.);
#4587=EDGE_CURVE('',#3682,#3746,#1698,.T.);
#4588=EDGE_CURVE('',#3682,#3747,#1699,.T.);
#4589=EDGE_CURVE('',#3830,#3379,#1700,.T.);
#4590=EDGE_CURVE('',#3830,#3831,#1701,.T.);
#4591=EDGE_CURVE('',#3684,#3742,#1702,.T.);
#4592=EDGE_CURVE('',#3684,#3743,#1703,.T.);
#4593=EDGE_CURVE('',#3744,#3684,#1704,.T.);
#4594=EDGE_CURVE('',#3373,#3752,#1705,.T.);
#4595=EDGE_CURVE('',#3752,#3374,#1706,.T.);
#4596=EDGE_CURVE('',#3374,#3751,#1707,.T.);
#4597=EDGE_CURVE('',#3755,#3371,#1708,.T.);
#4598=EDGE_CURVE('',#3754,#3371,#1709,.T.);
#4599=EDGE_CURVE('',#3756,#3370,#1710,.T.);
#4600=EDGE_CURVE('',#3370,#3757,#1711,.T.);
#4601=EDGE_CURVE('',#3756,#3371,#1712,.T.);
#4602=EDGE_CURVE('',#3368,#3757,#1713,.T.);
#4603=EDGE_CURVE('',#3369,#3757,#1714,.T.);
#4604=EDGE_CURVE('',#3683,#3744,#1715,.T.);
#4605=EDGE_CURVE('',#3737,#3689,#1716,.T.);
#4606=EDGE_CURVE('',#3689,#3736,#1717,.T.);
#4607=EDGE_CURVE('',#3688,#3737,#1718,.T.);
#4608=EDGE_CURVE('',#3704,#3633,#1719,.T.);
#4609=EDGE_CURVE('',#3703,#3721,#1720,.T.);
#4610=EDGE_CURVE('',#3721,#3704,#1721,.T.);
#4611=EDGE_CURVE('',#3702,#3722,#1722,.T.);
#4612=EDGE_CURVE('',#3722,#3703,#1723,.T.);
#4613=EDGE_CURVE('',#3725,#3700,#1724,.T.);
#4614=EDGE_CURVE('',#3700,#3724,#1725,.T.);
#4615=EDGE_CURVE('',#3698,#3726,#1726,.T.);
#4616=EDGE_CURVE('',#3698,#3725,#1727,.T.);
#4617=EDGE_CURVE('',#3693,#3731,#1728,.T.);
#4618=EDGE_CURVE('',#3693,#3732,#1729,.T.);
#4619=EDGE_CURVE('',#3733,#3693,#1730,.T.);
#4620=EDGE_CURVE('',#3690,#3735,#1731,.T.);
#4621=EDGE_CURVE('',#3690,#3734,#1732,.T.);
#4622=EDGE_CURVE('',#3689,#3735,#1733,.T.);
#4623=EDGE_CURVE('',#3704,#3720,#1734,.T.);
#4624=EDGE_CURVE('',#3758,#3367,#1735,.T.);
#4625=EDGE_CURVE('',#3759,#3367,#1736,.T.);
#4626=EDGE_CURVE('',#3367,#3760,#1737,.T.);
#4627=EDGE_CURVE('',#3760,#3366,#1738,.T.);
#4628=EDGE_CURVE('',#3482,#3581,#1739,.T.);
#4629=EDGE_CURVE('',#3483,#3581,#1740,.T.);
#4630=EDGE_CURVE('',#3772,#3353,#1741,.T.);
#4631=EDGE_CURVE('',#3772,#3354,#1742,.T.);
#4632=EDGE_CURVE('',#3355,#3772,#1743,.T.);
#4633=EDGE_CURVE('',#3771,#3355,#1744,.T.);
#4634=EDGE_CURVE('',#3356,#3771,#1745,.T.);
#4635=EDGE_CURVE('',#3485,#3582,#1746,.T.);
#4636=EDGE_CURVE('',#3341,#3347,#1747,.T.);
#4637=EDGE_CURVE('',#3347,#3342,#1748,.T.);
#4638=EDGE_CURVE('',#3338,#3348,#1749,.T.);
#4639=EDGE_CURVE('',#3348,#3339,#1750,.T.);
#4640=EDGE_CURVE('',#3340,#3347,#1751,.T.);
#4641=EDGE_CURVE('',#3476,#3579,#1752,.T.);
#4642=EDGE_CURVE('',#3475,#3579,#1753,.T.);
#4643=EDGE_CURVE('',#3478,#3579,#1754,.T.);
#4644=EDGE_CURVE('',#3436,#3616,#1755,.T.);
#4645=EDGE_CURVE('',#3723,#3702,#1756,.T.);
#4646=EDGE_CURVE('',#3700,#3723,#1757,.T.);
#4647=EDGE_CURVE('',#3697,#3727,#1758,.T.);
#4648=EDGE_CURVE('',#3727,#3698,#1759,.T.);
#4649=EDGE_CURVE('',#3696,#3728,#1760,.T.);
#4650=EDGE_CURVE('',#3728,#3697,#1761,.T.);
#4651=EDGE_CURVE('',#3729,#3696,#1762,.T.);
#4652=EDGE_CURVE('',#3694,#3730,#1763,.T.);
#4653=EDGE_CURVE('',#3731,#3694,#1764,.T.);
#4654=EDGE_CURVE('',#3686,#3739,#1765,.T.);
#4655=EDGE_CURVE('',#3687,#3739,#1766,.T.);
#4656=EDGE_CURVE('',#3685,#3742,#1767,.T.);
#4657=EDGE_CURVE('',#3832,#3398,#1768,.T.);
#4658=EDGE_CURVE('',#3832,#3833,#1769,.T.);
#4659=EDGE_CURVE('',#3833,#3399,#1770,.T.);
#4660=EDGE_CURVE('',#3399,#3834,#1771,.T.);
#4661=EDGE_CURVE('',#3834,#3400,#1772,.T.);
#4662=EDGE_CURVE('',#3833,#3834,#1773,.T.);
#4663=EDGE_CURVE('',#3834,#3401,#1774,.T.);
#4664=EDGE_CURVE('',#3834,#3835,#1775,.T.);
#4665=EDGE_CURVE('',#3835,#3401,#1776,.T.);
#4666=EDGE_CURVE('',#3401,#3836,#1777,.T.);
#4667=EDGE_CURVE('',#3836,#3402,#1778,.T.);
#4668=EDGE_CURVE('',#3835,#3836,#1779,.T.);
#4669=EDGE_CURVE('',#3837,#3787,#1780,.T.);
#4670=EDGE_CURVE('',#3837,#3838,#1781,.T.);
#4671=EDGE_CURVE('',#3787,#3838,#1782,.T.);
#4672=EDGE_CURVE('',#3836,#3403,#1783,.T.);
#4673=EDGE_CURVE('',#3836,#3839,#1784,.T.);
#4674=EDGE_CURVE('',#3839,#3403,#1785,.T.);
#4675=EDGE_CURVE('',#3787,#3840,#1786,.T.);
#4676=EDGE_CURVE('',#3840,#3788,#1787,.T.);
#4677=EDGE_CURVE('',#3838,#3840,#1788,.T.);
#4678=EDGE_CURVE('',#3841,#3404,#1789,.T.);
#4679=EDGE_CURVE('',#3839,#3404,#1790,.T.);
#4680=EDGE_CURVE('',#3839,#3841,#1791,.T.);
#4681=EDGE_CURVE('',#3842,#3394,#1792,.T.);
#4682=EDGE_CURVE('',#3842,#3395,#1793,.T.);
#4683=EDGE_CURVE('',#3843,#3395,#1794,.T.);
#4684=EDGE_CURVE('',#3842,#3843,#1795,.T.);
#4685=EDGE_CURVE('',#3844,#3388,#1796,.T.);
#4686=EDGE_CURVE('',#3844,#3389,#1797,.T.);
#4687=EDGE_CURVE('',#3845,#3782,#1798,.T.);
#4688=EDGE_CURVE('',#3845,#3846,#1799,.T.);
#4689=EDGE_CURVE('',#3782,#3846,#1800,.T.);
#4690=EDGE_CURVE('',#3781,#3845,#1801,.T.);
#4691=EDGE_CURVE('',#3389,#3847,#1802,.T.);
#4692=EDGE_CURVE('',#3847,#3390,#1803,.T.);
#4693=EDGE_CURVE('',#3390,#3848,#1804,.T.);
#4694=EDGE_CURVE('',#3848,#3391,#1805,.T.);
#4695=EDGE_CURVE('',#3847,#3848,#1806,.T.);
#4696=EDGE_CURVE('',#3849,#3784,#1807,.T.);
#4697=EDGE_CURVE('',#3849,#3785,#1808,.T.);
#4698=EDGE_CURVE('',#3714,#3849,#1809,.T.);
#4699=EDGE_CURVE('',#3714,#3784,#1810,.T.);
#4700=EDGE_CURVE('',#3848,#3392,#1811,.T.);
#4701=EDGE_CURVE('',#3392,#3850,#1812,.T.);
#4702=EDGE_CURVE('',#3850,#3393,#1813,.T.);
#4703=EDGE_CURVE('',#3850,#3394,#1814,.T.);
#4704=EDGE_CURVE('',#3851,#3787,#1815,.T.);
#4705=EDGE_CURVE('',#3786,#3851,#1816,.T.);
#4706=EDGE_CURVE('',#3851,#3837,#1817,.T.);
#4707=EDGE_CURVE('',#3843,#3396,#1818,.T.);
#4708=EDGE_CURVE('',#3849,#3786,#1819,.T.);
#4709=EDGE_CURVE('',#3849,#3851,#1820,.T.);
#4710=EDGE_CURVE('',#3846,#3783,#1821,.T.);
#4711=EDGE_CURVE('',#3846,#3852,#1822,.T.);
#4712=EDGE_CURVE('',#3783,#3852,#1823,.T.);
#4713=EDGE_CURVE('',#3853,#3397,#1824,.T.);
#4714=EDGE_CURVE('',#3853,#3832,#1825,.T.);
#4715=EDGE_CURVE('',#3783,#3854,#1826,.T.);
#4716=EDGE_CURVE('',#3854,#3716,#1827,.T.);
#4717=EDGE_CURVE('',#3852,#3854,#1828,.T.);
#4718=EDGE_CURVE('',#3854,#3715,#1829,.T.);
#4719=EDGE_CURVE('',#3778,#3855,#1830,.T.);
#4720=EDGE_CURVE('',#3855,#3779,#1831,.T.);
#4721=EDGE_CURVE('',#3856,#3855,#1832,.T.);
#4722=EDGE_CURVE('',#3778,#3856,#1833,.T.);
#4723=EDGE_CURVE('',#3345,#3313,#1834,.T.);
#4724=EDGE_CURVE('',#3779,#3857,#1835,.T.);
#4725=EDGE_CURVE('',#3780,#3857,#1836,.T.);
#4726=EDGE_CURVE('',#3855,#3857,#1837,.T.);
#4727=EDGE_CURVE('',#3344,#3314,#1838,.T.);
#4728=EDGE_CURVE('',#3345,#3314,#1839,.T.);
#4729=EDGE_CURVE('',#3781,#3858,#1840,.T.);
#4730=EDGE_CURVE('',#3858,#3859,#1841,.T.);
#4731=EDGE_CURVE('',#3781,#3859,#1842,.T.);
#4732=EDGE_CURVE('',#3781,#3860,#1843,.T.);
#4733=EDGE_CURVE('',#3860,#3858,#1844,.T.);
#4734=EDGE_CURVE('',#3781,#3857,#1845,.T.);
#4735=EDGE_CURVE('',#3857,#3860,#1846,.T.);
#4736=EDGE_CURVE('',#3861,#3380,#1847,.T.);
#4737=EDGE_CURVE('',#3831,#3861,#1848,.T.);
#4738=EDGE_CURVE('',#3862,#3863,#1849,.T.);
#4739=EDGE_CURVE('',#3863,#3384,#1850,.T.);
#4740=EDGE_CURVE('',#3862,#3384,#1851,.T.);
#4741=EDGE_CURVE('',#3863,#3864,#1852,.T.);
#4742=EDGE_CURVE('',#3384,#3864,#1853,.T.);
#4743=EDGE_CURVE('',#3739,#3688,#1854,.T.);
#4744=EDGE_CURVE('',#3688,#3738,#1855,.T.);
#4745=EDGE_CURVE('',#3692,#3733,#1856,.T.);
#4746=EDGE_CURVE('',#3691,#3733,#1857,.T.);
#4747=EDGE_CURVE('',#3701,#3723,#1858,.T.);
#4748=EDGE_CURVE('',#3699,#3725,#1859,.T.);
#4749=EDGE_CURVE('',#3695,#3729,#1860,.T.);
#4750=EDGE_CURVE('',#3730,#3695,#1861,.T.);
#4751=EDGE_CURVE('',#3691,#3734,#1862,.T.);
#4752=EDGE_CURVE('',#3642,#3817,#1863,.T.);
#4753=EDGE_CURVE('',#3817,#3643,#1864,.T.);
#4754=EDGE_CURVE('',#3643,#3815,#1865,.T.);
#4755=EDGE_CURVE('',#3644,#3815,#1866,.T.);
#4756=EDGE_CURVE('',#3643,#3816,#1867,.T.);
#4757=EDGE_CURVE('',#3815,#3645,#1868,.T.);
#4758=EDGE_CURVE('',#3647,#3812,#1869,.T.);
#4759=EDGE_CURVE('',#3812,#3648,#1870,.T.);
#4760=EDGE_CURVE('',#3648,#3810,#1871,.T.);
#4761=EDGE_CURVE('',#3648,#3811,#1872,.T.);
#4762=EDGE_CURVE('',#3645,#3813,#1873,.T.);
#4763=EDGE_CURVE('',#3645,#3814,#1874,.T.);
#4764=EDGE_CURVE('',#3813,#3647,#1875,.T.);
#4765=EDGE_CURVE('',#3646,#3813,#1876,.T.);
#4766=EDGE_CURVE('',#3649,#3809,#1877,.T.);
#4767=EDGE_CURVE('',#3810,#3649,#1878,.T.);
#4768=EDGE_CURVE('',#3642,#3818,#1879,.T.);
#4769=EDGE_CURVE('',#3773,#3353,#1880,.T.);
#4770=EDGE_CURVE('',#3865,#3778,#1881,.T.);
#4771=EDGE_CURVE('',#3865,#3866,#1882,.T.);
#4772=EDGE_CURVE('',#3866,#3778,#1883,.T.);
#4773=EDGE_CURVE('',#3777,#3865,#1884,.T.);
#4774=EDGE_CURVE('',#3342,#3346,#1885,.T.);
#4775=EDGE_CURVE('',#3777,#3867,#1886,.T.);
#4776=EDGE_CURVE('',#3867,#3865,#1887,.T.);
#4777=EDGE_CURVE('',#3776,#3867,#1888,.T.);
#4778=EDGE_CURVE('',#3774,#3706,#1889,.T.);
#4779=EDGE_CURVE('',#3338,#3349,#1890,.T.);
#4780=EDGE_CURVE('',#3868,#3706,#1891,.T.);
#4781=EDGE_CURVE('',#3774,#3868,#1892,.T.);
#4782=EDGE_CURVE('',#3868,#3775,#1893,.T.);
#4783=EDGE_CURVE('',#3868,#3869,#1894,.T.);
#4784=EDGE_CURVE('',#3869,#3775,#1895,.T.);
#4785=EDGE_CURVE('',#3870,#3336,#1896,.T.);
#4786=EDGE_CURVE('',#3868,#3870,#1897,.T.);
#4787=EDGE_CURVE('',#3348,#3340,#1898,.T.);
#4788=EDGE_CURVE('',#3871,#3775,#1899,.T.);
#4789=EDGE_CURVE('',#3869,#3871,#1900,.T.);
#4790=EDGE_CURVE('',#3871,#3776,#1901,.T.);
#4791=EDGE_CURVE('',#3871,#3867,#1902,.T.);
#4792=EDGE_CURVE('',#3368,#3758,#1903,.T.);
#4793=EDGE_CURVE('',#3762,#3363,#1904,.T.);
#4794=EDGE_CURVE('',#3363,#3763,#1905,.T.);
#4795=EDGE_CURVE('',#3443,#3613,#1906,.T.);
#4796=EDGE_CURVE('',#3442,#3553,#1907,.T.);
#4797=EDGE_CURVE('',#3859,#3845,#1908,.T.);
#4798=EDGE_CURVE('',#3866,#3856,#1909,.T.);
#4799=EDGE_CURVE('',#3686,#3740,#1910,.T.);
#4800=EDGE_CURVE('',#3741,#3686,#1911,.T.);
#4801=EDGE_CURVE('',#3685,#3741,#1912,.T.);
#4802=EDGE_CURVE('',#3830,#3829,#1913,.T.);
#4803=EDGE_CURVE('',#3872,#3381,#1914,.T.);
#4804=EDGE_CURVE('',#3861,#3381,#1915,.T.);
#4805=EDGE_CURVE('',#3861,#3872,#1916,.T.);
#4806=EDGE_CURVE('',#3381,#3873,#1917,.T.);
#4807=EDGE_CURVE('',#3873,#3382,#1918,.T.);
#4808=EDGE_CURVE('',#3872,#3873,#1919,.T.);
#4809=EDGE_CURVE('',#3873,#3383,#1920,.T.);
#4810=EDGE_CURVE('',#3862,#3383,#1921,.T.);
#4811=EDGE_CURVE('',#3873,#3862,#1922,.T.);
#4812=EDGE_CURVE('',#3864,#3385,#1923,.T.);
#4813=EDGE_CURVE('',#3718,#3377,#1924,.T.);
#4814=EDGE_CURVE('',#3753,#3373,#1925,.T.);
#4815=EDGE_CURVE('',#3372,#3753,#1926,.T.);
#4816=EDGE_CURVE('',#3754,#3372,#1927,.T.);
#4817=EDGE_CURVE('',#3763,#3362,#1928,.T.);
#4818=EDGE_CURVE('',#3365,#3761,#1929,.T.);
#4819=EDGE_CURVE('',#3366,#3761,#1930,.T.);
#4820=EDGE_CURVE('',#3769,#3356,#1931,.T.);
#4821=EDGE_CURVE('',#3356,#3770,#1932,.T.);
#4822=EDGE_CURVE('',#3764,#3362,#1933,.T.);
#4823=EDGE_CURVE('',#3765,#3361,#1934,.T.);
#4824=EDGE_CURVE('',#3361,#3766,#1935,.T.);
#4825=EDGE_CURVE('',#3766,#3360,#1936,.T.);
#4826=EDGE_CURVE('',#3765,#3362,#1937,.T.);
#4827=EDGE_CURVE('',#3870,#3709,#1938,.T.);
#4828=EDGE_CURVE('',#3874,#3875,#1939,.T.);
#4829=EDGE_CURVE('',#3789,#3875,#1940,.T.);
#4830=EDGE_CURVE('',#3789,#3874,#1941,.T.);
#4831=EDGE_CURVE('',#3875,#3876,#1942,.T.);
#4832=EDGE_CURVE('',#3789,#3876,#1943,.T.);
#4833=EDGE_CURVE('',#3840,#3877,#1944,.T.);
#4834=EDGE_CURVE('',#3877,#3788,#1945,.T.);
#4835=EDGE_CURVE('',#3788,#3874,#1946,.T.);
#4836=EDGE_CURVE('',#3877,#3874,#1947,.T.);
#4837=EDGE_CURVE('',#3620,#3424,#1948,.T.);
#4838=EDGE_CURVE('',#3620,#3423,#1949,.T.);
#4839=EDGE_CURVE('',#3421,#3621,#1950,.T.);
#4840=EDGE_CURVE('',#3620,#3422,#1951,.T.);
#4841=EDGE_CURVE('',#3422,#3621,#1952,.T.);
#4842=EDGE_CURVE('',#3428,#3618,#1953,.T.);
#4843=EDGE_CURVE('',#3430,#3617,#1954,.T.);
#4844=EDGE_CURVE('',#3417,#3878,#1955,.T.);
#4845=EDGE_CURVE('',#3418,#3878,#1956,.T.);
#4846=EDGE_CURVE('',#3622,#3418,#1957,.T.);
#4847=EDGE_CURVE('',#3878,#3569,#1958,.T.);
#4848=EDGE_CURVE('',#3416,#3879,#1959,.T.);
#4849=EDGE_CURVE('',#3879,#3570,#1960,.T.);
#4850=EDGE_CURVE('',#3879,#3415,#1961,.T.);
#4851=EDGE_CURVE('',#3880,#3881,#1962,.T.);
#4852=EDGE_CURVE('',#3880,#3882,#1963,.T.);
#4853=EDGE_CURVE('',#3882,#3881,#1964,.T.);
#4854=EDGE_CURVE('',#3882,#3883,#1965,.T.);
#4855=EDGE_CURVE('',#3881,#3883,#1966,.T.);
#4856=EDGE_CURVE('',#3841,#3884,#1967,.T.);
#4857=EDGE_CURVE('',#3404,#3884,#1968,.T.);
#4858=EDGE_CURVE('',#3884,#3405,#1969,.T.);
#4859=EDGE_CURVE('',#3884,#3885,#1970,.T.);
#4860=EDGE_CURVE('',#3405,#3885,#1971,.T.);
#4861=EDGE_CURVE('',#3885,#3406,#1972,.T.);
#4862=EDGE_CURVE('',#3884,#3886,#1973,.T.);
#4863=EDGE_CURVE('',#3885,#3886,#1974,.T.);
#4864=EDGE_CURVE('',#3492,#3887,#1975,.T.);
#4865=EDGE_CURVE('',#3887,#3589,#1976,.T.);
#4866=EDGE_CURVE('',#3593,#3591,#1977,.T.);
#4867=EDGE_CURVE('',#3885,#3603,#1978,.T.);
#4868=EDGE_CURVE('',#3885,#3880,#1979,.T.);
#4869=EDGE_CURVE('',#3881,#3888,#1980,.T.);
#4870=EDGE_CURVE('',#3888,#3889,#1981,.T.);
#4871=EDGE_CURVE('',#3889,#3890,#1982,.T.);
#4872=EDGE_CURVE('',#3891,#3890,#1983,.T.);
#4873=EDGE_CURVE('',#3891,#3892,#1984,.T.);
#4874=EDGE_CURVE('',#3892,#3893,#1985,.T.);
#4875=EDGE_CURVE('',#3893,#3894,#1986,.T.);
#4876=EDGE_CURVE('',#3894,#3895,#1987,.T.);
#4877=EDGE_CURVE('',#3895,#3896,#1988,.T.);
#4878=EDGE_CURVE('',#3896,#3897,#1989,.T.);
#4879=EDGE_CURVE('',#3897,#3898,#1990,.T.);
#4880=EDGE_CURVE('',#3898,#3899,#1991,.T.);
#4881=EDGE_CURVE('',#3900,#3899,#1992,.T.);
#4882=EDGE_CURVE('',#3901,#3900,#1993,.T.);
#4883=EDGE_CURVE('',#3902,#3901,#1994,.T.);
#4884=EDGE_CURVE('',#3876,#3902,#1995,.T.);
#4885=EDGE_CURVE('',#3433,#3560,#1996,.T.);
#4886=EDGE_CURVE('',#3432,#3561,#1997,.T.);
#4887=EDGE_CURVE('',#3886,#3880,#1998,.T.);
#4888=EDGE_CURVE('',#3886,#3882,#1999,.T.);
#4889=EDGE_CURVE('',#3883,#3888,#2000,.T.);
#4890=EDGE_CURVE('',#3440,#3555,#2001,.T.);
#4891=EDGE_CURVE('',#3439,#3556,#2002,.T.);
#4892=EDGE_CURVE('',#3799,#3903,#2003,.T.);
#4893=EDGE_CURVE('',#3800,#3903,#2004,.T.);
#4894=EDGE_CURVE('',#3801,#3656,#2005,.T.);
#4895=EDGE_CURVE('',#3656,#3800,#2006,.T.);
#4896=EDGE_CURVE('',#3796,#3896,#2007,.T.);
#4897=EDGE_CURVE('',#3896,#3795,#2008,.T.);
#4898=EDGE_CURVE('',#3796,#3895,#2009,.T.);
#4899=EDGE_CURVE('',#3797,#3895,#2010,.T.);
#4900=EDGE_CURVE('',#3894,#3797,#2011,.T.);
#4901=EDGE_CURVE('',#3798,#3894,#2012,.T.);
#4902=EDGE_CURVE('',#3891,#3798,#2013,.T.);
#4903=EDGE_CURVE('',#3798,#3892,#2014,.T.);
#4904=EDGE_CURVE('',#3798,#3893,#2015,.T.);
#4905=EDGE_CURVE('',#3798,#3903,#2016,.T.);
#4906=EDGE_CURVE('',#3798,#3890,#2017,.T.);
#4907=EDGE_CURVE('',#3441,#3554,#2018,.T.);
#4908=EDGE_CURVE('',#3438,#3615,#2019,.T.);
#4909=EDGE_CURVE('',#3888,#3904,#2020,.T.);
#4910=EDGE_CURVE('',#3904,#3889,#2021,.T.);
#4911=EDGE_CURVE('',#3904,#3890,#2022,.T.);
#4912=EDGE_CURVE('',#3905,#3906,#2023,.T.);
#4913=EDGE_CURVE('',#3905,#3677,#2024,.T.);
#4914=EDGE_CURVE('',#3677,#3906,#2025,.T.);
#4915=EDGE_CURVE('',#3677,#3907,#2026,.T.);
#4916=EDGE_CURVE('',#3676,#3907,#2027,.T.);
#4917=EDGE_CURVE('',#3906,#3907,#2028,.T.);
#4918=EDGE_CURVE('',#3908,#3890,#2029,.T.);
#4919=EDGE_CURVE('',#3798,#3908,#2030,.T.);
#4920=EDGE_CURVE('',#3676,#3909,#2031,.T.);
#4921=EDGE_CURVE('',#3675,#3909,#2032,.T.);
#4922=EDGE_CURVE('',#3907,#3909,#2033,.T.);
#4923=EDGE_CURVE('',#3675,#3910,#2034,.T.);
#4924=EDGE_CURVE('',#3674,#3910,#2035,.T.);
#4925=EDGE_CURVE('',#3909,#3910,#2036,.T.);
#4926=EDGE_CURVE('',#3910,#3911,#2037,.T.);
#4927=EDGE_CURVE('',#3674,#3911,#2038,.T.);
#4928=EDGE_CURVE('',#3655,#3801,#2039,.T.);
#4929=EDGE_CURVE('',#3802,#3655,#2040,.T.);
#4930=EDGE_CURVE('',#3883,#3904,#2041,.T.);
#4931=EDGE_CURVE('',#3673,#3911,#2042,.T.);
#4932=EDGE_CURVE('',#3911,#3672,#2043,.T.);
#4933=EDGE_CURVE('',#3829,#3912,#2044,.T.);
#4934=EDGE_CURVE('',#3912,#3913,#2045,.T.);
#4935=EDGE_CURVE('',#3913,#3905,#2046,.T.);
#4936=EDGE_CURVE('',#3911,#3914,#2047,.T.);
#4937=EDGE_CURVE('',#3914,#3915,#2048,.T.);
#4938=EDGE_CURVE('',#3915,#3916,#2049,.T.);
#4939=EDGE_CURVE('',#3916,#3917,#2050,.T.);
#4940=EDGE_CURVE('',#3917,#3918,#2051,.T.);
#4941=EDGE_CURVE('',#3918,#3919,#2052,.T.);
#4942=EDGE_CURVE('',#3919,#3920,#2053,.T.);
#4943=EDGE_CURVE('',#3920,#3921,#2054,.T.);
#4944=EDGE_CURVE('',#3921,#3922,#2055,.T.);
#4945=EDGE_CURVE('',#3922,#3923,#2056,.T.);
#4946=EDGE_CURVE('',#3923,#3924,#2057,.T.);
#4947=EDGE_CURVE('',#3924,#3925,#2058,.T.);
#4948=EDGE_CURVE('',#3925,#3926,#2059,.T.);
#4949=EDGE_CURVE('',#3926,#3927,#2060,.T.);
#4950=EDGE_CURVE('',#3927,#3928,#2061,.T.);
#4951=EDGE_CURVE('',#3928,#3903,#2062,.T.);
#4952=EDGE_CURVE('',#3903,#3908,#2063,.T.);
#4953=EDGE_CURVE('',#3904,#3908,#2064,.T.);
#4954=EDGE_CURVE('',#3929,#3853,#2065,.T.);
#4955=EDGE_CURVE('',#3843,#3929,#2066,.T.);
#4956=EDGE_CURVE('',#3850,#3842,#2067,.T.);
#4957=EDGE_CURVE('',#3930,#3850,#2068,.T.);
#4958=EDGE_CURVE('',#3848,#3930,#2069,.T.);
#4959=EDGE_CURVE('',#3931,#3847,#2070,.T.);
#4960=EDGE_CURVE('',#3844,#3931,#2071,.T.);
#4961=EDGE_CURVE('',#3932,#3844,#2072,.T.);
#4962=EDGE_CURVE('',#3933,#3932,#2073,.T.);
#4963=EDGE_CURVE('',#3864,#3933,#2074,.T.);
#4964=EDGE_CURVE('',#3680,#3912,#2075,.T.);
#4965=EDGE_CURVE('',#3681,#3829,#2076,.T.);
#4966=EDGE_CURVE('',#3679,#3913,#2077,.T.);
#4967=EDGE_CURVE('',#3678,#3905,#2078,.T.);
#4968=EDGE_CURVE('',#3652,#3805,#2079,.T.);
#4969=EDGE_CURVE('',#3652,#3806,#2080,.T.);
#4970=EDGE_CURVE('',#3807,#3652,#2081,.T.);
#4971=EDGE_CURVE('',#3792,#3899,#2082,.T.);
#4972=EDGE_CURVE('',#3793,#3899,#2083,.T.);
#4973=EDGE_CURVE('',#3900,#3792,#2084,.T.);
#4974=EDGE_CURVE('',#3790,#3901,#2085,.T.);
#4975=EDGE_CURVE('',#3791,#3901,#2086,.T.);
#4976=EDGE_CURVE('',#3902,#3790,#2087,.T.);
#4977=EDGE_CURVE('',#3876,#3790,#2088,.T.);
#4978=EDGE_CURVE('',#3791,#3900,#2089,.T.);
#4979=EDGE_CURVE('',#3897,#3795,#2090,.T.);
#4980=EDGE_CURVE('',#3897,#3794,#2091,.T.);
#4981=EDGE_CURVE('',#3794,#3898,#2092,.T.);
#4982=EDGE_CURVE('',#3898,#3793,#2093,.T.);
#4983=EDGE_CURVE('',#3650,#3807,#2094,.T.);
#4984=EDGE_CURVE('',#3650,#3808,#2095,.T.);
#4985=EDGE_CURVE('',#3809,#3650,#2096,.T.);
#4986=EDGE_CURVE('',#3654,#3803,#2097,.T.);
#4987=EDGE_CURVE('',#3804,#3654,#2098,.T.);
#4988=EDGE_CURVE('',#3653,#3804,#2099,.T.);
#4989=EDGE_CURVE('',#3805,#3653,#2100,.T.);
#4990=EDGE_CURVE('',#3477,#3579,#2101,.T.);
#4991=EDGE_CURVE('',#3415,#3623,#2102,.T.);
#4992=EDGE_CURVE('',#3624,#3412,#2103,.T.);
#4993=EDGE_CURVE('',#3412,#3934,#2104,.T.);
#4994=EDGE_CURVE('',#3934,#3573,#2105,.T.);
#4995=EDGE_CURVE('',#3411,#3934,#2106,.T.);
#4996=EDGE_CURVE('',#3409,#3495,#2107,.T.);
#4997=EDGE_CURVE('',#3578,#3471,#2108,.T.);
#4998=EDGE_CURVE('',#3578,#3470,#2109,.T.);
#4999=EDGE_CURVE('',#3578,#3473,#2110,.T.);
#5000=EDGE_CURVE('',#3578,#3472,#2111,.T.);
#5001=EDGE_CURVE('',#3683,#3745,#2112,.T.);
#5002=EDGE_CURVE('',#3746,#3683,#2113,.T.);
#5003=EDGE_CURVE('',#3630,#3828,#2114,.T.);
#5004=EDGE_CURVE('',#3635,#3828,#2115,.T.);
#5005=EDGE_CURVE('',#3828,#3636,#2116,.T.);
#5006=EDGE_CURVE('',#3636,#3826,#2117,.T.);
#5007=EDGE_CURVE('',#3636,#3827,#2118,.T.);
#5008=EDGE_CURVE('',#3637,#3824,#2119,.T.);
#5009=EDGE_CURVE('',#3638,#3824,#2120,.T.);
#5010=EDGE_CURVE('',#3824,#3639,#2121,.T.);
#5011=EDGE_CURVE('',#3823,#3640,#2122,.T.);
#5012=EDGE_CURVE('',#3639,#3823,#2123,.T.);
#5013=EDGE_CURVE('',#3641,#3820,#2124,.T.);
#5014=EDGE_CURVE('',#3820,#3642,#2125,.T.);
#5015=EDGE_CURVE('',#3641,#3821,#2126,.T.);
#5016=EDGE_CURVE('',#3642,#3819,#2127,.T.);
#5017=EDGE_CURVE('',#3826,#3637,#2128,.T.);
#5018=EDGE_CURVE('',#3637,#3825,#2129,.T.);
#5019=EDGE_CURVE('',#3431,#3562,#2130,.T.);
#5020=EDGE_CURVE('',#3933,#3387,#2131,.T.);
#5021=EDGE_CURVE('',#3932,#3387,#2132,.T.);
#5022=EDGE_CURVE('',#3387,#3844,#2133,.T.);
#5023=EDGE_CURVE('',#3672,#3914,#2134,.T.);
#5024=EDGE_CURVE('',#3914,#3671,#2135,.T.);
#5025=EDGE_CURVE('',#3682,#3748,#2136,.T.);
#5026=EDGE_CURVE('',#3829,#3682,#2137,.T.);
#5027=EDGE_CURVE('',#3410,#3574,#2138,.T.);
#5028=EDGE_CURVE('',#3887,#3586,#2139,.T.);
#5029=EDGE_CURVE('',#3328,#3586,#2140,.T.);
#5030=EDGE_CURVE('',#3640,#3822,#2141,.T.);
#5031=EDGE_CURVE('',#3640,#3821,#2142,.T.);
#5032=EDGE_CURVE('',#3933,#3386,#2143,.T.);
#5033=EDGE_CURVE('',#3864,#3386,#2144,.T.);
#5034=EDGE_CURVE('',#3651,#3807,#2145,.T.);
#5035=EDGE_CURVE('',#3656,#3903,#2146,.T.);
#5036=EDGE_CURVE('',#3654,#3802,#2147,.T.);
#5037=EDGE_CURVE('',#3761,#3364,#2148,.T.);
#5038=EDGE_CURVE('',#3762,#3364,#2149,.T.);
#5039=EDGE_CURVE('',#3360,#3767,#2150,.T.);
#5040=EDGE_CURVE('',#3768,#3357,#2151,.T.);
#5041=EDGE_CURVE('',#3769,#3357,#2152,.T.);
#5042=EDGE_CURVE('',#3358,#3768,#2153,.T.);
#5043=EDGE_CURVE('',#3767,#3358,#2154,.T.);
#5044=EDGE_CURVE('',#3767,#3359,#2155,.T.);
#5045=EDGE_CURVE('',#3669,#3918,#2156,.T.);
#5046=EDGE_CURVE('',#3668,#3918,#2157,.T.);
#5047=EDGE_CURVE('',#3669,#3917,#2158,.T.);
#5048=EDGE_CURVE('',#3667,#3919,#2159,.T.);
#5049=EDGE_CURVE('',#3671,#3915,#2160,.T.);
#5050=EDGE_CURVE('',#3671,#3916,#2161,.T.);
#5051=EDGE_CURVE('',#3670,#3916,#2162,.T.);
#5052=EDGE_CURVE('',#3670,#3917,#2163,.T.);
#5053=EDGE_CURVE('',#3666,#3920,#2164,.T.);
#5054=EDGE_CURVE('',#3666,#3921,#2165,.T.);
#5055=EDGE_CURVE('',#3665,#3921,#2166,.T.);
#5056=EDGE_CURVE('',#3665,#3922,#2167,.T.);
#5057=EDGE_CURVE('',#3664,#3922,#2168,.T.);
#5058=EDGE_CURVE('',#3664,#3923,#2169,.T.);
#5059=EDGE_CURVE('',#3663,#3923,#2170,.T.);
#5060=EDGE_CURVE('',#3663,#3924,#2171,.T.);
#5061=EDGE_CURVE('',#3662,#3924,#2172,.T.);
#5062=EDGE_CURVE('',#3662,#3925,#2173,.T.);
#5063=EDGE_CURVE('',#3661,#3925,#2174,.T.);
#5064=EDGE_CURVE('',#3661,#3926,#2175,.T.);
#5065=EDGE_CURVE('',#3660,#3926,#2176,.T.);
#5066=EDGE_CURVE('',#3660,#3927,#2177,.T.);
#5067=EDGE_CURVE('',#3659,#3927,#2178,.T.);
#5068=EDGE_CURVE('',#3927,#3658,#2179,.T.);
#5069=EDGE_CURVE('',#3658,#3928,#2180,.T.);
#5070=EDGE_CURVE('',#3658,#3903,#2181,.T.);
#5071=EDGE_CURVE('',#3657,#3903,#2182,.T.);
#5072=EDGE_CURVE('',#3931,#3389,#2183,.T.);
#5073=EDGE_CURVE('',#3930,#3392,#2184,.T.);
#5074=EDGE_CURVE('',#3929,#3396,#2185,.T.);
#5075=ORIENTED_EDGE('',*,*,#3935,.T.);
#5076=ORIENTED_EDGE('',*,*,#3936,.T.);
#5077=ORIENTED_EDGE('',*,*,#3937,.T.);
#5078=ORIENTED_EDGE('',*,*,#3938,.F.);
#5079=ORIENTED_EDGE('',*,*,#3935,.F.);
#5080=ORIENTED_EDGE('',*,*,#3939,.F.);
#5081=ORIENTED_EDGE('',*,*,#3940,.T.);
#5082=ORIENTED_EDGE('',*,*,#3941,.T.);
#5083=ORIENTED_EDGE('',*,*,#3942,.T.);
#5084=ORIENTED_EDGE('',*,*,#3943,.T.);
#5085=ORIENTED_EDGE('',*,*,#3944,.F.);
#5086=ORIENTED_EDGE('',*,*,#3945,.T.);
#5087=ORIENTED_EDGE('',*,*,#3946,.T.);
#5088=ORIENTED_EDGE('',*,*,#3947,.T.);
#5089=ORIENTED_EDGE('',*,*,#3948,.T.);
#5090=ORIENTED_EDGE('',*,*,#3949,.T.);
#5091=ORIENTED_EDGE('',*,*,#3950,.T.);
#5092=ORIENTED_EDGE('',*,*,#3951,.T.);
#5093=ORIENTED_EDGE('',*,*,#3952,.T.);
#5094=ORIENTED_EDGE('',*,*,#3953,.T.);
#5095=ORIENTED_EDGE('',*,*,#3954,.T.);
#5096=ORIENTED_EDGE('',*,*,#3955,.T.);
#5097=ORIENTED_EDGE('',*,*,#3956,.T.);
#5098=ORIENTED_EDGE('',*,*,#3957,.T.);
#5099=ORIENTED_EDGE('',*,*,#3958,.T.);
#5100=ORIENTED_EDGE('',*,*,#3959,.F.);
#5101=ORIENTED_EDGE('',*,*,#3960,.F.);
#5102=ORIENTED_EDGE('',*,*,#3961,.F.);
#5103=ORIENTED_EDGE('',*,*,#3962,.F.);
#5104=ORIENTED_EDGE('',*,*,#3963,.F.);
#5105=ORIENTED_EDGE('',*,*,#3964,.F.);
#5106=ORIENTED_EDGE('',*,*,#3965,.F.);
#5107=ORIENTED_EDGE('',*,*,#3966,.T.);
#5108=ORIENTED_EDGE('',*,*,#3967,.T.);
#5109=ORIENTED_EDGE('',*,*,#3968,.T.);
#5110=ORIENTED_EDGE('',*,*,#3969,.T.);
#5111=ORIENTED_EDGE('',*,*,#3970,.T.);
#5112=ORIENTED_EDGE('',*,*,#3971,.T.);
#5113=ORIENTED_EDGE('',*,*,#3972,.T.);
#5114=ORIENTED_EDGE('',*,*,#3938,.T.);
#5115=ORIENTED_EDGE('',*,*,#3973,.T.);
#5116=ORIENTED_EDGE('',*,*,#3974,.T.);
#5117=ORIENTED_EDGE('',*,*,#3975,.F.);
#5118=ORIENTED_EDGE('',*,*,#3940,.F.);
#5119=ORIENTED_EDGE('',*,*,#3939,.T.);
#5120=ORIENTED_EDGE('',*,*,#3976,.F.);
#5121=ORIENTED_EDGE('',*,*,#3977,.F.);
#5122=ORIENTED_EDGE('',*,*,#3978,.F.);
#5123=ORIENTED_EDGE('',*,*,#3979,.F.);
#5124=ORIENTED_EDGE('',*,*,#3980,.F.);
#5125=ORIENTED_EDGE('',*,*,#3981,.F.);
#5126=ORIENTED_EDGE('',*,*,#3982,.F.);
#5127=ORIENTED_EDGE('',*,*,#3983,.F.);
#5128=ORIENTED_EDGE('',*,*,#3984,.F.);
#5129=ORIENTED_EDGE('',*,*,#3985,.F.);
#5130=ORIENTED_EDGE('',*,*,#3986,.F.);
#5131=ORIENTED_EDGE('',*,*,#3987,.F.);
#5132=ORIENTED_EDGE('',*,*,#3988,.F.);
#5133=ORIENTED_EDGE('',*,*,#3989,.F.);
#5134=ORIENTED_EDGE('',*,*,#3990,.F.);
#5135=ORIENTED_EDGE('',*,*,#3991,.F.);
#5136=ORIENTED_EDGE('',*,*,#3992,.F.);
#5137=ORIENTED_EDGE('',*,*,#3993,.F.);
#5138=ORIENTED_EDGE('',*,*,#3994,.F.);
#5139=ORIENTED_EDGE('',*,*,#3995,.F.);
#5140=ORIENTED_EDGE('',*,*,#3996,.F.);
#5141=ORIENTED_EDGE('',*,*,#3997,.F.);
#5142=ORIENTED_EDGE('',*,*,#3998,.F.);
#5143=ORIENTED_EDGE('',*,*,#3999,.F.);
#5144=ORIENTED_EDGE('',*,*,#4000,.F.);
#5145=ORIENTED_EDGE('',*,*,#4001,.T.);
#5146=ORIENTED_EDGE('',*,*,#4002,.T.);
#5147=ORIENTED_EDGE('',*,*,#4003,.T.);
#5148=ORIENTED_EDGE('',*,*,#4004,.T.);
#5149=ORIENTED_EDGE('',*,*,#4005,.T.);
#5150=ORIENTED_EDGE('',*,*,#4006,.T.);
#5151=ORIENTED_EDGE('',*,*,#4007,.T.);
#5152=ORIENTED_EDGE('',*,*,#4008,.F.);
#5153=ORIENTED_EDGE('',*,*,#4009,.T.);
#5154=ORIENTED_EDGE('',*,*,#4010,.T.);
#5155=ORIENTED_EDGE('',*,*,#4011,.T.);
#5156=ORIENTED_EDGE('',*,*,#4012,.T.);
#5157=ORIENTED_EDGE('',*,*,#4013,.T.);
#5158=ORIENTED_EDGE('',*,*,#4014,.T.);
#5159=ORIENTED_EDGE('',*,*,#4015,.T.);
#5160=ORIENTED_EDGE('',*,*,#4016,.T.);
#5161=ORIENTED_EDGE('',*,*,#4017,.T.);
#5162=ORIENTED_EDGE('',*,*,#4018,.T.);
#5163=ORIENTED_EDGE('',*,*,#4019,.T.);
#5164=ORIENTED_EDGE('',*,*,#4020,.T.);
#5165=ORIENTED_EDGE('',*,*,#4021,.T.);
#5166=ORIENTED_EDGE('',*,*,#4022,.T.);
#5167=ORIENTED_EDGE('',*,*,#4023,.T.);
#5168=ORIENTED_EDGE('',*,*,#4024,.T.);
#5169=ORIENTED_EDGE('',*,*,#4025,.T.);
#5170=ORIENTED_EDGE('',*,*,#4026,.T.);
#5171=ORIENTED_EDGE('',*,*,#4027,.T.);
#5172=ORIENTED_EDGE('',*,*,#4028,.T.);
#5173=ORIENTED_EDGE('',*,*,#4029,.T.);
#5174=ORIENTED_EDGE('',*,*,#4030,.T.);
#5175=ORIENTED_EDGE('',*,*,#4031,.T.);
#5176=ORIENTED_EDGE('',*,*,#4032,.T.);
#5177=ORIENTED_EDGE('',*,*,#4033,.T.);
#5178=ORIENTED_EDGE('',*,*,#4034,.T.);
#5179=ORIENTED_EDGE('',*,*,#4035,.T.);
#5180=ORIENTED_EDGE('',*,*,#4036,.T.);
#5181=ORIENTED_EDGE('',*,*,#4037,.F.);
#5182=ORIENTED_EDGE('',*,*,#4038,.F.);
#5183=ORIENTED_EDGE('',*,*,#4039,.F.);
#5184=ORIENTED_EDGE('',*,*,#4040,.F.);
#5185=ORIENTED_EDGE('',*,*,#4041,.F.);
#5186=ORIENTED_EDGE('',*,*,#4042,.F.);
#5187=ORIENTED_EDGE('',*,*,#4043,.F.);
#5188=ORIENTED_EDGE('',*,*,#4044,.F.);
#5189=ORIENTED_EDGE('',*,*,#4045,.F.);
#5190=ORIENTED_EDGE('',*,*,#4046,.F.);
#5191=ORIENTED_EDGE('',*,*,#4047,.F.);
#5192=ORIENTED_EDGE('',*,*,#4048,.F.);
#5193=ORIENTED_EDGE('',*,*,#4049,.F.);
#5194=ORIENTED_EDGE('',*,*,#4050,.F.);
#5195=ORIENTED_EDGE('',*,*,#4051,.F.);
#5196=ORIENTED_EDGE('',*,*,#4052,.F.);
#5197=ORIENTED_EDGE('',*,*,#4053,.F.);
#5198=ORIENTED_EDGE('',*,*,#4054,.F.);
#5199=ORIENTED_EDGE('',*,*,#4055,.F.);
#5200=ORIENTED_EDGE('',*,*,#4056,.F.);
#5201=ORIENTED_EDGE('',*,*,#4057,.F.);
#5202=ORIENTED_EDGE('',*,*,#4058,.F.);
#5203=ORIENTED_EDGE('',*,*,#4059,.F.);
#5204=ORIENTED_EDGE('',*,*,#4060,.F.);
#5205=ORIENTED_EDGE('',*,*,#4061,.F.);
#5206=ORIENTED_EDGE('',*,*,#4062,.F.);
#5207=ORIENTED_EDGE('',*,*,#4063,.F.);
#5208=ORIENTED_EDGE('',*,*,#4064,.F.);
#5209=ORIENTED_EDGE('',*,*,#4065,.F.);
#5210=ORIENTED_EDGE('',*,*,#4066,.F.);
#5211=ORIENTED_EDGE('',*,*,#4067,.F.);
#5212=ORIENTED_EDGE('',*,*,#4068,.F.);
#5213=ORIENTED_EDGE('',*,*,#4069,.T.);
#5214=ORIENTED_EDGE('',*,*,#4070,.T.);
#5215=ORIENTED_EDGE('',*,*,#4071,.T.);
#5216=ORIENTED_EDGE('',*,*,#4072,.T.);
#5217=ORIENTED_EDGE('',*,*,#4073,.T.);
#5218=ORIENTED_EDGE('',*,*,#4074,.T.);
#5219=ORIENTED_EDGE('',*,*,#4075,.T.);
#5220=ORIENTED_EDGE('',*,*,#4076,.T.);
#5221=ORIENTED_EDGE('',*,*,#4077,.T.);
#5222=ORIENTED_EDGE('',*,*,#4078,.F.);
#5223=ORIENTED_EDGE('',*,*,#4079,.F.);
#5224=ORIENTED_EDGE('',*,*,#4080,.T.);
#5225=ORIENTED_EDGE('',*,*,#4081,.T.);
#5226=ORIENTED_EDGE('',*,*,#4082,.T.);
#5227=ORIENTED_EDGE('',*,*,#4083,.F.);
#5228=ORIENTED_EDGE('',*,*,#4084,.F.);
#5229=ORIENTED_EDGE('',*,*,#4085,.F.);
#5230=ORIENTED_EDGE('',*,*,#4086,.F.);
#5231=ORIENTED_EDGE('',*,*,#4087,.F.);
#5232=ORIENTED_EDGE('',*,*,#4088,.F.);
#5233=ORIENTED_EDGE('',*,*,#4089,.T.);
#5234=ORIENTED_EDGE('',*,*,#4090,.T.);
#5235=ORIENTED_EDGE('',*,*,#4091,.T.);
#5236=ORIENTED_EDGE('',*,*,#4092,.T.);
#5237=ORIENTED_EDGE('',*,*,#4093,.T.);
#5238=ORIENTED_EDGE('',*,*,#4094,.T.);
#5239=ORIENTED_EDGE('',*,*,#4095,.T.);
#5240=ORIENTED_EDGE('',*,*,#4096,.T.);
#5241=ORIENTED_EDGE('',*,*,#4097,.T.);
#5242=ORIENTED_EDGE('',*,*,#4098,.T.);
#5243=ORIENTED_EDGE('',*,*,#4099,.T.);
#5244=ORIENTED_EDGE('',*,*,#4100,.T.);
#5245=ORIENTED_EDGE('',*,*,#4101,.T.);
#5246=ORIENTED_EDGE('',*,*,#4102,.T.);
#5247=ORIENTED_EDGE('',*,*,#4103,.T.);
#5248=ORIENTED_EDGE('',*,*,#4104,.T.);
#5249=ORIENTED_EDGE('',*,*,#4105,.T.);
#5250=ORIENTED_EDGE('',*,*,#4106,.T.);
#5251=ORIENTED_EDGE('',*,*,#4107,.T.);
#5252=ORIENTED_EDGE('',*,*,#4108,.T.);
#5253=ORIENTED_EDGE('',*,*,#4109,.T.);
#5254=ORIENTED_EDGE('',*,*,#4110,.T.);
#5255=ORIENTED_EDGE('',*,*,#4111,.T.);
#5256=ORIENTED_EDGE('',*,*,#4112,.T.);
#5257=ORIENTED_EDGE('',*,*,#4113,.T.);
#5258=ORIENTED_EDGE('',*,*,#4114,.T.);
#5259=ORIENTED_EDGE('',*,*,#4115,.T.);
#5260=ORIENTED_EDGE('',*,*,#4116,.T.);
#5261=ORIENTED_EDGE('',*,*,#4117,.T.);
#5262=ORIENTED_EDGE('',*,*,#4118,.T.);
#5263=ORIENTED_EDGE('',*,*,#4119,.T.);
#5264=ORIENTED_EDGE('',*,*,#3973,.F.);
#5265=ORIENTED_EDGE('',*,*,#3937,.F.);
#5266=ORIENTED_EDGE('',*,*,#3976,.T.);
#5267=ORIENTED_EDGE('',*,*,#3936,.F.);
#5268=ORIENTED_EDGE('',*,*,#3972,.F.);
#5269=ORIENTED_EDGE('',*,*,#4120,.T.);
#5270=ORIENTED_EDGE('',*,*,#3944,.T.);
#5271=ORIENTED_EDGE('',*,*,#4121,.F.);
#5272=ORIENTED_EDGE('',*,*,#4122,.T.);
#5273=ORIENTED_EDGE('',*,*,#4123,.F.);
#5274=ORIENTED_EDGE('',*,*,#4124,.F.);
#5275=ORIENTED_EDGE('',*,*,#3957,.F.);
#5276=ORIENTED_EDGE('',*,*,#4125,.F.);
#5277=ORIENTED_EDGE('',*,*,#4126,.F.);
#5278=ORIENTED_EDGE('',*,*,#4124,.T.);
#5279=ORIENTED_EDGE('',*,*,#4127,.T.);
#5280=ORIENTED_EDGE('',*,*,#4128,.T.);
#5281=ORIENTED_EDGE('',*,*,#3958,.F.);
#5282=ORIENTED_EDGE('',*,*,#4129,.F.);
#5283=ORIENTED_EDGE('',*,*,#4130,.F.);
#5284=ORIENTED_EDGE('',*,*,#4131,.F.);
#5285=ORIENTED_EDGE('',*,*,#4132,.F.);
#5286=ORIENTED_EDGE('',*,*,#4133,.F.);
#5287=ORIENTED_EDGE('',*,*,#4134,.F.);
#5288=ORIENTED_EDGE('',*,*,#4135,.F.);
#5289=ORIENTED_EDGE('',*,*,#4136,.F.);
#5290=ORIENTED_EDGE('',*,*,#4137,.F.);
#5291=ORIENTED_EDGE('',*,*,#4138,.F.);
#5292=ORIENTED_EDGE('',*,*,#4139,.F.);
#5293=ORIENTED_EDGE('',*,*,#4140,.F.);
#5294=ORIENTED_EDGE('',*,*,#4141,.F.);
#5295=ORIENTED_EDGE('',*,*,#4142,.F.);
#5296=ORIENTED_EDGE('',*,*,#4143,.F.);
#5297=ORIENTED_EDGE('',*,*,#4144,.F.);
#5298=ORIENTED_EDGE('',*,*,#4145,.F.);
#5299=ORIENTED_EDGE('',*,*,#4146,.F.);
#5300=ORIENTED_EDGE('',*,*,#4147,.F.);
#5301=ORIENTED_EDGE('',*,*,#4148,.F.);
#5302=ORIENTED_EDGE('',*,*,#4149,.F.);
#5303=ORIENTED_EDGE('',*,*,#4150,.F.);
#5304=ORIENTED_EDGE('',*,*,#4151,.F.);
#5305=ORIENTED_EDGE('',*,*,#4152,.F.);
#5306=ORIENTED_EDGE('',*,*,#4153,.F.);
#5307=ORIENTED_EDGE('',*,*,#4154,.F.);
#5308=ORIENTED_EDGE('',*,*,#4155,.F.);
#5309=ORIENTED_EDGE('',*,*,#4156,.F.);
#5310=ORIENTED_EDGE('',*,*,#4157,.F.);
#5311=ORIENTED_EDGE('',*,*,#4122,.F.);
#5312=ORIENTED_EDGE('',*,*,#4158,.F.);
#5313=ORIENTED_EDGE('',*,*,#4159,.F.);
#5314=ORIENTED_EDGE('',*,*,#4160,.F.);
#5315=ORIENTED_EDGE('',*,*,#4161,.F.);
#5316=ORIENTED_EDGE('',*,*,#4162,.F.);
#5317=ORIENTED_EDGE('',*,*,#4163,.F.);
#5318=ORIENTED_EDGE('',*,*,#4164,.F.);
#5319=ORIENTED_EDGE('',*,*,#4165,.F.);
#5320=ORIENTED_EDGE('',*,*,#4166,.F.);
#5321=ORIENTED_EDGE('',*,*,#4167,.F.);
#5322=ORIENTED_EDGE('',*,*,#4168,.F.);
#5323=ORIENTED_EDGE('',*,*,#4169,.F.);
#5324=ORIENTED_EDGE('',*,*,#4170,.F.);
#5325=ORIENTED_EDGE('',*,*,#4171,.F.);
#5326=ORIENTED_EDGE('',*,*,#4172,.F.);
#5327=ORIENTED_EDGE('',*,*,#4173,.F.);
#5328=ORIENTED_EDGE('',*,*,#4174,.F.);
#5329=ORIENTED_EDGE('',*,*,#4175,.F.);
#5330=ORIENTED_EDGE('',*,*,#4176,.F.);
#5331=ORIENTED_EDGE('',*,*,#4177,.F.);
#5332=ORIENTED_EDGE('',*,*,#4178,.F.);
#5333=ORIENTED_EDGE('',*,*,#4179,.F.);
#5334=ORIENTED_EDGE('',*,*,#4180,.F.);
#5335=ORIENTED_EDGE('',*,*,#4181,.F.);
#5336=ORIENTED_EDGE('',*,*,#4182,.F.);
#5337=ORIENTED_EDGE('',*,*,#4183,.F.);
#5338=ORIENTED_EDGE('',*,*,#4184,.F.);
#5339=ORIENTED_EDGE('',*,*,#4185,.F.);
#5340=ORIENTED_EDGE('',*,*,#4186,.F.);
#5341=ORIENTED_EDGE('',*,*,#4187,.F.);
#5342=ORIENTED_EDGE('',*,*,#4188,.F.);
#5343=ORIENTED_EDGE('',*,*,#4189,.F.);
#5344=ORIENTED_EDGE('',*,*,#4190,.F.);
#5345=ORIENTED_EDGE('',*,*,#4191,.F.);
#5346=ORIENTED_EDGE('',*,*,#4192,.F.);
#5347=ORIENTED_EDGE('',*,*,#4193,.F.);
#5348=ORIENTED_EDGE('',*,*,#4194,.F.);
#5349=ORIENTED_EDGE('',*,*,#4195,.F.);
#5350=ORIENTED_EDGE('',*,*,#4196,.F.);
#5351=ORIENTED_EDGE('',*,*,#4197,.F.);
#5352=ORIENTED_EDGE('',*,*,#4198,.F.);
#5353=ORIENTED_EDGE('',*,*,#4199,.F.);
#5354=ORIENTED_EDGE('',*,*,#4200,.F.);
#5355=ORIENTED_EDGE('',*,*,#4201,.F.);
#5356=ORIENTED_EDGE('',*,*,#4202,.F.);
#5357=ORIENTED_EDGE('',*,*,#4203,.F.);
#5358=ORIENTED_EDGE('',*,*,#4204,.F.);
#5359=ORIENTED_EDGE('',*,*,#4205,.F.);
#5360=ORIENTED_EDGE('',*,*,#4206,.F.);
#5361=ORIENTED_EDGE('',*,*,#4207,.F.);
#5362=ORIENTED_EDGE('',*,*,#4208,.F.);
#5363=ORIENTED_EDGE('',*,*,#4209,.F.);
#5364=ORIENTED_EDGE('',*,*,#4210,.F.);
#5365=ORIENTED_EDGE('',*,*,#4169,.T.);
#5366=ORIENTED_EDGE('',*,*,#4211,.F.);
#5367=ORIENTED_EDGE('',*,*,#4095,.F.);
#5368=ORIENTED_EDGE('',*,*,#4212,.T.);
#5369=ORIENTED_EDGE('',*,*,#4213,.F.);
#5370=ORIENTED_EDGE('',*,*,#4168,.T.);
#5371=ORIENTED_EDGE('',*,*,#4214,.F.);
#5372=ORIENTED_EDGE('',*,*,#4215,.F.);
#5373=ORIENTED_EDGE('',*,*,#4096,.F.);
#5374=ORIENTED_EDGE('',*,*,#4211,.T.);
#5375=ORIENTED_EDGE('',*,*,#4167,.T.);
#5376=ORIENTED_EDGE('',*,*,#4216,.F.);
#5377=ORIENTED_EDGE('',*,*,#4217,.F.);
#5378=ORIENTED_EDGE('',*,*,#4218,.F.);
#5379=ORIENTED_EDGE('',*,*,#4214,.T.);
#5380=ORIENTED_EDGE('',*,*,#4166,.T.);
#5381=ORIENTED_EDGE('',*,*,#4219,.T.);
#5382=ORIENTED_EDGE('',*,*,#4220,.F.);
#5383=ORIENTED_EDGE('',*,*,#4099,.F.);
#5384=ORIENTED_EDGE('',*,*,#4221,.T.);
#5385=ORIENTED_EDGE('',*,*,#4216,.T.);
#5386=ORIENTED_EDGE('',*,*,#4165,.T.);
#5387=ORIENTED_EDGE('',*,*,#4222,.T.);
#5388=ORIENTED_EDGE('',*,*,#4223,.F.);
#5389=ORIENTED_EDGE('',*,*,#4224,.F.);
#5390=ORIENTED_EDGE('',*,*,#4219,.F.);
#5391=ORIENTED_EDGE('',*,*,#4164,.T.);
#5392=ORIENTED_EDGE('',*,*,#4225,.T.);
#5393=ORIENTED_EDGE('',*,*,#4226,.F.);
#5394=ORIENTED_EDGE('',*,*,#4110,.F.);
#5395=ORIENTED_EDGE('',*,*,#4227,.T.);
#5396=ORIENTED_EDGE('',*,*,#4222,.F.);
#5397=ORIENTED_EDGE('',*,*,#4163,.T.);
#5398=ORIENTED_EDGE('',*,*,#4228,.F.);
#5399=ORIENTED_EDGE('',*,*,#4229,.F.);
#5400=ORIENTED_EDGE('',*,*,#4230,.F.);
#5401=ORIENTED_EDGE('',*,*,#4225,.F.);
#5402=ORIENTED_EDGE('',*,*,#4162,.T.);
#5403=ORIENTED_EDGE('',*,*,#4231,.T.);
#5404=ORIENTED_EDGE('',*,*,#4232,.F.);
#5405=ORIENTED_EDGE('',*,*,#4233,.F.);
#5406=ORIENTED_EDGE('',*,*,#4228,.T.);
#5407=ORIENTED_EDGE('',*,*,#4161,.T.);
#5408=ORIENTED_EDGE('',*,*,#4234,.F.);
#5409=ORIENTED_EDGE('',*,*,#4235,.F.);
#5410=ORIENTED_EDGE('',*,*,#4236,.F.);
#5411=ORIENTED_EDGE('',*,*,#4231,.F.);
#5412=ORIENTED_EDGE('',*,*,#4160,.T.);
#5413=ORIENTED_EDGE('',*,*,#4237,.F.);
#5414=ORIENTED_EDGE('',*,*,#4238,.F.);
#5415=ORIENTED_EDGE('',*,*,#4118,.F.);
#5416=ORIENTED_EDGE('',*,*,#4239,.T.);
#5417=ORIENTED_EDGE('',*,*,#4234,.T.);
#5418=ORIENTED_EDGE('',*,*,#4159,.T.);
#5419=ORIENTED_EDGE('',*,*,#4240,.F.);
#5420=ORIENTED_EDGE('',*,*,#4241,.F.);
#5421=ORIENTED_EDGE('',*,*,#4242,.F.);
#5422=ORIENTED_EDGE('',*,*,#4237,.T.);
#5423=ORIENTED_EDGE('',*,*,#4158,.T.);
#5424=ORIENTED_EDGE('',*,*,#4121,.T.);
#5425=ORIENTED_EDGE('',*,*,#3943,.F.);
#5426=ORIENTED_EDGE('',*,*,#4243,.T.);
#5427=ORIENTED_EDGE('',*,*,#4240,.T.);
#5428=ORIENTED_EDGE('',*,*,#4157,.T.);
#5429=ORIENTED_EDGE('',*,*,#4244,.F.);
#5430=ORIENTED_EDGE('',*,*,#3945,.F.);
#5431=ORIENTED_EDGE('',*,*,#4123,.T.);
#5432=ORIENTED_EDGE('',*,*,#4156,.T.);
#5433=ORIENTED_EDGE('',*,*,#4245,.F.);
#5434=ORIENTED_EDGE('',*,*,#3946,.F.);
#5435=ORIENTED_EDGE('',*,*,#4244,.T.);
#5436=ORIENTED_EDGE('',*,*,#4155,.T.);
#5437=ORIENTED_EDGE('',*,*,#4246,.F.);
#5438=ORIENTED_EDGE('',*,*,#3947,.F.);
#5439=ORIENTED_EDGE('',*,*,#4245,.T.);
#5440=ORIENTED_EDGE('',*,*,#4154,.T.);
#5441=ORIENTED_EDGE('',*,*,#4247,.F.);
#5442=ORIENTED_EDGE('',*,*,#3948,.F.);
#5443=ORIENTED_EDGE('',*,*,#4246,.T.);
#5444=ORIENTED_EDGE('',*,*,#4153,.T.);
#5445=ORIENTED_EDGE('',*,*,#4248,.F.);
#5446=ORIENTED_EDGE('',*,*,#3949,.F.);
#5447=ORIENTED_EDGE('',*,*,#4247,.T.);
#5448=ORIENTED_EDGE('',*,*,#4152,.T.);
#5449=ORIENTED_EDGE('',*,*,#4249,.F.);
#5450=ORIENTED_EDGE('',*,*,#3950,.F.);
#5451=ORIENTED_EDGE('',*,*,#4248,.T.);
#5452=ORIENTED_EDGE('',*,*,#4151,.T.);
#5453=ORIENTED_EDGE('',*,*,#4250,.F.);
#5454=ORIENTED_EDGE('',*,*,#3951,.F.);
#5455=ORIENTED_EDGE('',*,*,#4249,.T.);
#5456=ORIENTED_EDGE('',*,*,#4150,.T.);
#5457=ORIENTED_EDGE('',*,*,#4251,.F.);
#5458=ORIENTED_EDGE('',*,*,#3952,.F.);
#5459=ORIENTED_EDGE('',*,*,#4250,.T.);
#5460=ORIENTED_EDGE('',*,*,#4149,.T.);
#5461=ORIENTED_EDGE('',*,*,#4252,.F.);
#5462=ORIENTED_EDGE('',*,*,#3953,.F.);
#5463=ORIENTED_EDGE('',*,*,#4251,.T.);
#5464=ORIENTED_EDGE('',*,*,#4148,.T.);
#5465=ORIENTED_EDGE('',*,*,#4253,.F.);
#5466=ORIENTED_EDGE('',*,*,#3954,.F.);
#5467=ORIENTED_EDGE('',*,*,#4252,.T.);
#5468=ORIENTED_EDGE('',*,*,#4147,.T.);
#5469=ORIENTED_EDGE('',*,*,#4254,.F.);
#5470=ORIENTED_EDGE('',*,*,#3955,.F.);
#5471=ORIENTED_EDGE('',*,*,#4253,.T.);
#5472=ORIENTED_EDGE('',*,*,#4146,.T.);
#5473=ORIENTED_EDGE('',*,*,#4255,.F.);
#5474=ORIENTED_EDGE('',*,*,#4256,.F.);
#5475=ORIENTED_EDGE('',*,*,#4254,.T.);
#5476=ORIENTED_EDGE('',*,*,#4145,.T.);
#5477=ORIENTED_EDGE('',*,*,#4257,.T.);
#5478=ORIENTED_EDGE('',*,*,#4258,.F.);
#5479=ORIENTED_EDGE('',*,*,#4255,.T.);
#5480=ORIENTED_EDGE('',*,*,#4144,.T.);
#5481=ORIENTED_EDGE('',*,*,#4259,.F.);
#5482=ORIENTED_EDGE('',*,*,#4260,.F.);
#5483=ORIENTED_EDGE('',*,*,#4261,.T.);
#5484=ORIENTED_EDGE('',*,*,#4262,.T.);
#5485=ORIENTED_EDGE('',*,*,#4257,.F.);
#5486=ORIENTED_EDGE('',*,*,#4143,.T.);
#5487=ORIENTED_EDGE('',*,*,#4263,.F.);
#5488=ORIENTED_EDGE('',*,*,#4264,.T.);
#5489=ORIENTED_EDGE('',*,*,#4259,.T.);
#5490=ORIENTED_EDGE('',*,*,#4142,.T.);
#5491=ORIENTED_EDGE('',*,*,#4265,.T.);
#5492=ORIENTED_EDGE('',*,*,#4266,.T.);
#5493=ORIENTED_EDGE('',*,*,#4263,.T.);
#5494=ORIENTED_EDGE('',*,*,#4141,.T.);
#5495=ORIENTED_EDGE('',*,*,#4267,.F.);
#5496=ORIENTED_EDGE('',*,*,#4268,.T.);
#5497=ORIENTED_EDGE('',*,*,#4265,.F.);
#5498=ORIENTED_EDGE('',*,*,#4140,.T.);
#5499=ORIENTED_EDGE('',*,*,#4269,.F.);
#5500=ORIENTED_EDGE('',*,*,#4270,.T.);
#5501=ORIENTED_EDGE('',*,*,#4267,.T.);
#5502=ORIENTED_EDGE('',*,*,#4139,.T.);
#5503=ORIENTED_EDGE('',*,*,#4271,.F.);
#5504=ORIENTED_EDGE('',*,*,#4272,.T.);
#5505=ORIENTED_EDGE('',*,*,#4269,.T.);
#5506=ORIENTED_EDGE('',*,*,#4138,.T.);
#5507=ORIENTED_EDGE('',*,*,#4273,.F.);
#5508=ORIENTED_EDGE('',*,*,#4274,.T.);
#5509=ORIENTED_EDGE('',*,*,#4271,.T.);
#5510=ORIENTED_EDGE('',*,*,#4137,.T.);
#5511=ORIENTED_EDGE('',*,*,#4275,.F.);
#5512=ORIENTED_EDGE('',*,*,#4276,.T.);
#5513=ORIENTED_EDGE('',*,*,#4273,.T.);
#5514=ORIENTED_EDGE('',*,*,#4136,.T.);
#5515=ORIENTED_EDGE('',*,*,#4277,.F.);
#5516=ORIENTED_EDGE('',*,*,#4278,.T.);
#5517=ORIENTED_EDGE('',*,*,#4275,.T.);
#5518=ORIENTED_EDGE('',*,*,#4135,.T.);
#5519=ORIENTED_EDGE('',*,*,#4279,.F.);
#5520=ORIENTED_EDGE('',*,*,#4280,.T.);
#5521=ORIENTED_EDGE('',*,*,#4277,.T.);
#5522=ORIENTED_EDGE('',*,*,#4134,.T.);
#5523=ORIENTED_EDGE('',*,*,#4281,.F.);
#5524=ORIENTED_EDGE('',*,*,#4282,.T.);
#5525=ORIENTED_EDGE('',*,*,#4279,.T.);
#5526=ORIENTED_EDGE('',*,*,#4133,.T.);
#5527=ORIENTED_EDGE('',*,*,#4283,.F.);
#5528=ORIENTED_EDGE('',*,*,#4284,.T.);
#5529=ORIENTED_EDGE('',*,*,#4281,.T.);
#5530=ORIENTED_EDGE('',*,*,#4132,.T.);
#5531=ORIENTED_EDGE('',*,*,#4285,.F.);
#5532=ORIENTED_EDGE('',*,*,#4286,.F.);
#5533=ORIENTED_EDGE('',*,*,#4287,.T.);
#5534=ORIENTED_EDGE('',*,*,#4283,.T.);
#5535=ORIENTED_EDGE('',*,*,#4131,.T.);
#5536=ORIENTED_EDGE('',*,*,#4288,.F.);
#5537=ORIENTED_EDGE('',*,*,#4289,.T.);
#5538=ORIENTED_EDGE('',*,*,#4290,.T.);
#5539=ORIENTED_EDGE('',*,*,#4285,.T.);
#5540=ORIENTED_EDGE('',*,*,#4130,.T.);
#5541=ORIENTED_EDGE('',*,*,#4291,.F.);
#5542=ORIENTED_EDGE('',*,*,#4038,.T.);
#5543=ORIENTED_EDGE('',*,*,#4292,.T.);
#5544=ORIENTED_EDGE('',*,*,#4288,.T.);
#5545=ORIENTED_EDGE('',*,*,#4182,.T.);
#5546=ORIENTED_EDGE('',*,*,#4293,.F.);
#5547=ORIENTED_EDGE('',*,*,#4081,.F.);
#5548=ORIENTED_EDGE('',*,*,#4294,.T.);
#5549=ORIENTED_EDGE('',*,*,#4295,.F.);
#5550=ORIENTED_EDGE('',*,*,#4296,.T.);
#5551=ORIENTED_EDGE('',*,*,#4297,.T.);
#5552=ORIENTED_EDGE('',*,*,#4298,.T.);
#5553=ORIENTED_EDGE('',*,*,#4299,.F.);
#5554=ORIENTED_EDGE('',*,*,#4294,.F.);
#5555=ORIENTED_EDGE('',*,*,#4080,.F.);
#5556=ORIENTED_EDGE('',*,*,#4300,.F.);
#5557=ORIENTED_EDGE('',*,*,#4301,.T.);
#5558=ORIENTED_EDGE('',*,*,#4302,.F.);
#5559=ORIENTED_EDGE('',*,*,#4187,.T.);
#5560=ORIENTED_EDGE('',*,*,#4303,.T.);
#5561=ORIENTED_EDGE('',*,*,#4304,.F.);
#5562=ORIENTED_EDGE('',*,*,#4305,.F.);
#5563=ORIENTED_EDGE('',*,*,#4306,.T.);
#5564=ORIENTED_EDGE('',*,*,#4186,.T.);
#5565=ORIENTED_EDGE('',*,*,#4307,.F.);
#5566=ORIENTED_EDGE('',*,*,#4076,.F.);
#5567=ORIENTED_EDGE('',*,*,#4308,.T.);
#5568=ORIENTED_EDGE('',*,*,#4303,.F.);
#5569=ORIENTED_EDGE('',*,*,#4185,.T.);
#5570=ORIENTED_EDGE('',*,*,#4309,.T.);
#5571=ORIENTED_EDGE('',*,*,#4077,.F.);
#5572=ORIENTED_EDGE('',*,*,#4307,.T.);
#5573=ORIENTED_EDGE('',*,*,#4184,.T.);
#5574=ORIENTED_EDGE('',*,*,#4310,.F.);
#5575=ORIENTED_EDGE('',*,*,#4078,.T.);
#5576=ORIENTED_EDGE('',*,*,#4309,.F.);
#5577=ORIENTED_EDGE('',*,*,#4183,.T.);
#5578=ORIENTED_EDGE('',*,*,#4302,.T.);
#5579=ORIENTED_EDGE('',*,*,#4311,.T.);
#5580=ORIENTED_EDGE('',*,*,#4300,.T.);
#5581=ORIENTED_EDGE('',*,*,#4079,.T.);
#5582=ORIENTED_EDGE('',*,*,#4310,.T.);
#5583=ORIENTED_EDGE('',*,*,#4181,.T.);
#5584=ORIENTED_EDGE('',*,*,#4312,.F.);
#5585=ORIENTED_EDGE('',*,*,#4082,.F.);
#5586=ORIENTED_EDGE('',*,*,#4293,.T.);
#5587=ORIENTED_EDGE('',*,*,#4180,.T.);
#5588=ORIENTED_EDGE('',*,*,#4313,.F.);
#5589=ORIENTED_EDGE('',*,*,#4083,.T.);
#5590=ORIENTED_EDGE('',*,*,#4312,.T.);
#5591=ORIENTED_EDGE('',*,*,#4179,.T.);
#5592=ORIENTED_EDGE('',*,*,#4314,.F.);
#5593=ORIENTED_EDGE('',*,*,#4084,.T.);
#5594=ORIENTED_EDGE('',*,*,#4313,.T.);
#5595=ORIENTED_EDGE('',*,*,#4178,.T.);
#5596=ORIENTED_EDGE('',*,*,#4315,.F.);
#5597=ORIENTED_EDGE('',*,*,#4085,.T.);
#5598=ORIENTED_EDGE('',*,*,#4314,.T.);
#5599=ORIENTED_EDGE('',*,*,#4177,.T.);
#5600=ORIENTED_EDGE('',*,*,#4316,.F.);
#5601=ORIENTED_EDGE('',*,*,#4086,.T.);
#5602=ORIENTED_EDGE('',*,*,#4315,.T.);
#5603=ORIENTED_EDGE('',*,*,#4176,.T.);
#5604=ORIENTED_EDGE('',*,*,#4317,.F.);
#5605=ORIENTED_EDGE('',*,*,#4087,.T.);
#5606=ORIENTED_EDGE('',*,*,#4316,.T.);
#5607=ORIENTED_EDGE('',*,*,#4175,.T.);
#5608=ORIENTED_EDGE('',*,*,#4318,.F.);
#5609=ORIENTED_EDGE('',*,*,#4088,.T.);
#5610=ORIENTED_EDGE('',*,*,#4317,.T.);
#5611=ORIENTED_EDGE('',*,*,#4174,.T.);
#5612=ORIENTED_EDGE('',*,*,#4319,.F.);
#5613=ORIENTED_EDGE('',*,*,#4089,.F.);
#5614=ORIENTED_EDGE('',*,*,#4318,.T.);
#5615=ORIENTED_EDGE('',*,*,#4173,.T.);
#5616=ORIENTED_EDGE('',*,*,#4320,.F.);
#5617=ORIENTED_EDGE('',*,*,#4090,.F.);
#5618=ORIENTED_EDGE('',*,*,#4319,.T.);
#5619=ORIENTED_EDGE('',*,*,#4172,.T.);
#5620=ORIENTED_EDGE('',*,*,#4321,.F.);
#5621=ORIENTED_EDGE('',*,*,#4091,.F.);
#5622=ORIENTED_EDGE('',*,*,#4320,.T.);
#5623=ORIENTED_EDGE('',*,*,#4171,.T.);
#5624=ORIENTED_EDGE('',*,*,#4322,.F.);
#5625=ORIENTED_EDGE('',*,*,#4323,.F.);
#5626=ORIENTED_EDGE('',*,*,#4092,.F.);
#5627=ORIENTED_EDGE('',*,*,#4321,.T.);
#5628=ORIENTED_EDGE('',*,*,#4170,.T.);
#5629=ORIENTED_EDGE('',*,*,#4213,.T.);
#5630=ORIENTED_EDGE('',*,*,#4324,.F.);
#5631=ORIENTED_EDGE('',*,*,#4325,.F.);
#5632=ORIENTED_EDGE('',*,*,#4322,.T.);
#5633=ORIENTED_EDGE('',*,*,#4262,.F.);
#5634=ORIENTED_EDGE('',*,*,#4326,.F.);
#5635=ORIENTED_EDGE('',*,*,#4258,.T.);
#5636=ORIENTED_EDGE('',*,*,#4193,.T.);
#5637=ORIENTED_EDGE('',*,*,#4327,.T.);
#5638=ORIENTED_EDGE('',*,*,#4328,.T.);
#5639=ORIENTED_EDGE('',*,*,#4329,.T.);
#5640=ORIENTED_EDGE('',*,*,#4330,.F.);
#5641=ORIENTED_EDGE('',*,*,#4194,.T.);
#5642=ORIENTED_EDGE('',*,*,#4330,.T.);
#5643=ORIENTED_EDGE('',*,*,#4331,.F.);
#5644=ORIENTED_EDGE('',*,*,#4065,.T.);
#5645=ORIENTED_EDGE('',*,*,#4332,.T.);
#5646=ORIENTED_EDGE('',*,*,#4199,.T.);
#5647=ORIENTED_EDGE('',*,*,#4333,.T.);
#5648=ORIENTED_EDGE('',*,*,#4334,.T.);
#5649=ORIENTED_EDGE('',*,*,#4335,.T.);
#5650=ORIENTED_EDGE('',*,*,#4336,.F.);
#5651=ORIENTED_EDGE('',*,*,#4200,.T.);
#5652=ORIENTED_EDGE('',*,*,#4336,.T.);
#5653=ORIENTED_EDGE('',*,*,#4337,.T.);
#5654=ORIENTED_EDGE('',*,*,#4338,.T.);
#5655=ORIENTED_EDGE('',*,*,#4339,.F.);
#5656=ORIENTED_EDGE('',*,*,#4201,.T.);
#5657=ORIENTED_EDGE('',*,*,#4339,.T.);
#5658=ORIENTED_EDGE('',*,*,#4340,.F.);
#5659=ORIENTED_EDGE('',*,*,#4056,.T.);
#5660=ORIENTED_EDGE('',*,*,#4341,.T.);
#5661=ORIENTED_EDGE('',*,*,#4342,.T.);
#5662=ORIENTED_EDGE('',*,*,#4203,.T.);
#5663=ORIENTED_EDGE('',*,*,#4343,.F.);
#5664=ORIENTED_EDGE('',*,*,#4344,.F.);
#5665=ORIENTED_EDGE('',*,*,#4050,.T.);
#5666=ORIENTED_EDGE('',*,*,#4345,.T.);
#5667=ORIENTED_EDGE('',*,*,#4346,.T.);
#5668=ORIENTED_EDGE('',*,*,#4207,.T.);
#5669=ORIENTED_EDGE('',*,*,#4347,.F.);
#5670=ORIENTED_EDGE('',*,*,#4348,.F.);
#5671=ORIENTED_EDGE('',*,*,#4044,.T.);
#5672=ORIENTED_EDGE('',*,*,#4349,.T.);
#5673=ORIENTED_EDGE('',*,*,#4350,.T.);
#5674=ORIENTED_EDGE('',*,*,#4351,.F.);
#5675=ORIENTED_EDGE('',*,*,#4298,.F.);
#5676=ORIENTED_EDGE('',*,*,#4352,.T.);
#5677=ORIENTED_EDGE('',*,*,#4353,.F.);
#5678=ORIENTED_EDGE('',*,*,#4354,.F.);
#5679=ORIENTED_EDGE('',*,*,#4355,.F.);
#5680=ORIENTED_EDGE('',*,*,#4356,.T.);
#5681=ORIENTED_EDGE('',*,*,#4296,.F.);
#5682=ORIENTED_EDGE('',*,*,#4353,.T.);
#5683=ORIENTED_EDGE('',*,*,#4357,.F.);
#5684=ORIENTED_EDGE('',*,*,#4358,.F.);
#5685=ORIENTED_EDGE('',*,*,#4359,.F.);
#5686=ORIENTED_EDGE('',*,*,#4360,.T.);
#5687=ORIENTED_EDGE('',*,*,#4355,.T.);
#5688=ORIENTED_EDGE('',*,*,#4361,.T.);
#5689=ORIENTED_EDGE('',*,*,#4362,.F.);
#5690=ORIENTED_EDGE('',*,*,#4363,.F.);
#5691=ORIENTED_EDGE('',*,*,#4364,.F.);
#5692=ORIENTED_EDGE('',*,*,#4354,.T.);
#5693=ORIENTED_EDGE('',*,*,#4295,.T.);
#5694=ORIENTED_EDGE('',*,*,#4299,.T.);
#5695=ORIENTED_EDGE('',*,*,#4351,.T.);
#5696=ORIENTED_EDGE('',*,*,#4360,.F.);
#5697=ORIENTED_EDGE('',*,*,#4365,.T.);
#5698=ORIENTED_EDGE('',*,*,#4366,.T.);
#5699=ORIENTED_EDGE('',*,*,#4367,.T.);
#5700=ORIENTED_EDGE('',*,*,#4368,.T.);
#5701=ORIENTED_EDGE('',*,*,#4369,.T.);
#5702=ORIENTED_EDGE('',*,*,#4370,.T.);
#5703=ORIENTED_EDGE('',*,*,#4371,.T.);
#5704=ORIENTED_EDGE('',*,*,#4372,.T.);
#5705=ORIENTED_EDGE('',*,*,#4373,.T.);
#5706=ORIENTED_EDGE('',*,*,#4374,.T.);
#5707=ORIENTED_EDGE('',*,*,#4375,.T.);
#5708=ORIENTED_EDGE('',*,*,#4376,.T.);
#5709=ORIENTED_EDGE('',*,*,#4377,.T.);
#5710=ORIENTED_EDGE('',*,*,#4378,.T.);
#5711=ORIENTED_EDGE('',*,*,#4379,.T.);
#5712=ORIENTED_EDGE('',*,*,#4380,.T.);
#5713=ORIENTED_EDGE('',*,*,#4381,.T.);
#5714=ORIENTED_EDGE('',*,*,#4382,.T.);
#5715=ORIENTED_EDGE('',*,*,#4383,.T.);
#5716=ORIENTED_EDGE('',*,*,#4384,.T.);
#5717=ORIENTED_EDGE('',*,*,#4385,.T.);
#5718=ORIENTED_EDGE('',*,*,#4386,.T.);
#5719=ORIENTED_EDGE('',*,*,#4387,.T.);
#5720=ORIENTED_EDGE('',*,*,#4388,.F.);
#5721=ORIENTED_EDGE('',*,*,#4389,.F.);
#5722=ORIENTED_EDGE('',*,*,#4390,.F.);
#5723=ORIENTED_EDGE('',*,*,#4391,.F.);
#5724=ORIENTED_EDGE('',*,*,#4392,.F.);
#5725=ORIENTED_EDGE('',*,*,#4393,.F.);
#5726=ORIENTED_EDGE('',*,*,#4394,.F.);
#5727=ORIENTED_EDGE('',*,*,#4395,.F.);
#5728=ORIENTED_EDGE('',*,*,#4396,.F.);
#5729=ORIENTED_EDGE('',*,*,#4397,.F.);
#5730=ORIENTED_EDGE('',*,*,#4398,.F.);
#5731=ORIENTED_EDGE('',*,*,#4399,.F.);
#5732=ORIENTED_EDGE('',*,*,#4400,.F.);
#5733=ORIENTED_EDGE('',*,*,#4401,.F.);
#5734=ORIENTED_EDGE('',*,*,#4402,.F.);
#5735=ORIENTED_EDGE('',*,*,#4403,.F.);
#5736=ORIENTED_EDGE('',*,*,#4404,.F.);
#5737=ORIENTED_EDGE('',*,*,#4405,.F.);
#5738=ORIENTED_EDGE('',*,*,#4406,.F.);
#5739=ORIENTED_EDGE('',*,*,#4407,.F.);
#5740=ORIENTED_EDGE('',*,*,#4408,.F.);
#5741=ORIENTED_EDGE('',*,*,#4409,.F.);
#5742=ORIENTED_EDGE('',*,*,#4410,.F.);
#5743=ORIENTED_EDGE('',*,*,#4411,.F.);
#5744=ORIENTED_EDGE('',*,*,#4412,.T.);
#5745=ORIENTED_EDGE('',*,*,#4413,.T.);
#5746=ORIENTED_EDGE('',*,*,#4414,.T.);
#5747=ORIENTED_EDGE('',*,*,#4415,.T.);
#5748=ORIENTED_EDGE('',*,*,#4416,.T.);
#5749=ORIENTED_EDGE('',*,*,#4417,.T.);
#5750=ORIENTED_EDGE('',*,*,#4418,.T.);
#5751=ORIENTED_EDGE('',*,*,#4419,.T.);
#5752=ORIENTED_EDGE('',*,*,#4420,.T.);
#5753=ORIENTED_EDGE('',*,*,#4421,.T.);
#5754=ORIENTED_EDGE('',*,*,#4422,.T.);
#5755=ORIENTED_EDGE('',*,*,#4423,.T.);
#5756=ORIENTED_EDGE('',*,*,#4424,.T.);
#5757=ORIENTED_EDGE('',*,*,#4425,.T.);
#5758=ORIENTED_EDGE('',*,*,#4426,.T.);
#5759=ORIENTED_EDGE('',*,*,#4427,.T.);
#5760=ORIENTED_EDGE('',*,*,#4428,.T.);
#5761=ORIENTED_EDGE('',*,*,#4429,.T.);
#5762=ORIENTED_EDGE('',*,*,#4430,.T.);
#5763=ORIENTED_EDGE('',*,*,#4431,.T.);
#5764=ORIENTED_EDGE('',*,*,#4432,.T.);
#5765=ORIENTED_EDGE('',*,*,#4433,.T.);
#5766=ORIENTED_EDGE('',*,*,#4434,.T.);
#5767=ORIENTED_EDGE('',*,*,#4435,.T.);
#5768=ORIENTED_EDGE('',*,*,#4361,.F.);
#5769=ORIENTED_EDGE('',*,*,#4436,.F.);
#5770=ORIENTED_EDGE('',*,*,#3981,.T.);
#5771=ORIENTED_EDGE('',*,*,#4437,.T.);
#5772=ORIENTED_EDGE('',*,*,#4438,.T.);
#5773=ORIENTED_EDGE('',*,*,#4439,.F.);
#5774=ORIENTED_EDGE('',*,*,#4440,.F.);
#5775=ORIENTED_EDGE('',*,*,#4436,.T.);
#5776=ORIENTED_EDGE('',*,*,#4441,.F.);
#5777=ORIENTED_EDGE('',*,*,#4442,.T.);
#5778=ORIENTED_EDGE('',*,*,#3982,.T.);
#5779=ORIENTED_EDGE('',*,*,#4437,.F.);
#5780=ORIENTED_EDGE('',*,*,#3980,.T.);
#5781=ORIENTED_EDGE('',*,*,#4443,.F.);
#5782=ORIENTED_EDGE('',*,*,#4444,.F.);
#5783=ORIENTED_EDGE('',*,*,#4445,.T.);
#5784=ORIENTED_EDGE('',*,*,#3963,.T.);
#5785=ORIENTED_EDGE('',*,*,#4446,.F.);
#5786=ORIENTED_EDGE('',*,*,#4446,.T.);
#5787=ORIENTED_EDGE('',*,*,#3962,.T.);
#5788=ORIENTED_EDGE('',*,*,#4447,.T.);
#5789=ORIENTED_EDGE('',*,*,#4448,.F.);
#5790=ORIENTED_EDGE('',*,*,#4449,.F.);
#5791=ORIENTED_EDGE('',*,*,#3959,.T.);
#5792=ORIENTED_EDGE('',*,*,#4128,.F.);
#5793=ORIENTED_EDGE('',*,*,#4450,.F.);
#5794=ORIENTED_EDGE('',*,*,#4449,.T.);
#5795=ORIENTED_EDGE('',*,*,#4451,.F.);
#5796=ORIENTED_EDGE('',*,*,#4452,.T.);
#5797=ORIENTED_EDGE('',*,*,#3960,.T.);
#5798=ORIENTED_EDGE('',*,*,#4447,.F.);
#5799=ORIENTED_EDGE('',*,*,#3961,.T.);
#5800=ORIENTED_EDGE('',*,*,#4452,.F.);
#5801=ORIENTED_EDGE('',*,*,#4453,.F.);
#5802=ORIENTED_EDGE('',*,*,#4454,.F.);
#5803=ORIENTED_EDGE('',*,*,#4455,.F.);
#5804=ORIENTED_EDGE('',*,*,#4456,.F.);
#5805=ORIENTED_EDGE('',*,*,#4457,.F.);
#5806=ORIENTED_EDGE('',*,*,#4458,.T.);
#5807=ORIENTED_EDGE('',*,*,#4459,.F.);
#5808=ORIENTED_EDGE('',*,*,#4460,.T.);
#5809=ORIENTED_EDGE('',*,*,#4458,.F.);
#5810=ORIENTED_EDGE('',*,*,#4461,.T.);
#5811=ORIENTED_EDGE('',*,*,#4357,.T.);
#5812=ORIENTED_EDGE('',*,*,#4352,.F.);
#5813=ORIENTED_EDGE('',*,*,#4297,.F.);
#5814=ORIENTED_EDGE('',*,*,#4356,.F.);
#5815=ORIENTED_EDGE('',*,*,#4364,.T.);
#5816=ORIENTED_EDGE('',*,*,#4462,.F.);
#5817=ORIENTED_EDGE('',*,*,#4463,.F.);
#5818=ORIENTED_EDGE('',*,*,#4464,.F.);
#5819=ORIENTED_EDGE('',*,*,#4465,.F.);
#5820=ORIENTED_EDGE('',*,*,#4466,.F.);
#5821=ORIENTED_EDGE('',*,*,#4467,.F.);
#5822=ORIENTED_EDGE('',*,*,#4468,.F.);
#5823=ORIENTED_EDGE('',*,*,#4469,.F.);
#5824=ORIENTED_EDGE('',*,*,#4470,.F.);
#5825=ORIENTED_EDGE('',*,*,#4471,.F.);
#5826=ORIENTED_EDGE('',*,*,#4472,.F.);
#5827=ORIENTED_EDGE('',*,*,#4473,.F.);
#5828=ORIENTED_EDGE('',*,*,#4474,.F.);
#5829=ORIENTED_EDGE('',*,*,#4475,.F.);
#5830=ORIENTED_EDGE('',*,*,#4476,.F.);
#5831=ORIENTED_EDGE('',*,*,#4477,.F.);
#5832=ORIENTED_EDGE('',*,*,#4478,.F.);
#5833=ORIENTED_EDGE('',*,*,#4479,.F.);
#5834=ORIENTED_EDGE('',*,*,#4480,.F.);
#5835=ORIENTED_EDGE('',*,*,#4481,.F.);
#5836=ORIENTED_EDGE('',*,*,#4482,.F.);
#5837=ORIENTED_EDGE('',*,*,#4483,.F.);
#5838=ORIENTED_EDGE('',*,*,#4484,.F.);
#5839=ORIENTED_EDGE('',*,*,#4485,.F.);
#5840=ORIENTED_EDGE('',*,*,#4486,.F.);
#5841=ORIENTED_EDGE('',*,*,#4487,.F.);
#5842=ORIENTED_EDGE('',*,*,#4488,.F.);
#5843=ORIENTED_EDGE('',*,*,#4489,.F.);
#5844=ORIENTED_EDGE('',*,*,#4490,.F.);
#5845=ORIENTED_EDGE('',*,*,#4491,.F.);
#5846=ORIENTED_EDGE('',*,*,#4492,.F.);
#5847=ORIENTED_EDGE('',*,*,#4493,.F.);
#5848=ORIENTED_EDGE('',*,*,#4461,.F.);
#5849=ORIENTED_EDGE('',*,*,#4494,.F.);
#5850=ORIENTED_EDGE('',*,*,#4495,.F.);
#5851=ORIENTED_EDGE('',*,*,#4496,.F.);
#5852=ORIENTED_EDGE('',*,*,#4497,.F.);
#5853=ORIENTED_EDGE('',*,*,#4498,.F.);
#5854=ORIENTED_EDGE('',*,*,#4499,.F.);
#5855=ORIENTED_EDGE('',*,*,#4500,.T.);
#5856=ORIENTED_EDGE('',*,*,#4501,.T.);
#5857=ORIENTED_EDGE('',*,*,#4502,.T.);
#5858=ORIENTED_EDGE('',*,*,#4503,.T.);
#5859=ORIENTED_EDGE('',*,*,#4504,.T.);
#5860=ORIENTED_EDGE('',*,*,#4505,.T.);
#5861=ORIENTED_EDGE('',*,*,#4506,.T.);
#5862=ORIENTED_EDGE('',*,*,#4507,.T.);
#5863=ORIENTED_EDGE('',*,*,#4508,.T.);
#5864=ORIENTED_EDGE('',*,*,#4509,.T.);
#5865=ORIENTED_EDGE('',*,*,#4510,.T.);
#5866=ORIENTED_EDGE('',*,*,#4511,.T.);
#5867=ORIENTED_EDGE('',*,*,#4512,.T.);
#5868=ORIENTED_EDGE('',*,*,#4513,.T.);
#5869=ORIENTED_EDGE('',*,*,#4514,.T.);
#5870=ORIENTED_EDGE('',*,*,#4515,.T.);
#5871=ORIENTED_EDGE('',*,*,#4516,.T.);
#5872=ORIENTED_EDGE('',*,*,#4517,.T.);
#5873=ORIENTED_EDGE('',*,*,#4441,.T.);
#5874=ORIENTED_EDGE('',*,*,#4440,.T.);
#5875=ORIENTED_EDGE('',*,*,#4518,.T.);
#5876=ORIENTED_EDGE('',*,*,#4519,.T.);
#5877=ORIENTED_EDGE('',*,*,#4520,.T.);
#5878=ORIENTED_EDGE('',*,*,#4521,.T.);
#5879=ORIENTED_EDGE('',*,*,#4522,.T.);
#5880=ORIENTED_EDGE('',*,*,#4523,.T.);
#5881=ORIENTED_EDGE('',*,*,#4524,.T.);
#5882=ORIENTED_EDGE('',*,*,#4525,.T.);
#5883=ORIENTED_EDGE('',*,*,#4526,.T.);
#5884=ORIENTED_EDGE('',*,*,#4527,.T.);
#5885=ORIENTED_EDGE('',*,*,#4528,.T.);
#5886=ORIENTED_EDGE('',*,*,#4529,.T.);
#5887=ORIENTED_EDGE('',*,*,#4530,.T.);
#5888=ORIENTED_EDGE('',*,*,#4531,.T.);
#5889=ORIENTED_EDGE('',*,*,#4532,.T.);
#5890=ORIENTED_EDGE('',*,*,#4533,.T.);
#5891=ORIENTED_EDGE('',*,*,#4534,.T.);
#5892=ORIENTED_EDGE('',*,*,#4535,.T.);
#5893=ORIENTED_EDGE('',*,*,#4536,.T.);
#5894=ORIENTED_EDGE('',*,*,#4537,.T.);
#5895=ORIENTED_EDGE('',*,*,#4538,.T.);
#5896=ORIENTED_EDGE('',*,*,#4539,.F.);
#5897=ORIENTED_EDGE('',*,*,#4540,.F.);
#5898=ORIENTED_EDGE('',*,*,#4541,.F.);
#5899=ORIENTED_EDGE('',*,*,#4542,.F.);
#5900=ORIENTED_EDGE('',*,*,#4543,.F.);
#5901=ORIENTED_EDGE('',*,*,#4544,.F.);
#5902=ORIENTED_EDGE('',*,*,#4545,.F.);
#5903=ORIENTED_EDGE('',*,*,#4546,.F.);
#5904=ORIENTED_EDGE('',*,*,#4547,.F.);
#5905=ORIENTED_EDGE('',*,*,#4548,.F.);
#5906=ORIENTED_EDGE('',*,*,#4549,.F.);
#5907=ORIENTED_EDGE('',*,*,#4550,.F.);
#5908=ORIENTED_EDGE('',*,*,#4551,.F.);
#5909=ORIENTED_EDGE('',*,*,#4552,.F.);
#5910=ORIENTED_EDGE('',*,*,#4553,.F.);
#5911=ORIENTED_EDGE('',*,*,#4554,.F.);
#5912=ORIENTED_EDGE('',*,*,#4555,.F.);
#5913=ORIENTED_EDGE('',*,*,#4556,.F.);
#5914=ORIENTED_EDGE('',*,*,#4557,.F.);
#5915=ORIENTED_EDGE('',*,*,#4558,.F.);
#5916=ORIENTED_EDGE('',*,*,#4559,.F.);
#5917=ORIENTED_EDGE('',*,*,#4560,.F.);
#5918=ORIENTED_EDGE('',*,*,#4561,.F.);
#5919=ORIENTED_EDGE('',*,*,#4562,.F.);
#5920=ORIENTED_EDGE('',*,*,#4563,.F.);
#5921=ORIENTED_EDGE('',*,*,#4564,.F.);
#5922=ORIENTED_EDGE('',*,*,#4565,.F.);
#5923=ORIENTED_EDGE('',*,*,#4566,.F.);
#5924=ORIENTED_EDGE('',*,*,#4567,.F.);
#5925=ORIENTED_EDGE('',*,*,#4568,.F.);
#5926=ORIENTED_EDGE('',*,*,#4569,.F.);
#5927=ORIENTED_EDGE('',*,*,#4570,.F.);
#5928=ORIENTED_EDGE('',*,*,#4571,.F.);
#5929=ORIENTED_EDGE('',*,*,#4572,.F.);
#5930=ORIENTED_EDGE('',*,*,#4573,.F.);
#5931=ORIENTED_EDGE('',*,*,#4574,.F.);
#5932=ORIENTED_EDGE('',*,*,#4575,.F.);
#5933=ORIENTED_EDGE('',*,*,#4576,.T.);
#5934=ORIENTED_EDGE('',*,*,#4492,.T.);
#5935=ORIENTED_EDGE('',*,*,#4577,.F.);
#5936=ORIENTED_EDGE('',*,*,#4575,.T.);
#5937=ORIENTED_EDGE('',*,*,#4491,.T.);
#5938=ORIENTED_EDGE('',*,*,#4493,.T.);
#5939=ORIENTED_EDGE('',*,*,#4578,.T.);
#5940=ORIENTED_EDGE('',*,*,#4460,.F.);
#5941=ORIENTED_EDGE('',*,*,#4579,.T.);
#5942=ORIENTED_EDGE('',*,*,#4580,.T.);
#5943=ORIENTED_EDGE('',*,*,#4581,.F.);
#5944=ORIENTED_EDGE('',*,*,#4457,.T.);
#5945=ORIENTED_EDGE('',*,*,#4582,.F.);
#5946=ORIENTED_EDGE('',*,*,#4494,.T.);
#5947=ORIENTED_EDGE('',*,*,#4583,.T.);
#5948=ORIENTED_EDGE('',*,*,#4582,.T.);
#5949=ORIENTED_EDGE('',*,*,#4006,.F.);
#5950=ORIENTED_EDGE('',*,*,#4578,.F.);
#5951=ORIENTED_EDGE('',*,*,#4580,.F.);
#5952=ORIENTED_EDGE('',*,*,#4584,.T.);
#5953=ORIENTED_EDGE('',*,*,#4585,.T.);
#5954=ORIENTED_EDGE('',*,*,#4010,.F.);
#5955=ORIENTED_EDGE('',*,*,#4586,.F.);
#5956=ORIENTED_EDGE('',*,*,#4587,.F.);
#5957=ORIENTED_EDGE('',*,*,#4588,.T.);
#5958=ORIENTED_EDGE('',*,*,#4489,.T.);
#5959=ORIENTED_EDGE('',*,*,#4589,.F.);
#5960=ORIENTED_EDGE('',*,*,#4590,.T.);
#5961=ORIENTED_EDGE('',*,*,#4586,.T.);
#5962=ORIENTED_EDGE('',*,*,#4485,.T.);
#5963=ORIENTED_EDGE('',*,*,#4591,.F.);
#5964=ORIENTED_EDGE('',*,*,#4592,.T.);
#5965=ORIENTED_EDGE('',*,*,#4486,.T.);
#5966=ORIENTED_EDGE('',*,*,#4592,.F.);
#5967=ORIENTED_EDGE('',*,*,#4593,.F.);
#5968=ORIENTED_EDGE('',*,*,#4004,.F.);
#5969=ORIENTED_EDGE('',*,*,#4594,.T.);
#5970=ORIENTED_EDGE('',*,*,#4595,.T.);
#5971=ORIENTED_EDGE('',*,*,#4495,.T.);
#5972=ORIENTED_EDGE('',*,*,#4596,.F.);
#5973=ORIENTED_EDGE('',*,*,#4595,.F.);
#5974=ORIENTED_EDGE('',*,*,#4005,.F.);
#5975=ORIENTED_EDGE('',*,*,#4596,.T.);
#5976=ORIENTED_EDGE('',*,*,#4583,.F.);
#5977=ORIENTED_EDGE('',*,*,#4597,.F.);
#5978=ORIENTED_EDGE('',*,*,#4498,.T.);
#5979=ORIENTED_EDGE('',*,*,#4598,.T.);
#5980=ORIENTED_EDGE('',*,*,#4599,.T.);
#5981=ORIENTED_EDGE('',*,*,#4600,.T.);
#5982=ORIENTED_EDGE('',*,*,#4500,.F.);
#5983=ORIENTED_EDGE('',*,*,#4601,.F.);
#5984=ORIENTED_EDGE('',*,*,#4499,.T.);
#5985=ORIENTED_EDGE('',*,*,#4597,.T.);
#5986=ORIENTED_EDGE('',*,*,#3999,.T.);
#5987=ORIENTED_EDGE('',*,*,#4602,.T.);
#5988=ORIENTED_EDGE('',*,*,#4603,.F.);
#5989=ORIENTED_EDGE('',*,*,#4414,.F.);
#5990=ORIENTED_EDGE('',*,*,#4604,.T.);
#5991=ORIENTED_EDGE('',*,*,#4593,.T.);
#5992=ORIENTED_EDGE('',*,*,#4605,.F.);
#5993=ORIENTED_EDGE('',*,*,#4479,.T.);
#5994=ORIENTED_EDGE('',*,*,#4606,.F.);
#5995=ORIENTED_EDGE('',*,*,#4419,.F.);
#5996=ORIENTED_EDGE('',*,*,#4607,.T.);
#5997=ORIENTED_EDGE('',*,*,#4605,.T.);
#5998=ORIENTED_EDGE('',*,*,#4362,.T.);
#5999=ORIENTED_EDGE('',*,*,#4435,.F.);
#6000=ORIENTED_EDGE('',*,*,#4608,.T.);
#6001=ORIENTED_EDGE('',*,*,#4609,.T.);
#6002=ORIENTED_EDGE('',*,*,#4610,.T.);
#6003=ORIENTED_EDGE('',*,*,#4434,.F.);
#6004=ORIENTED_EDGE('',*,*,#4611,.T.);
#6005=ORIENTED_EDGE('',*,*,#4612,.T.);
#6006=ORIENTED_EDGE('',*,*,#4433,.F.);
#6007=ORIENTED_EDGE('',*,*,#4613,.F.);
#6008=ORIENTED_EDGE('',*,*,#4467,.T.);
#6009=ORIENTED_EDGE('',*,*,#4614,.F.);
#6010=ORIENTED_EDGE('',*,*,#4615,.T.);
#6011=ORIENTED_EDGE('',*,*,#4468,.T.);
#6012=ORIENTED_EDGE('',*,*,#4616,.F.);
#6013=ORIENTED_EDGE('',*,*,#4617,.F.);
#6014=ORIENTED_EDGE('',*,*,#4618,.T.);
#6015=ORIENTED_EDGE('',*,*,#4474,.T.);
#6016=ORIENTED_EDGE('',*,*,#4618,.F.);
#6017=ORIENTED_EDGE('',*,*,#4619,.F.);
#6018=ORIENTED_EDGE('',*,*,#4475,.T.);
#6019=ORIENTED_EDGE('',*,*,#4620,.T.);
#6020=ORIENTED_EDGE('',*,*,#4477,.T.);
#6021=ORIENTED_EDGE('',*,*,#4621,.F.);
#6022=ORIENTED_EDGE('',*,*,#4420,.F.);
#6023=ORIENTED_EDGE('',*,*,#4622,.T.);
#6024=ORIENTED_EDGE('',*,*,#4620,.F.);
#6025=ORIENTED_EDGE('',*,*,#4478,.T.);
#6026=ORIENTED_EDGE('',*,*,#4622,.F.);
#6027=ORIENTED_EDGE('',*,*,#4606,.T.);
#6028=ORIENTED_EDGE('',*,*,#4363,.T.);
#6029=ORIENTED_EDGE('',*,*,#4608,.F.);
#6030=ORIENTED_EDGE('',*,*,#4623,.T.);
#6031=ORIENTED_EDGE('',*,*,#4462,.T.);
#6032=ORIENTED_EDGE('',*,*,#4502,.F.);
#6033=ORIENTED_EDGE('',*,*,#4624,.T.);
#6034=ORIENTED_EDGE('',*,*,#4625,.F.);
#6035=ORIENTED_EDGE('',*,*,#4625,.T.);
#6036=ORIENTED_EDGE('',*,*,#4626,.T.);
#6037=ORIENTED_EDGE('',*,*,#4503,.F.);
#6038=ORIENTED_EDGE('',*,*,#4627,.F.);
#6039=ORIENTED_EDGE('',*,*,#4626,.F.);
#6040=ORIENTED_EDGE('',*,*,#3997,.T.);
#6041=ORIENTED_EDGE('',*,*,#4113,.F.);
#6042=ORIENTED_EDGE('',*,*,#4628,.T.);
#6043=ORIENTED_EDGE('',*,*,#4629,.F.);
#6044=ORIENTED_EDGE('',*,*,#4230,.T.);
#6045=ORIENTED_EDGE('',*,*,#4111,.F.);
#6046=ORIENTED_EDGE('',*,*,#4226,.T.);
#6047=ORIENTED_EDGE('',*,*,#4630,.F.);
#6048=ORIENTED_EDGE('',*,*,#4631,.T.);
#6049=ORIENTED_EDGE('',*,*,#3984,.T.);
#6050=ORIENTED_EDGE('',*,*,#4631,.F.);
#6051=ORIENTED_EDGE('',*,*,#4632,.F.);
#6052=ORIENTED_EDGE('',*,*,#3985,.T.);
#6053=ORIENTED_EDGE('',*,*,#4633,.T.);
#6054=ORIENTED_EDGE('',*,*,#4632,.T.);
#6055=ORIENTED_EDGE('',*,*,#4515,.F.);
#6056=ORIENTED_EDGE('',*,*,#3986,.T.);
#6057=ORIENTED_EDGE('',*,*,#4633,.F.);
#6058=ORIENTED_EDGE('',*,*,#4634,.F.);
#6059=ORIENTED_EDGE('',*,*,#4236,.T.);
#6060=ORIENTED_EDGE('',*,*,#4116,.F.);
#6061=ORIENTED_EDGE('',*,*,#4635,.T.);
#6062=ORIENTED_EDGE('',*,*,#4629,.T.);
#6063=ORIENTED_EDGE('',*,*,#4233,.T.);
#6064=ORIENTED_EDGE('',*,*,#4114,.F.);
#6065=ORIENTED_EDGE('',*,*,#4636,.T.);
#6066=ORIENTED_EDGE('',*,*,#4637,.T.);
#6067=ORIENTED_EDGE('',*,*,#3970,.F.);
#6068=ORIENTED_EDGE('',*,*,#3967,.F.);
#6069=ORIENTED_EDGE('',*,*,#4638,.T.);
#6070=ORIENTED_EDGE('',*,*,#4639,.T.);
#6071=ORIENTED_EDGE('',*,*,#3969,.F.);
#6072=ORIENTED_EDGE('',*,*,#4640,.T.);
#6073=ORIENTED_EDGE('',*,*,#4636,.F.);
#6074=ORIENTED_EDGE('',*,*,#4635,.F.);
#6075=ORIENTED_EDGE('',*,*,#4115,.F.);
#6076=ORIENTED_EDGE('',*,*,#4232,.T.);
#6077=ORIENTED_EDGE('',*,*,#4641,.F.);
#6078=ORIENTED_EDGE('',*,*,#4106,.F.);
#6079=ORIENTED_EDGE('',*,*,#4642,.T.);
#6080=ORIENTED_EDGE('',*,*,#4227,.F.);
#6081=ORIENTED_EDGE('',*,*,#4109,.F.);
#6082=ORIENTED_EDGE('',*,*,#4643,.T.);
#6083=ORIENTED_EDGE('',*,*,#4098,.F.);
#6084=ORIENTED_EDGE('',*,*,#4217,.T.);
#6085=ORIENTED_EDGE('',*,*,#4221,.F.);
#6086=ORIENTED_EDGE('',*,*,#4644,.F.);
#6087=ORIENTED_EDGE('',*,*,#4066,.T.);
#6088=ORIENTED_EDGE('',*,*,#4331,.T.);
#6089=ORIENTED_EDGE('',*,*,#4623,.F.);
#6090=ORIENTED_EDGE('',*,*,#4610,.F.);
#6091=ORIENTED_EDGE('',*,*,#4463,.T.);
#6092=ORIENTED_EDGE('',*,*,#4609,.F.);
#6093=ORIENTED_EDGE('',*,*,#4612,.F.);
#6094=ORIENTED_EDGE('',*,*,#4464,.T.);
#6095=ORIENTED_EDGE('',*,*,#4645,.F.);
#6096=ORIENTED_EDGE('',*,*,#4465,.T.);
#6097=ORIENTED_EDGE('',*,*,#4611,.F.);
#6098=ORIENTED_EDGE('',*,*,#4614,.T.);
#6099=ORIENTED_EDGE('',*,*,#4466,.T.);
#6100=ORIENTED_EDGE('',*,*,#4646,.F.);
#6101=ORIENTED_EDGE('',*,*,#4647,.T.);
#6102=ORIENTED_EDGE('',*,*,#4648,.T.);
#6103=ORIENTED_EDGE('',*,*,#4428,.F.);
#6104=ORIENTED_EDGE('',*,*,#4615,.F.);
#6105=ORIENTED_EDGE('',*,*,#4648,.F.);
#6106=ORIENTED_EDGE('',*,*,#4469,.T.);
#6107=ORIENTED_EDGE('',*,*,#4649,.T.);
#6108=ORIENTED_EDGE('',*,*,#4650,.T.);
#6109=ORIENTED_EDGE('',*,*,#4427,.F.);
#6110=ORIENTED_EDGE('',*,*,#4647,.F.);
#6111=ORIENTED_EDGE('',*,*,#4650,.F.);
#6112=ORIENTED_EDGE('',*,*,#4470,.T.);
#6113=ORIENTED_EDGE('',*,*,#4651,.F.);
#6114=ORIENTED_EDGE('',*,*,#4471,.T.);
#6115=ORIENTED_EDGE('',*,*,#4649,.F.);
#6116=ORIENTED_EDGE('',*,*,#4652,.F.);
#6117=ORIENTED_EDGE('',*,*,#4653,.F.);
#6118=ORIENTED_EDGE('',*,*,#4473,.T.);
#6119=ORIENTED_EDGE('',*,*,#4417,.F.);
#6120=ORIENTED_EDGE('',*,*,#4654,.T.);
#6121=ORIENTED_EDGE('',*,*,#4655,.F.);
#6122=ORIENTED_EDGE('',*,*,#4656,.F.);
#6123=ORIENTED_EDGE('',*,*,#4415,.F.);
#6124=ORIENTED_EDGE('',*,*,#4591,.T.);
#6125=ORIENTED_EDGE('',*,*,#4029,.F.);
#6126=ORIENTED_EDGE('',*,*,#4657,.F.);
#6127=ORIENTED_EDGE('',*,*,#4658,.T.);
#6128=ORIENTED_EDGE('',*,*,#4659,.T.);
#6129=ORIENTED_EDGE('',*,*,#4030,.F.);
#6130=ORIENTED_EDGE('',*,*,#4660,.T.);
#6131=ORIENTED_EDGE('',*,*,#4661,.T.);
#6132=ORIENTED_EDGE('',*,*,#4662,.T.);
#6133=ORIENTED_EDGE('',*,*,#4660,.F.);
#6134=ORIENTED_EDGE('',*,*,#4659,.F.);
#6135=ORIENTED_EDGE('',*,*,#4663,.F.);
#6136=ORIENTED_EDGE('',*,*,#4664,.T.);
#6137=ORIENTED_EDGE('',*,*,#4665,.T.);
#6138=ORIENTED_EDGE('',*,*,#4031,.F.);
#6139=ORIENTED_EDGE('',*,*,#4661,.F.);
#6140=ORIENTED_EDGE('',*,*,#4663,.T.);
#6141=ORIENTED_EDGE('',*,*,#4032,.F.);
#6142=ORIENTED_EDGE('',*,*,#4666,.T.);
#6143=ORIENTED_EDGE('',*,*,#4667,.T.);
#6144=ORIENTED_EDGE('',*,*,#4668,.T.);
#6145=ORIENTED_EDGE('',*,*,#4666,.F.);
#6146=ORIENTED_EDGE('',*,*,#4665,.F.);
#6147=ORIENTED_EDGE('',*,*,#4669,.F.);
#6148=ORIENTED_EDGE('',*,*,#4670,.T.);
#6149=ORIENTED_EDGE('',*,*,#4671,.F.);
#6150=ORIENTED_EDGE('',*,*,#4672,.F.);
#6151=ORIENTED_EDGE('',*,*,#4673,.T.);
#6152=ORIENTED_EDGE('',*,*,#4674,.T.);
#6153=ORIENTED_EDGE('',*,*,#4033,.F.);
#6154=ORIENTED_EDGE('',*,*,#4667,.F.);
#6155=ORIENTED_EDGE('',*,*,#4672,.T.);
#6156=ORIENTED_EDGE('',*,*,#4533,.F.);
#6157=ORIENTED_EDGE('',*,*,#4675,.T.);
#6158=ORIENTED_EDGE('',*,*,#4676,.T.);
#6159=ORIENTED_EDGE('',*,*,#4677,.T.);
#6160=ORIENTED_EDGE('',*,*,#4675,.F.);
#6161=ORIENTED_EDGE('',*,*,#4671,.T.);
#6162=ORIENTED_EDGE('',*,*,#4678,.T.);
#6163=ORIENTED_EDGE('',*,*,#4679,.F.);
#6164=ORIENTED_EDGE('',*,*,#4680,.T.);
#6165=ORIENTED_EDGE('',*,*,#4681,.F.);
#6166=ORIENTED_EDGE('',*,*,#4682,.T.);
#6167=ORIENTED_EDGE('',*,*,#4025,.F.);
#6168=ORIENTED_EDGE('',*,*,#4683,.T.);
#6169=ORIENTED_EDGE('',*,*,#4682,.F.);
#6170=ORIENTED_EDGE('',*,*,#4684,.T.);
#6171=ORIENTED_EDGE('',*,*,#4019,.F.);
#6172=ORIENTED_EDGE('',*,*,#4685,.F.);
#6173=ORIENTED_EDGE('',*,*,#4686,.T.);
#6174=ORIENTED_EDGE('',*,*,#4687,.F.);
#6175=ORIENTED_EDGE('',*,*,#4688,.T.);
#6176=ORIENTED_EDGE('',*,*,#4689,.F.);
#6177=ORIENTED_EDGE('',*,*,#4526,.F.);
#6178=ORIENTED_EDGE('',*,*,#4690,.T.);
#6179=ORIENTED_EDGE('',*,*,#4687,.T.);
#6180=ORIENTED_EDGE('',*,*,#4020,.F.);
#6181=ORIENTED_EDGE('',*,*,#4691,.T.);
#6182=ORIENTED_EDGE('',*,*,#4692,.T.);
#6183=ORIENTED_EDGE('',*,*,#4021,.F.);
#6184=ORIENTED_EDGE('',*,*,#4693,.T.);
#6185=ORIENTED_EDGE('',*,*,#4694,.T.);
#6186=ORIENTED_EDGE('',*,*,#4695,.T.);
#6187=ORIENTED_EDGE('',*,*,#4693,.F.);
#6188=ORIENTED_EDGE('',*,*,#4692,.F.);
#6189=ORIENTED_EDGE('',*,*,#4530,.F.);
#6190=ORIENTED_EDGE('',*,*,#4696,.F.);
#6191=ORIENTED_EDGE('',*,*,#4697,.T.);
#6192=ORIENTED_EDGE('',*,*,#4698,.T.);
#6193=ORIENTED_EDGE('',*,*,#4696,.T.);
#6194=ORIENTED_EDGE('',*,*,#4699,.F.);
#6195=ORIENTED_EDGE('',*,*,#4700,.T.);
#6196=ORIENTED_EDGE('',*,*,#4022,.F.);
#6197=ORIENTED_EDGE('',*,*,#4694,.F.);
#6198=ORIENTED_EDGE('',*,*,#4023,.F.);
#6199=ORIENTED_EDGE('',*,*,#4701,.T.);
#6200=ORIENTED_EDGE('',*,*,#4702,.T.);
#6201=ORIENTED_EDGE('',*,*,#4529,.F.);
#6202=ORIENTED_EDGE('',*,*,#4455,.T.);
#6203=ORIENTED_EDGE('',*,*,#4699,.T.);
#6204=ORIENTED_EDGE('',*,*,#4703,.T.);
#6205=ORIENTED_EDGE('',*,*,#4024,.F.);
#6206=ORIENTED_EDGE('',*,*,#4702,.F.);
#6207=ORIENTED_EDGE('',*,*,#4704,.T.);
#6208=ORIENTED_EDGE('',*,*,#4532,.F.);
#6209=ORIENTED_EDGE('',*,*,#4705,.T.);
#6210=ORIENTED_EDGE('',*,*,#4706,.T.);
#6211=ORIENTED_EDGE('',*,*,#4669,.T.);
#6212=ORIENTED_EDGE('',*,*,#4704,.F.);
#6213=ORIENTED_EDGE('',*,*,#4707,.T.);
#6214=ORIENTED_EDGE('',*,*,#4026,.F.);
#6215=ORIENTED_EDGE('',*,*,#4683,.F.);
#6216=ORIENTED_EDGE('',*,*,#4708,.F.);
#6217=ORIENTED_EDGE('',*,*,#4709,.T.);
#6218=ORIENTED_EDGE('',*,*,#4705,.F.);
#6219=ORIENTED_EDGE('',*,*,#4531,.F.);
#6220=ORIENTED_EDGE('',*,*,#4697,.F.);
#6221=ORIENTED_EDGE('',*,*,#4708,.T.);
#6222=ORIENTED_EDGE('',*,*,#4710,.F.);
#6223=ORIENTED_EDGE('',*,*,#4711,.T.);
#6224=ORIENTED_EDGE('',*,*,#4712,.F.);
#6225=ORIENTED_EDGE('',*,*,#4527,.F.);
#6226=ORIENTED_EDGE('',*,*,#4689,.T.);
#6227=ORIENTED_EDGE('',*,*,#4710,.T.);
#6228=ORIENTED_EDGE('',*,*,#4028,.F.);
#6229=ORIENTED_EDGE('',*,*,#4713,.F.);
#6230=ORIENTED_EDGE('',*,*,#4714,.T.);
#6231=ORIENTED_EDGE('',*,*,#4657,.T.);
#6232=ORIENTED_EDGE('',*,*,#4528,.F.);
#6233=ORIENTED_EDGE('',*,*,#4715,.T.);
#6234=ORIENTED_EDGE('',*,*,#4716,.T.);
#6235=ORIENTED_EDGE('',*,*,#4717,.T.);
#6236=ORIENTED_EDGE('',*,*,#4715,.F.);
#6237=ORIENTED_EDGE('',*,*,#4712,.T.);
#6238=ORIENTED_EDGE('',*,*,#4718,.T.);
#6239=ORIENTED_EDGE('',*,*,#4456,.T.);
#6240=ORIENTED_EDGE('',*,*,#4716,.F.);
#6241=ORIENTED_EDGE('',*,*,#4674,.F.);
#6242=ORIENTED_EDGE('',*,*,#4679,.T.);
#6243=ORIENTED_EDGE('',*,*,#4034,.F.);
#6244=ORIENTED_EDGE('',*,*,#4523,.F.);
#6245=ORIENTED_EDGE('',*,*,#4719,.T.);
#6246=ORIENTED_EDGE('',*,*,#4720,.T.);
#6247=ORIENTED_EDGE('',*,*,#4721,.T.);
#6248=ORIENTED_EDGE('',*,*,#4719,.F.);
#6249=ORIENTED_EDGE('',*,*,#4722,.T.);
#6250=ORIENTED_EDGE('',*,*,#3975,.T.);
#6251=ORIENTED_EDGE('',*,*,#4723,.T.);
#6252=ORIENTED_EDGE('',*,*,#3941,.F.);
#6253=ORIENTED_EDGE('',*,*,#4524,.F.);
#6254=ORIENTED_EDGE('',*,*,#4724,.T.);
#6255=ORIENTED_EDGE('',*,*,#4725,.F.);
#6256=ORIENTED_EDGE('',*,*,#4726,.T.);
#6257=ORIENTED_EDGE('',*,*,#4724,.F.);
#6258=ORIENTED_EDGE('',*,*,#4720,.F.);
#6259=ORIENTED_EDGE('',*,*,#4727,.T.);
#6260=ORIENTED_EDGE('',*,*,#4728,.F.);
#6261=ORIENTED_EDGE('',*,*,#3974,.F.);
#6262=ORIENTED_EDGE('',*,*,#4729,.T.);
#6263=ORIENTED_EDGE('',*,*,#4730,.T.);
#6264=ORIENTED_EDGE('',*,*,#4731,.F.);
#6265=ORIENTED_EDGE('',*,*,#4732,.T.);
#6266=ORIENTED_EDGE('',*,*,#4733,.T.);
#6267=ORIENTED_EDGE('',*,*,#4729,.F.);
#6268=ORIENTED_EDGE('',*,*,#4734,.T.);
#6269=ORIENTED_EDGE('',*,*,#4735,.T.);
#6270=ORIENTED_EDGE('',*,*,#4732,.F.);
#6271=ORIENTED_EDGE('',*,*,#4525,.F.);
#6272=ORIENTED_EDGE('',*,*,#4725,.T.);
#6273=ORIENTED_EDGE('',*,*,#4734,.F.);
#6274=ORIENTED_EDGE('',*,*,#4736,.T.);
#6275=ORIENTED_EDGE('',*,*,#4585,.F.);
#6276=ORIENTED_EDGE('',*,*,#4737,.T.);
#6277=ORIENTED_EDGE('',*,*,#4738,.T.);
#6278=ORIENTED_EDGE('',*,*,#4739,.T.);
#6279=ORIENTED_EDGE('',*,*,#4740,.F.);
#6280=ORIENTED_EDGE('',*,*,#4739,.F.);
#6281=ORIENTED_EDGE('',*,*,#4741,.T.);
#6282=ORIENTED_EDGE('',*,*,#4742,.F.);
#6283=ORIENTED_EDGE('',*,*,#4212,.F.);
#6284=ORIENTED_EDGE('',*,*,#4094,.F.);
#6285=ORIENTED_EDGE('',*,*,#4324,.T.);
#6286=ORIENTED_EDGE('',*,*,#4655,.T.);
#6287=ORIENTED_EDGE('',*,*,#4743,.T.);
#6288=ORIENTED_EDGE('',*,*,#4418,.F.);
#6289=ORIENTED_EDGE('',*,*,#4480,.T.);
#6290=ORIENTED_EDGE('',*,*,#4607,.F.);
#6291=ORIENTED_EDGE('',*,*,#4744,.T.);
#6292=ORIENTED_EDGE('',*,*,#4619,.T.);
#6293=ORIENTED_EDGE('',*,*,#4423,.F.);
#6294=ORIENTED_EDGE('',*,*,#4745,.T.);
#6295=ORIENTED_EDGE('',*,*,#4422,.F.);
#6296=ORIENTED_EDGE('',*,*,#4746,.T.);
#6297=ORIENTED_EDGE('',*,*,#4745,.F.);
#6298=ORIENTED_EDGE('',*,*,#4747,.T.);
#6299=ORIENTED_EDGE('',*,*,#4645,.T.);
#6300=ORIENTED_EDGE('',*,*,#4432,.F.);
#6301=ORIENTED_EDGE('',*,*,#4747,.F.);
#6302=ORIENTED_EDGE('',*,*,#4431,.F.);
#6303=ORIENTED_EDGE('',*,*,#4646,.T.);
#6304=ORIENTED_EDGE('',*,*,#4613,.T.);
#6305=ORIENTED_EDGE('',*,*,#4430,.F.);
#6306=ORIENTED_EDGE('',*,*,#4748,.T.);
#6307=ORIENTED_EDGE('',*,*,#4748,.F.);
#6308=ORIENTED_EDGE('',*,*,#4429,.F.);
#6309=ORIENTED_EDGE('',*,*,#4616,.T.);
#6310=ORIENTED_EDGE('',*,*,#4651,.T.);
#6311=ORIENTED_EDGE('',*,*,#4426,.F.);
#6312=ORIENTED_EDGE('',*,*,#4749,.T.);
#6313=ORIENTED_EDGE('',*,*,#4749,.F.);
#6314=ORIENTED_EDGE('',*,*,#4750,.F.);
#6315=ORIENTED_EDGE('',*,*,#4472,.T.);
#6316=ORIENTED_EDGE('',*,*,#4652,.T.);
#6317=ORIENTED_EDGE('',*,*,#4750,.T.);
#6318=ORIENTED_EDGE('',*,*,#4425,.F.);
#6319=ORIENTED_EDGE('',*,*,#4617,.T.);
#6320=ORIENTED_EDGE('',*,*,#4653,.T.);
#6321=ORIENTED_EDGE('',*,*,#4424,.F.);
#6322=ORIENTED_EDGE('',*,*,#4751,.T.);
#6323=ORIENTED_EDGE('',*,*,#4476,.T.);
#6324=ORIENTED_EDGE('',*,*,#4746,.F.);
#6325=ORIENTED_EDGE('',*,*,#4239,.F.);
#6326=ORIENTED_EDGE('',*,*,#4117,.F.);
#6327=ORIENTED_EDGE('',*,*,#4235,.T.);
#6328=ORIENTED_EDGE('',*,*,#4229,.T.);
#6329=ORIENTED_EDGE('',*,*,#4628,.F.);
#6330=ORIENTED_EDGE('',*,*,#4112,.F.);
#6331=ORIENTED_EDGE('',*,*,#4752,.T.);
#6332=ORIENTED_EDGE('',*,*,#4753,.T.);
#6333=ORIENTED_EDGE('',*,*,#4373,.F.);
#6334=ORIENTED_EDGE('',*,*,#4374,.F.);
#6335=ORIENTED_EDGE('',*,*,#4754,.T.);
#6336=ORIENTED_EDGE('',*,*,#4755,.F.);
#6337=ORIENTED_EDGE('',*,*,#4561,.T.);
#6338=ORIENTED_EDGE('',*,*,#4754,.F.);
#6339=ORIENTED_EDGE('',*,*,#4756,.T.);
#6340=ORIENTED_EDGE('',*,*,#4375,.F.);
#6341=ORIENTED_EDGE('',*,*,#4755,.T.);
#6342=ORIENTED_EDGE('',*,*,#4757,.T.);
#6343=ORIENTED_EDGE('',*,*,#4758,.T.);
#6344=ORIENTED_EDGE('',*,*,#4759,.T.);
#6345=ORIENTED_EDGE('',*,*,#4378,.F.);
#6346=ORIENTED_EDGE('',*,*,#4556,.T.);
#6347=ORIENTED_EDGE('',*,*,#4760,.F.);
#6348=ORIENTED_EDGE('',*,*,#4761,.T.);
#6349=ORIENTED_EDGE('',*,*,#4761,.F.);
#6350=ORIENTED_EDGE('',*,*,#4759,.F.);
#6351=ORIENTED_EDGE('',*,*,#4557,.T.);
#6352=ORIENTED_EDGE('',*,*,#4559,.T.);
#6353=ORIENTED_EDGE('',*,*,#4762,.F.);
#6354=ORIENTED_EDGE('',*,*,#4763,.T.);
#6355=ORIENTED_EDGE('',*,*,#4758,.F.);
#6356=ORIENTED_EDGE('',*,*,#4764,.F.);
#6357=ORIENTED_EDGE('',*,*,#4558,.T.);
#6358=ORIENTED_EDGE('',*,*,#4765,.T.);
#6359=ORIENTED_EDGE('',*,*,#4764,.T.);
#6360=ORIENTED_EDGE('',*,*,#4377,.F.);
#6361=ORIENTED_EDGE('',*,*,#4766,.F.);
#6362=ORIENTED_EDGE('',*,*,#4767,.F.);
#6363=ORIENTED_EDGE('',*,*,#4555,.T.);
#6364=ORIENTED_EDGE('',*,*,#4376,.F.);
#6365=ORIENTED_EDGE('',*,*,#4762,.T.);
#6366=ORIENTED_EDGE('',*,*,#4765,.F.);
#6367=ORIENTED_EDGE('',*,*,#4756,.F.);
#6368=ORIENTED_EDGE('',*,*,#4753,.F.);
#6369=ORIENTED_EDGE('',*,*,#4562,.T.);
#6370=ORIENTED_EDGE('',*,*,#4757,.F.);
#6371=ORIENTED_EDGE('',*,*,#4560,.T.);
#6372=ORIENTED_EDGE('',*,*,#4763,.F.);
#6373=ORIENTED_EDGE('',*,*,#4752,.F.);
#6374=ORIENTED_EDGE('',*,*,#4768,.T.);
#6375=ORIENTED_EDGE('',*,*,#4563,.T.);
#6376=ORIENTED_EDGE('',*,*,#4630,.T.);
#6377=ORIENTED_EDGE('',*,*,#4769,.F.);
#6378=ORIENTED_EDGE('',*,*,#4516,.F.);
#6379=ORIENTED_EDGE('',*,*,#4770,.F.);
#6380=ORIENTED_EDGE('',*,*,#4771,.T.);
#6381=ORIENTED_EDGE('',*,*,#4772,.T.);
#6382=ORIENTED_EDGE('',*,*,#4522,.F.);
#6383=ORIENTED_EDGE('',*,*,#4773,.T.);
#6384=ORIENTED_EDGE('',*,*,#4770,.T.);
#6385=ORIENTED_EDGE('',*,*,#4774,.F.);
#6386=ORIENTED_EDGE('',*,*,#4637,.F.);
#6387=ORIENTED_EDGE('',*,*,#3977,.T.);
#6388=ORIENTED_EDGE('',*,*,#4775,.T.);
#6389=ORIENTED_EDGE('',*,*,#4776,.T.);
#6390=ORIENTED_EDGE('',*,*,#4773,.F.);
#6391=ORIENTED_EDGE('',*,*,#4521,.F.);
#6392=ORIENTED_EDGE('',*,*,#4777,.T.);
#6393=ORIENTED_EDGE('',*,*,#4775,.F.);
#6394=ORIENTED_EDGE('',*,*,#4517,.F.);
#6395=ORIENTED_EDGE('',*,*,#4769,.T.);
#6396=ORIENTED_EDGE('',*,*,#3983,.T.);
#6397=ORIENTED_EDGE('',*,*,#4442,.F.);
#6398=ORIENTED_EDGE('',*,*,#4778,.F.);
#6399=ORIENTED_EDGE('',*,*,#4518,.F.);
#6400=ORIENTED_EDGE('',*,*,#4439,.T.);
#6401=ORIENTED_EDGE('',*,*,#3966,.F.);
#6402=ORIENTED_EDGE('',*,*,#4443,.T.);
#6403=ORIENTED_EDGE('',*,*,#4779,.F.);
#6404=ORIENTED_EDGE('',*,*,#4778,.T.);
#6405=ORIENTED_EDGE('',*,*,#4780,.F.);
#6406=ORIENTED_EDGE('',*,*,#4781,.F.);
#6407=ORIENTED_EDGE('',*,*,#3979,.T.);
#6408=ORIENTED_EDGE('',*,*,#4638,.F.);
#6409=ORIENTED_EDGE('',*,*,#4779,.T.);
#6410=ORIENTED_EDGE('',*,*,#4782,.F.);
#6411=ORIENTED_EDGE('',*,*,#4783,.T.);
#6412=ORIENTED_EDGE('',*,*,#4784,.T.);
#6413=ORIENTED_EDGE('',*,*,#4519,.F.);
#6414=ORIENTED_EDGE('',*,*,#4781,.T.);
#6415=ORIENTED_EDGE('',*,*,#4782,.T.);
#6416=ORIENTED_EDGE('',*,*,#4780,.T.);
#6417=ORIENTED_EDGE('',*,*,#4438,.F.);
#6418=ORIENTED_EDGE('',*,*,#3965,.T.);
#6419=ORIENTED_EDGE('',*,*,#4785,.F.);
#6420=ORIENTED_EDGE('',*,*,#4786,.F.);
#6421=ORIENTED_EDGE('',*,*,#4639,.F.);
#6422=ORIENTED_EDGE('',*,*,#4787,.T.);
#6423=ORIENTED_EDGE('',*,*,#3968,.F.);
#6424=ORIENTED_EDGE('',*,*,#4788,.T.);
#6425=ORIENTED_EDGE('',*,*,#4784,.F.);
#6426=ORIENTED_EDGE('',*,*,#4789,.T.);
#6427=ORIENTED_EDGE('',*,*,#4790,.T.);
#6428=ORIENTED_EDGE('',*,*,#4520,.F.);
#6429=ORIENTED_EDGE('',*,*,#4788,.F.);
#6430=ORIENTED_EDGE('',*,*,#3978,.T.);
#6431=ORIENTED_EDGE('',*,*,#4640,.F.);
#6432=ORIENTED_EDGE('',*,*,#4787,.F.);
#6433=ORIENTED_EDGE('',*,*,#4777,.F.);
#6434=ORIENTED_EDGE('',*,*,#4790,.F.);
#6435=ORIENTED_EDGE('',*,*,#4791,.T.);
#6436=ORIENTED_EDGE('',*,*,#3998,.T.);
#6437=ORIENTED_EDGE('',*,*,#4624,.F.);
#6438=ORIENTED_EDGE('',*,*,#4792,.F.);
#6439=ORIENTED_EDGE('',*,*,#4506,.F.);
#6440=ORIENTED_EDGE('',*,*,#4793,.T.);
#6441=ORIENTED_EDGE('',*,*,#4794,.T.);
#6442=ORIENTED_EDGE('',*,*,#4305,.T.);
#6443=ORIENTED_EDGE('',*,*,#4074,.F.);
#6444=ORIENTED_EDGE('',*,*,#4795,.T.);
#6445=ORIENTED_EDGE('',*,*,#4188,.T.);
#6446=ORIENTED_EDGE('',*,*,#4306,.F.);
#6447=ORIENTED_EDGE('',*,*,#4795,.F.);
#6448=ORIENTED_EDGE('',*,*,#4073,.F.);
#6449=ORIENTED_EDGE('',*,*,#4796,.T.);
#6450=ORIENTED_EDGE('',*,*,#4797,.T.);
#6451=ORIENTED_EDGE('',*,*,#4690,.F.);
#6452=ORIENTED_EDGE('',*,*,#4731,.T.);
#6453=ORIENTED_EDGE('',*,*,#4727,.F.);
#6454=ORIENTED_EDGE('',*,*,#4241,.T.);
#6455=ORIENTED_EDGE('',*,*,#4243,.F.);
#6456=ORIENTED_EDGE('',*,*,#4728,.T.);
#6457=ORIENTED_EDGE('',*,*,#3942,.F.);
#6458=ORIENTED_EDGE('',*,*,#4723,.F.);
#6459=ORIENTED_EDGE('',*,*,#4772,.F.);
#6460=ORIENTED_EDGE('',*,*,#4798,.T.);
#6461=ORIENTED_EDGE('',*,*,#4722,.F.);
#6462=ORIENTED_EDGE('',*,*,#3971,.F.);
#6463=ORIENTED_EDGE('',*,*,#4774,.T.);
#6464=ORIENTED_EDGE('',*,*,#4120,.F.);
#6465=ORIENTED_EDGE('',*,*,#4482,.T.);
#6466=ORIENTED_EDGE('',*,*,#4654,.F.);
#6467=ORIENTED_EDGE('',*,*,#4799,.T.);
#6468=ORIENTED_EDGE('',*,*,#4799,.F.);
#6469=ORIENTED_EDGE('',*,*,#4800,.F.);
#6470=ORIENTED_EDGE('',*,*,#4483,.T.);
#6471=ORIENTED_EDGE('',*,*,#4484,.T.);
#6472=ORIENTED_EDGE('',*,*,#4801,.F.);
#6473=ORIENTED_EDGE('',*,*,#4656,.T.);
#6474=ORIENTED_EDGE('',*,*,#4801,.T.);
#6475=ORIENTED_EDGE('',*,*,#4800,.T.);
#6476=ORIENTED_EDGE('',*,*,#4416,.F.);
#6477=ORIENTED_EDGE('',*,*,#4581,.T.);
#6478=ORIENTED_EDGE('',*,*,#4576,.F.);
#6479=ORIENTED_EDGE('',*,*,#4802,.F.);
#6480=ORIENTED_EDGE('',*,*,#4803,.T.);
#6481=ORIENTED_EDGE('',*,*,#4804,.F.);
#6482=ORIENTED_EDGE('',*,*,#4805,.T.);
#6483=ORIENTED_EDGE('',*,*,#4011,.F.);
#6484=ORIENTED_EDGE('',*,*,#4736,.F.);
#6485=ORIENTED_EDGE('',*,*,#4804,.T.);
#6486=ORIENTED_EDGE('',*,*,#4806,.T.);
#6487=ORIENTED_EDGE('',*,*,#4807,.T.);
#6488=ORIENTED_EDGE('',*,*,#4012,.F.);
#6489=ORIENTED_EDGE('',*,*,#4803,.F.);
#6490=ORIENTED_EDGE('',*,*,#4808,.T.);
#6491=ORIENTED_EDGE('',*,*,#4806,.F.);
#6492=ORIENTED_EDGE('',*,*,#4807,.F.);
#6493=ORIENTED_EDGE('',*,*,#4809,.T.);
#6494=ORIENTED_EDGE('',*,*,#4013,.F.);
#6495=ORIENTED_EDGE('',*,*,#4810,.T.);
#6496=ORIENTED_EDGE('',*,*,#4809,.F.);
#6497=ORIENTED_EDGE('',*,*,#4811,.T.);
#6498=ORIENTED_EDGE('',*,*,#4740,.T.);
#6499=ORIENTED_EDGE('',*,*,#4014,.F.);
#6500=ORIENTED_EDGE('',*,*,#4810,.F.);
#6501=ORIENTED_EDGE('',*,*,#4812,.T.);
#6502=ORIENTED_EDGE('',*,*,#4015,.F.);
#6503=ORIENTED_EDGE('',*,*,#4742,.T.);
#6504=ORIENTED_EDGE('',*,*,#4744,.F.);
#6505=ORIENTED_EDGE('',*,*,#4743,.F.);
#6506=ORIENTED_EDGE('',*,*,#4481,.T.);
#6507=ORIENTED_EDGE('',*,*,#4007,.F.);
#6508=ORIENTED_EDGE('',*,*,#4459,.T.);
#6509=ORIENTED_EDGE('',*,*,#4813,.T.);
#6510=ORIENTED_EDGE('',*,*,#4813,.F.);
#6511=ORIENTED_EDGE('',*,*,#4584,.F.);
#6512=ORIENTED_EDGE('',*,*,#4008,.T.);
#6513=ORIENTED_EDGE('',*,*,#4496,.T.);
#6514=ORIENTED_EDGE('',*,*,#4594,.F.);
#6515=ORIENTED_EDGE('',*,*,#4814,.F.);
#6516=ORIENTED_EDGE('',*,*,#4003,.F.);
#6517=ORIENTED_EDGE('',*,*,#4815,.T.);
#6518=ORIENTED_EDGE('',*,*,#4814,.T.);
#6519=ORIENTED_EDGE('',*,*,#4497,.T.);
#6520=ORIENTED_EDGE('',*,*,#4815,.F.);
#6521=ORIENTED_EDGE('',*,*,#4816,.F.);
#6522=ORIENTED_EDGE('',*,*,#4002,.F.);
#6523=ORIENTED_EDGE('',*,*,#4598,.F.);
#6524=ORIENTED_EDGE('',*,*,#4816,.T.);
#6525=ORIENTED_EDGE('',*,*,#4589,.T.);
#6526=ORIENTED_EDGE('',*,*,#4009,.F.);
#6527=ORIENTED_EDGE('',*,*,#4579,.F.);
#6528=ORIENTED_EDGE('',*,*,#4603,.T.);
#6529=ORIENTED_EDGE('',*,*,#4600,.F.);
#6530=ORIENTED_EDGE('',*,*,#4000,.T.);
#6531=ORIENTED_EDGE('',*,*,#4599,.F.);
#6532=ORIENTED_EDGE('',*,*,#4601,.T.);
#6533=ORIENTED_EDGE('',*,*,#4001,.F.);
#6534=ORIENTED_EDGE('',*,*,#4501,.F.);
#6535=ORIENTED_EDGE('',*,*,#4602,.F.);
#6536=ORIENTED_EDGE('',*,*,#4792,.T.);
#6537=ORIENTED_EDGE('',*,*,#3993,.T.);
#6538=ORIENTED_EDGE('',*,*,#4817,.F.);
#6539=ORIENTED_EDGE('',*,*,#4794,.F.);
#6540=ORIENTED_EDGE('',*,*,#4818,.T.);
#6541=ORIENTED_EDGE('',*,*,#4819,.F.);
#6542=ORIENTED_EDGE('',*,*,#3996,.T.);
#6543=ORIENTED_EDGE('',*,*,#4513,.F.);
#6544=ORIENTED_EDGE('',*,*,#4820,.T.);
#6545=ORIENTED_EDGE('',*,*,#4821,.T.);
#6546=ORIENTED_EDGE('',*,*,#4507,.F.);
#6547=ORIENTED_EDGE('',*,*,#4817,.T.);
#6548=ORIENTED_EDGE('',*,*,#4822,.F.);
#6549=ORIENTED_EDGE('',*,*,#4823,.T.);
#6550=ORIENTED_EDGE('',*,*,#4824,.T.);
#6551=ORIENTED_EDGE('',*,*,#4509,.F.);
#6552=ORIENTED_EDGE('',*,*,#4825,.F.);
#6553=ORIENTED_EDGE('',*,*,#4824,.F.);
#6554=ORIENTED_EDGE('',*,*,#3991,.T.);
#6555=ORIENTED_EDGE('',*,*,#4822,.T.);
#6556=ORIENTED_EDGE('',*,*,#4826,.F.);
#6557=ORIENTED_EDGE('',*,*,#4508,.F.);
#6558=ORIENTED_EDGE('',*,*,#4823,.F.);
#6559=ORIENTED_EDGE('',*,*,#4826,.T.);
#6560=ORIENTED_EDGE('',*,*,#3992,.T.);
#6561=ORIENTED_EDGE('',*,*,#4821,.F.);
#6562=ORIENTED_EDGE('',*,*,#4634,.T.);
#6563=ORIENTED_EDGE('',*,*,#4514,.F.);
#6564=ORIENTED_EDGE('',*,*,#4785,.T.);
#6565=ORIENTED_EDGE('',*,*,#3964,.T.);
#6566=ORIENTED_EDGE('',*,*,#4445,.F.);
#6567=ORIENTED_EDGE('',*,*,#4827,.F.);
#6568=ORIENTED_EDGE('',*,*,#4828,.T.);
#6569=ORIENTED_EDGE('',*,*,#4829,.F.);
#6570=ORIENTED_EDGE('',*,*,#4830,.T.);
#6571=ORIENTED_EDGE('',*,*,#4831,.T.);
#6572=ORIENTED_EDGE('',*,*,#4832,.F.);
#6573=ORIENTED_EDGE('',*,*,#4829,.T.);
#6574=ORIENTED_EDGE('',*,*,#4833,.T.);
#6575=ORIENTED_EDGE('',*,*,#4834,.T.);
#6576=ORIENTED_EDGE('',*,*,#4676,.F.);
#6577=ORIENTED_EDGE('',*,*,#4835,.F.);
#6578=ORIENTED_EDGE('',*,*,#4834,.F.);
#6579=ORIENTED_EDGE('',*,*,#4836,.T.);
#6580=ORIENTED_EDGE('',*,*,#4830,.F.);
#6581=ORIENTED_EDGE('',*,*,#4534,.F.);
#6582=ORIENTED_EDGE('',*,*,#4835,.T.);
#6583=ORIENTED_EDGE('',*,*,#4341,.F.);
#6584=ORIENTED_EDGE('',*,*,#4055,.T.);
#6585=ORIENTED_EDGE('',*,*,#4837,.F.);
#6586=ORIENTED_EDGE('',*,*,#4837,.T.);
#6587=ORIENTED_EDGE('',*,*,#4054,.T.);
#6588=ORIENTED_EDGE('',*,*,#4838,.F.);
#6589=ORIENTED_EDGE('',*,*,#4839,.F.);
#6590=ORIENTED_EDGE('',*,*,#4051,.T.);
#6591=ORIENTED_EDGE('',*,*,#4344,.T.);
#6592=ORIENTED_EDGE('',*,*,#4202,.T.);
#6593=ORIENTED_EDGE('',*,*,#4342,.F.);
#6594=ORIENTED_EDGE('',*,*,#4840,.T.);
#6595=ORIENTED_EDGE('',*,*,#4841,.T.);
#6596=ORIENTED_EDGE('',*,*,#4343,.T.);
#6597=ORIENTED_EDGE('',*,*,#4335,.F.);
#6598=ORIENTED_EDGE('',*,*,#4059,.T.);
#6599=ORIENTED_EDGE('',*,*,#4842,.T.);
#6600=ORIENTED_EDGE('',*,*,#4329,.F.);
#6601=ORIENTED_EDGE('',*,*,#4067,.T.);
#6602=ORIENTED_EDGE('',*,*,#4644,.T.);
#6603=ORIENTED_EDGE('',*,*,#4842,.F.);
#6604=ORIENTED_EDGE('',*,*,#4058,.T.);
#6605=ORIENTED_EDGE('',*,*,#4337,.F.);
#6606=ORIENTED_EDGE('',*,*,#4060,.T.);
#6607=ORIENTED_EDGE('',*,*,#4334,.F.);
#6608=ORIENTED_EDGE('',*,*,#4843,.F.);
#6609=ORIENTED_EDGE('',*,*,#4338,.F.);
#6610=ORIENTED_EDGE('',*,*,#4057,.T.);
#6611=ORIENTED_EDGE('',*,*,#4340,.T.);
#6612=ORIENTED_EDGE('',*,*,#4844,.T.);
#6613=ORIENTED_EDGE('',*,*,#4845,.F.);
#6614=ORIENTED_EDGE('',*,*,#4048,.T.);
#6615=ORIENTED_EDGE('',*,*,#4204,.T.);
#6616=ORIENTED_EDGE('',*,*,#4346,.F.);
#6617=ORIENTED_EDGE('',*,*,#4846,.T.);
#6618=ORIENTED_EDGE('',*,*,#4845,.T.);
#6619=ORIENTED_EDGE('',*,*,#4847,.T.);
#6620=ORIENTED_EDGE('',*,*,#4205,.T.);
#6621=ORIENTED_EDGE('',*,*,#4847,.F.);
#6622=ORIENTED_EDGE('',*,*,#4844,.F.);
#6623=ORIENTED_EDGE('',*,*,#4047,.T.);
#6624=ORIENTED_EDGE('',*,*,#4848,.T.);
#6625=ORIENTED_EDGE('',*,*,#4849,.T.);
#6626=ORIENTED_EDGE('',*,*,#4046,.T.);
#6627=ORIENTED_EDGE('',*,*,#4850,.F.);
#6628=ORIENTED_EDGE('',*,*,#4848,.F.);
#6629=ORIENTED_EDGE('',*,*,#4851,.F.);
#6630=ORIENTED_EDGE('',*,*,#4852,.T.);
#6631=ORIENTED_EDGE('',*,*,#4853,.T.);
#6632=ORIENTED_EDGE('',*,*,#4854,.T.);
#6633=ORIENTED_EDGE('',*,*,#4855,.F.);
#6634=ORIENTED_EDGE('',*,*,#4853,.F.);
#6635=ORIENTED_EDGE('',*,*,#4856,.T.);
#6636=ORIENTED_EDGE('',*,*,#4857,.F.);
#6637=ORIENTED_EDGE('',*,*,#4678,.F.);
#6638=ORIENTED_EDGE('',*,*,#4035,.F.);
#6639=ORIENTED_EDGE('',*,*,#4857,.T.);
#6640=ORIENTED_EDGE('',*,*,#4858,.T.);
#6641=ORIENTED_EDGE('',*,*,#4859,.T.);
#6642=ORIENTED_EDGE('',*,*,#4860,.F.);
#6643=ORIENTED_EDGE('',*,*,#4858,.F.);
#6644=ORIENTED_EDGE('',*,*,#4036,.F.);
#6645=ORIENTED_EDGE('',*,*,#4860,.T.);
#6646=ORIENTED_EDGE('',*,*,#4861,.T.);
#6647=ORIENTED_EDGE('',*,*,#4862,.T.);
#6648=ORIENTED_EDGE('',*,*,#4863,.F.);
#6649=ORIENTED_EDGE('',*,*,#4859,.F.);
#6650=ORIENTED_EDGE('',*,*,#4864,.T.);
#6651=ORIENTED_EDGE('',*,*,#4865,.T.);
#6652=ORIENTED_EDGE('',*,*,#4260,.T.);
#6653=ORIENTED_EDGE('',*,*,#4264,.F.);
#6654=ORIENTED_EDGE('',*,*,#4866,.F.);
#6655=ORIENTED_EDGE('',*,*,#4270,.F.);
#6656=ORIENTED_EDGE('',*,*,#4272,.F.);
#6657=ORIENTED_EDGE('',*,*,#4274,.F.);
#6658=ORIENTED_EDGE('',*,*,#4276,.F.);
#6659=ORIENTED_EDGE('',*,*,#4278,.F.);
#6660=ORIENTED_EDGE('',*,*,#4280,.F.);
#6661=ORIENTED_EDGE('',*,*,#4282,.F.);
#6662=ORIENTED_EDGE('',*,*,#4284,.F.);
#6663=ORIENTED_EDGE('',*,*,#4287,.F.);
#6664=ORIENTED_EDGE('',*,*,#4867,.F.);
#6665=ORIENTED_EDGE('',*,*,#4868,.T.);
#6666=ORIENTED_EDGE('',*,*,#4851,.T.);
#6667=ORIENTED_EDGE('',*,*,#4869,.T.);
#6668=ORIENTED_EDGE('',*,*,#4870,.T.);
#6669=ORIENTED_EDGE('',*,*,#4871,.T.);
#6670=ORIENTED_EDGE('',*,*,#4872,.F.);
#6671=ORIENTED_EDGE('',*,*,#4873,.T.);
#6672=ORIENTED_EDGE('',*,*,#4874,.T.);
#6673=ORIENTED_EDGE('',*,*,#4875,.T.);
#6674=ORIENTED_EDGE('',*,*,#4876,.T.);
#6675=ORIENTED_EDGE('',*,*,#4877,.T.);
#6676=ORIENTED_EDGE('',*,*,#4878,.T.);
#6677=ORIENTED_EDGE('',*,*,#4879,.T.);
#6678=ORIENTED_EDGE('',*,*,#4880,.T.);
#6679=ORIENTED_EDGE('',*,*,#4881,.F.);
#6680=ORIENTED_EDGE('',*,*,#4882,.F.);
#6681=ORIENTED_EDGE('',*,*,#4883,.F.);
#6682=ORIENTED_EDGE('',*,*,#4884,.F.);
#6683=ORIENTED_EDGE('',*,*,#4831,.F.);
#6684=ORIENTED_EDGE('',*,*,#4828,.F.);
#6685=ORIENTED_EDGE('',*,*,#4836,.F.);
#6686=ORIENTED_EDGE('',*,*,#4833,.F.);
#6687=ORIENTED_EDGE('',*,*,#4677,.F.);
#6688=ORIENTED_EDGE('',*,*,#4670,.F.);
#6689=ORIENTED_EDGE('',*,*,#4706,.F.);
#6690=ORIENTED_EDGE('',*,*,#4709,.F.);
#6691=ORIENTED_EDGE('',*,*,#4698,.F.);
#6692=ORIENTED_EDGE('',*,*,#4454,.T.);
#6693=ORIENTED_EDGE('',*,*,#4718,.F.);
#6694=ORIENTED_EDGE('',*,*,#4717,.F.);
#6695=ORIENTED_EDGE('',*,*,#4711,.F.);
#6696=ORIENTED_EDGE('',*,*,#4688,.F.);
#6697=ORIENTED_EDGE('',*,*,#4797,.F.);
#6698=ORIENTED_EDGE('',*,*,#4730,.F.);
#6699=ORIENTED_EDGE('',*,*,#4733,.F.);
#6700=ORIENTED_EDGE('',*,*,#4735,.F.);
#6701=ORIENTED_EDGE('',*,*,#4726,.F.);
#6702=ORIENTED_EDGE('',*,*,#4721,.F.);
#6703=ORIENTED_EDGE('',*,*,#4798,.F.);
#6704=ORIENTED_EDGE('',*,*,#4771,.F.);
#6705=ORIENTED_EDGE('',*,*,#4776,.F.);
#6706=ORIENTED_EDGE('',*,*,#4791,.F.);
#6707=ORIENTED_EDGE('',*,*,#4789,.F.);
#6708=ORIENTED_EDGE('',*,*,#4783,.F.);
#6709=ORIENTED_EDGE('',*,*,#4786,.T.);
#6710=ORIENTED_EDGE('',*,*,#4827,.T.);
#6711=ORIENTED_EDGE('',*,*,#4444,.T.);
#6712=ORIENTED_EDGE('',*,*,#4448,.T.);
#6713=ORIENTED_EDGE('',*,*,#4453,.T.);
#6714=ORIENTED_EDGE('',*,*,#4451,.T.);
#6715=ORIENTED_EDGE('',*,*,#4450,.T.);
#6716=ORIENTED_EDGE('',*,*,#4127,.F.);
#6717=ORIENTED_EDGE('',*,*,#4126,.T.);
#6718=ORIENTED_EDGE('',*,*,#4196,.T.);
#6719=ORIENTED_EDGE('',*,*,#4885,.F.);
#6720=ORIENTED_EDGE('',*,*,#4063,.T.);
#6721=ORIENTED_EDGE('',*,*,#4886,.T.);
#6722=ORIENTED_EDGE('',*,*,#4887,.F.);
#6723=ORIENTED_EDGE('',*,*,#4888,.T.);
#6724=ORIENTED_EDGE('',*,*,#4852,.F.);
#6725=ORIENTED_EDGE('',*,*,#4869,.F.);
#6726=ORIENTED_EDGE('',*,*,#4855,.T.);
#6727=ORIENTED_EDGE('',*,*,#4889,.T.);
#6728=ORIENTED_EDGE('',*,*,#4191,.T.);
#6729=ORIENTED_EDGE('',*,*,#4890,.F.);
#6730=ORIENTED_EDGE('',*,*,#4070,.F.);
#6731=ORIENTED_EDGE('',*,*,#4891,.T.);
#6732=ORIENTED_EDGE('',*,*,#4892,.T.);
#6733=ORIENTED_EDGE('',*,*,#4893,.F.);
#6734=ORIENTED_EDGE('',*,*,#4545,.T.);
#6735=ORIENTED_EDGE('',*,*,#4894,.F.);
#6736=ORIENTED_EDGE('',*,*,#4546,.T.);
#6737=ORIENTED_EDGE('',*,*,#4895,.F.);
#6738=ORIENTED_EDGE('',*,*,#4896,.F.);
#6739=ORIENTED_EDGE('',*,*,#4541,.T.);
#6740=ORIENTED_EDGE('',*,*,#4897,.F.);
#6741=ORIENTED_EDGE('',*,*,#4877,.F.);
#6742=ORIENTED_EDGE('',*,*,#4898,.F.);
#6743=ORIENTED_EDGE('',*,*,#4896,.T.);
#6744=ORIENTED_EDGE('',*,*,#4899,.T.);
#6745=ORIENTED_EDGE('',*,*,#4876,.F.);
#6746=ORIENTED_EDGE('',*,*,#4900,.T.);
#6747=ORIENTED_EDGE('',*,*,#4542,.T.);
#6748=ORIENTED_EDGE('',*,*,#4898,.T.);
#6749=ORIENTED_EDGE('',*,*,#4899,.F.);
#6750=ORIENTED_EDGE('',*,*,#4900,.F.);
#6751=ORIENTED_EDGE('',*,*,#4901,.F.);
#6752=ORIENTED_EDGE('',*,*,#4543,.T.);
#6753=ORIENTED_EDGE('',*,*,#4902,.T.);
#6754=ORIENTED_EDGE('',*,*,#4903,.T.);
#6755=ORIENTED_EDGE('',*,*,#4873,.F.);
#6756=ORIENTED_EDGE('',*,*,#4903,.F.);
#6757=ORIENTED_EDGE('',*,*,#4904,.T.);
#6758=ORIENTED_EDGE('',*,*,#4874,.F.);
#6759=ORIENTED_EDGE('',*,*,#4904,.F.);
#6760=ORIENTED_EDGE('',*,*,#4901,.T.);
#6761=ORIENTED_EDGE('',*,*,#4875,.F.);
#6762=ORIENTED_EDGE('',*,*,#4905,.T.);
#6763=ORIENTED_EDGE('',*,*,#4892,.F.);
#6764=ORIENTED_EDGE('',*,*,#4544,.T.);
#6765=ORIENTED_EDGE('',*,*,#4872,.T.);
#6766=ORIENTED_EDGE('',*,*,#4906,.F.);
#6767=ORIENTED_EDGE('',*,*,#4902,.F.);
#6768=ORIENTED_EDGE('',*,*,#4189,.T.);
#6769=ORIENTED_EDGE('',*,*,#4796,.F.);
#6770=ORIENTED_EDGE('',*,*,#4072,.F.);
#6771=ORIENTED_EDGE('',*,*,#4907,.T.);
#6772=ORIENTED_EDGE('',*,*,#4190,.T.);
#6773=ORIENTED_EDGE('',*,*,#4907,.F.);
#6774=ORIENTED_EDGE('',*,*,#4071,.F.);
#6775=ORIENTED_EDGE('',*,*,#4890,.T.);
#6776=ORIENTED_EDGE('',*,*,#4308,.F.);
#6777=ORIENTED_EDGE('',*,*,#4075,.F.);
#6778=ORIENTED_EDGE('',*,*,#4304,.T.);
#6779=ORIENTED_EDGE('',*,*,#4421,.F.);
#6780=ORIENTED_EDGE('',*,*,#4621,.T.);
#6781=ORIENTED_EDGE('',*,*,#4751,.F.);
#6782=ORIENTED_EDGE('',*,*,#4242,.T.);
#6783=ORIENTED_EDGE('',*,*,#4119,.F.);
#6784=ORIENTED_EDGE('',*,*,#4238,.T.);
#6785=ORIENTED_EDGE('',*,*,#4908,.F.);
#6786=ORIENTED_EDGE('',*,*,#4068,.T.);
#6787=ORIENTED_EDGE('',*,*,#4328,.F.);
#6788=ORIENTED_EDGE('',*,*,#4192,.T.);
#6789=ORIENTED_EDGE('',*,*,#4891,.F.);
#6790=ORIENTED_EDGE('',*,*,#4069,.F.);
#6791=ORIENTED_EDGE('',*,*,#4908,.T.);
#6792=ORIENTED_EDGE('',*,*,#4327,.F.);
#6793=ORIENTED_EDGE('',*,*,#4870,.F.);
#6794=ORIENTED_EDGE('',*,*,#4909,.T.);
#6795=ORIENTED_EDGE('',*,*,#4910,.T.);
#6796=ORIENTED_EDGE('',*,*,#4910,.F.);
#6797=ORIENTED_EDGE('',*,*,#4911,.T.);
#6798=ORIENTED_EDGE('',*,*,#4871,.F.);
#6799=ORIENTED_EDGE('',*,*,#4912,.F.);
#6800=ORIENTED_EDGE('',*,*,#4913,.T.);
#6801=ORIENTED_EDGE('',*,*,#4914,.T.);
#6802=ORIENTED_EDGE('',*,*,#4915,.F.);
#6803=ORIENTED_EDGE('',*,*,#4407,.T.);
#6804=ORIENTED_EDGE('',*,*,#4916,.T.);
#6805=ORIENTED_EDGE('',*,*,#4917,.F.);
#6806=ORIENTED_EDGE('',*,*,#4914,.F.);
#6807=ORIENTED_EDGE('',*,*,#4915,.T.);
#6808=ORIENTED_EDGE('',*,*,#4918,.F.);
#6809=ORIENTED_EDGE('',*,*,#4919,.F.);
#6810=ORIENTED_EDGE('',*,*,#4906,.T.);
#6811=ORIENTED_EDGE('',*,*,#4920,.F.);
#6812=ORIENTED_EDGE('',*,*,#4406,.T.);
#6813=ORIENTED_EDGE('',*,*,#4921,.T.);
#6814=ORIENTED_EDGE('',*,*,#4922,.F.);
#6815=ORIENTED_EDGE('',*,*,#4916,.F.);
#6816=ORIENTED_EDGE('',*,*,#4920,.T.);
#6817=ORIENTED_EDGE('',*,*,#4923,.F.);
#6818=ORIENTED_EDGE('',*,*,#4405,.T.);
#6819=ORIENTED_EDGE('',*,*,#4924,.T.);
#6820=ORIENTED_EDGE('',*,*,#4925,.F.);
#6821=ORIENTED_EDGE('',*,*,#4921,.F.);
#6822=ORIENTED_EDGE('',*,*,#4923,.T.);
#6823=ORIENTED_EDGE('',*,*,#4926,.F.);
#6824=ORIENTED_EDGE('',*,*,#4924,.F.);
#6825=ORIENTED_EDGE('',*,*,#4927,.T.);
#6826=ORIENTED_EDGE('',*,*,#4928,.F.);
#6827=ORIENTED_EDGE('',*,*,#4929,.F.);
#6828=ORIENTED_EDGE('',*,*,#4547,.T.);
#6829=ORIENTED_EDGE('',*,*,#4889,.F.);
#6830=ORIENTED_EDGE('',*,*,#4930,.T.);
#6831=ORIENTED_EDGE('',*,*,#4909,.F.);
#6832=ORIENTED_EDGE('',*,*,#4404,.T.);
#6833=ORIENTED_EDGE('',*,*,#4931,.T.);
#6834=ORIENTED_EDGE('',*,*,#4927,.F.);
#6835=ORIENTED_EDGE('',*,*,#4931,.F.);
#6836=ORIENTED_EDGE('',*,*,#4403,.T.);
#6837=ORIENTED_EDGE('',*,*,#4932,.F.);
#6838=ORIENTED_EDGE('',*,*,#4933,.T.);
#6839=ORIENTED_EDGE('',*,*,#4934,.T.);
#6840=ORIENTED_EDGE('',*,*,#4935,.T.);
#6841=ORIENTED_EDGE('',*,*,#4912,.T.);
#6842=ORIENTED_EDGE('',*,*,#4917,.T.);
#6843=ORIENTED_EDGE('',*,*,#4922,.T.);
#6844=ORIENTED_EDGE('',*,*,#4925,.T.);
#6845=ORIENTED_EDGE('',*,*,#4926,.T.);
#6846=ORIENTED_EDGE('',*,*,#4936,.T.);
#6847=ORIENTED_EDGE('',*,*,#4937,.T.);
#6848=ORIENTED_EDGE('',*,*,#4938,.T.);
#6849=ORIENTED_EDGE('',*,*,#4939,.T.);
#6850=ORIENTED_EDGE('',*,*,#4940,.T.);
#6851=ORIENTED_EDGE('',*,*,#4941,.T.);
#6852=ORIENTED_EDGE('',*,*,#4942,.T.);
#6853=ORIENTED_EDGE('',*,*,#4943,.T.);
#6854=ORIENTED_EDGE('',*,*,#4944,.T.);
#6855=ORIENTED_EDGE('',*,*,#4945,.T.);
#6856=ORIENTED_EDGE('',*,*,#4946,.T.);
#6857=ORIENTED_EDGE('',*,*,#4947,.T.);
#6858=ORIENTED_EDGE('',*,*,#4948,.T.);
#6859=ORIENTED_EDGE('',*,*,#4949,.T.);
#6860=ORIENTED_EDGE('',*,*,#4950,.T.);
#6861=ORIENTED_EDGE('',*,*,#4951,.T.);
#6862=ORIENTED_EDGE('',*,*,#4952,.T.);
#6863=ORIENTED_EDGE('',*,*,#4953,.F.);
#6864=ORIENTED_EDGE('',*,*,#4930,.F.);
#6865=ORIENTED_EDGE('',*,*,#4854,.F.);
#6866=ORIENTED_EDGE('',*,*,#4888,.F.);
#6867=ORIENTED_EDGE('',*,*,#4862,.F.);
#6868=ORIENTED_EDGE('',*,*,#4856,.F.);
#6869=ORIENTED_EDGE('',*,*,#4680,.F.);
#6870=ORIENTED_EDGE('',*,*,#4673,.F.);
#6871=ORIENTED_EDGE('',*,*,#4668,.F.);
#6872=ORIENTED_EDGE('',*,*,#4664,.F.);
#6873=ORIENTED_EDGE('',*,*,#4662,.F.);
#6874=ORIENTED_EDGE('',*,*,#4658,.F.);
#6875=ORIENTED_EDGE('',*,*,#4714,.F.);
#6876=ORIENTED_EDGE('',*,*,#4954,.F.);
#6877=ORIENTED_EDGE('',*,*,#4955,.F.);
#6878=ORIENTED_EDGE('',*,*,#4684,.F.);
#6879=ORIENTED_EDGE('',*,*,#4956,.F.);
#6880=ORIENTED_EDGE('',*,*,#4957,.F.);
#6881=ORIENTED_EDGE('',*,*,#4958,.F.);
#6882=ORIENTED_EDGE('',*,*,#4695,.F.);
#6883=ORIENTED_EDGE('',*,*,#4959,.F.);
#6884=ORIENTED_EDGE('',*,*,#4960,.F.);
#6885=ORIENTED_EDGE('',*,*,#4961,.F.);
#6886=ORIENTED_EDGE('',*,*,#4962,.F.);
#6887=ORIENTED_EDGE('',*,*,#4963,.F.);
#6888=ORIENTED_EDGE('',*,*,#4741,.F.);
#6889=ORIENTED_EDGE('',*,*,#4738,.F.);
#6890=ORIENTED_EDGE('',*,*,#4811,.F.);
#6891=ORIENTED_EDGE('',*,*,#4808,.F.);
#6892=ORIENTED_EDGE('',*,*,#4805,.F.);
#6893=ORIENTED_EDGE('',*,*,#4737,.F.);
#6894=ORIENTED_EDGE('',*,*,#4590,.F.);
#6895=ORIENTED_EDGE('',*,*,#4802,.T.);
#6896=ORIENTED_EDGE('',*,*,#4411,.T.);
#6897=ORIENTED_EDGE('',*,*,#4964,.T.);
#6898=ORIENTED_EDGE('',*,*,#4933,.F.);
#6899=ORIENTED_EDGE('',*,*,#4965,.F.);
#6900=ORIENTED_EDGE('',*,*,#4934,.F.);
#6901=ORIENTED_EDGE('',*,*,#4964,.F.);
#6902=ORIENTED_EDGE('',*,*,#4410,.T.);
#6903=ORIENTED_EDGE('',*,*,#4966,.T.);
#6904=ORIENTED_EDGE('',*,*,#4935,.F.);
#6905=ORIENTED_EDGE('',*,*,#4966,.F.);
#6906=ORIENTED_EDGE('',*,*,#4409,.T.);
#6907=ORIENTED_EDGE('',*,*,#4967,.T.);
#6908=ORIENTED_EDGE('',*,*,#4967,.F.);
#6909=ORIENTED_EDGE('',*,*,#4408,.T.);
#6910=ORIENTED_EDGE('',*,*,#4913,.F.);
#6911=ORIENTED_EDGE('',*,*,#4551,.T.);
#6912=ORIENTED_EDGE('',*,*,#4968,.F.);
#6913=ORIENTED_EDGE('',*,*,#4969,.T.);
#6914=ORIENTED_EDGE('',*,*,#4552,.T.);
#6915=ORIENTED_EDGE('',*,*,#4969,.F.);
#6916=ORIENTED_EDGE('',*,*,#4970,.F.);
#6917=ORIENTED_EDGE('',*,*,#4538,.F.);
#6918=ORIENTED_EDGE('',*,*,#4971,.T.);
#6919=ORIENTED_EDGE('',*,*,#4972,.F.);
#6920=ORIENTED_EDGE('',*,*,#4881,.T.);
#6921=ORIENTED_EDGE('',*,*,#4971,.F.);
#6922=ORIENTED_EDGE('',*,*,#4973,.F.);
#6923=ORIENTED_EDGE('',*,*,#4536,.F.);
#6924=ORIENTED_EDGE('',*,*,#4974,.T.);
#6925=ORIENTED_EDGE('',*,*,#4975,.F.);
#6926=ORIENTED_EDGE('',*,*,#4974,.F.);
#6927=ORIENTED_EDGE('',*,*,#4976,.F.);
#6928=ORIENTED_EDGE('',*,*,#4883,.T.);
#6929=ORIENTED_EDGE('',*,*,#4884,.T.);
#6930=ORIENTED_EDGE('',*,*,#4976,.T.);
#6931=ORIENTED_EDGE('',*,*,#4977,.F.);
#6932=ORIENTED_EDGE('',*,*,#4537,.F.);
#6933=ORIENTED_EDGE('',*,*,#4978,.T.);
#6934=ORIENTED_EDGE('',*,*,#4973,.T.);
#6935=ORIENTED_EDGE('',*,*,#4882,.T.);
#6936=ORIENTED_EDGE('',*,*,#4978,.F.);
#6937=ORIENTED_EDGE('',*,*,#4975,.T.);
#6938=ORIENTED_EDGE('',*,*,#4878,.F.);
#6939=ORIENTED_EDGE('',*,*,#4897,.T.);
#6940=ORIENTED_EDGE('',*,*,#4979,.F.);
#6941=ORIENTED_EDGE('',*,*,#4879,.F.);
#6942=ORIENTED_EDGE('',*,*,#4980,.T.);
#6943=ORIENTED_EDGE('',*,*,#4981,.T.);
#6944=ORIENTED_EDGE('',*,*,#4540,.T.);
#6945=ORIENTED_EDGE('',*,*,#4980,.F.);
#6946=ORIENTED_EDGE('',*,*,#4979,.T.);
#6947=ORIENTED_EDGE('',*,*,#4539,.T.);
#6948=ORIENTED_EDGE('',*,*,#4982,.F.);
#6949=ORIENTED_EDGE('',*,*,#4981,.F.);
#6950=ORIENTED_EDGE('',*,*,#4880,.F.);
#6951=ORIENTED_EDGE('',*,*,#4982,.T.);
#6952=ORIENTED_EDGE('',*,*,#4972,.T.);
#6953=ORIENTED_EDGE('',*,*,#4983,.F.);
#6954=ORIENTED_EDGE('',*,*,#4984,.T.);
#6955=ORIENTED_EDGE('',*,*,#4553,.T.);
#6956=ORIENTED_EDGE('',*,*,#4985,.F.);
#6957=ORIENTED_EDGE('',*,*,#4554,.T.);
#6958=ORIENTED_EDGE('',*,*,#4984,.F.);
#6959=ORIENTED_EDGE('',*,*,#4760,.T.);
#6960=ORIENTED_EDGE('',*,*,#4767,.T.);
#6961=ORIENTED_EDGE('',*,*,#4379,.F.);
#6962=ORIENTED_EDGE('',*,*,#4986,.F.);
#6963=ORIENTED_EDGE('',*,*,#4987,.F.);
#6964=ORIENTED_EDGE('',*,*,#4549,.T.);
#6965=ORIENTED_EDGE('',*,*,#4988,.F.);
#6966=ORIENTED_EDGE('',*,*,#4989,.F.);
#6967=ORIENTED_EDGE('',*,*,#4550,.T.);
#6968=ORIENTED_EDGE('',*,*,#4968,.T.);
#6969=ORIENTED_EDGE('',*,*,#4989,.T.);
#6970=ORIENTED_EDGE('',*,*,#4383,.F.);
#6971=ORIENTED_EDGE('',*,*,#4990,.F.);
#6972=ORIENTED_EDGE('',*,*,#4107,.F.);
#6973=ORIENTED_EDGE('',*,*,#4641,.T.);
#6974=ORIENTED_EDGE('',*,*,#4348,.T.);
#6975=ORIENTED_EDGE('',*,*,#4991,.F.);
#6976=ORIENTED_EDGE('',*,*,#4045,.T.);
#6977=ORIENTED_EDGE('',*,*,#4349,.F.);
#6978=ORIENTED_EDGE('',*,*,#4043,.T.);
#6979=ORIENTED_EDGE('',*,*,#4992,.F.);
#6980=ORIENTED_EDGE('',*,*,#4208,.T.);
#6981=ORIENTED_EDGE('',*,*,#4350,.F.);
#6982=ORIENTED_EDGE('',*,*,#4992,.T.);
#6983=ORIENTED_EDGE('',*,*,#4993,.T.);
#6984=ORIENTED_EDGE('',*,*,#4994,.T.);
#6985=ORIENTED_EDGE('',*,*,#4995,.T.);
#6986=ORIENTED_EDGE('',*,*,#4993,.F.);
#6987=ORIENTED_EDGE('',*,*,#4042,.T.);
#6988=ORIENTED_EDGE('',*,*,#4290,.F.);
#6989=ORIENTED_EDGE('',*,*,#4861,.F.);
#6990=ORIENTED_EDGE('',*,*,#4867,.T.);
#6991=ORIENTED_EDGE('',*,*,#4286,.T.);
#6992=ORIENTED_EDGE('',*,*,#4129,.T.);
#6993=ORIENTED_EDGE('',*,*,#4996,.F.);
#6994=ORIENTED_EDGE('',*,*,#4039,.T.);
#6995=ORIENTED_EDGE('',*,*,#4291,.T.);
#6996=ORIENTED_EDGE('',*,*,#4997,.T.);
#6997=ORIENTED_EDGE('',*,*,#4101,.F.);
#6998=ORIENTED_EDGE('',*,*,#4998,.F.);
#6999=ORIENTED_EDGE('',*,*,#4998,.T.);
#7000=ORIENTED_EDGE('',*,*,#4100,.F.);
#7001=ORIENTED_EDGE('',*,*,#4220,.T.);
#7002=ORIENTED_EDGE('',*,*,#4535,.F.);
#7003=ORIENTED_EDGE('',*,*,#4832,.T.);
#7004=ORIENTED_EDGE('',*,*,#4977,.T.);
#7005=ORIENTED_EDGE('',*,*,#4999,.T.);
#7006=ORIENTED_EDGE('',*,*,#4103,.F.);
#7007=ORIENTED_EDGE('',*,*,#5000,.F.);
#7008=ORIENTED_EDGE('',*,*,#5000,.T.);
#7009=ORIENTED_EDGE('',*,*,#4102,.F.);
#7010=ORIENTED_EDGE('',*,*,#4997,.F.);
#7011=ORIENTED_EDGE('',*,*,#4642,.F.);
#7012=ORIENTED_EDGE('',*,*,#4105,.F.);
#7013=ORIENTED_EDGE('',*,*,#4223,.T.);
#7014=ORIENTED_EDGE('',*,*,#4224,.T.);
#7015=ORIENTED_EDGE('',*,*,#4104,.F.);
#7016=ORIENTED_EDGE('',*,*,#4999,.F.);
#7017=ORIENTED_EDGE('',*,*,#4838,.T.);
#7018=ORIENTED_EDGE('',*,*,#4053,.T.);
#7019=ORIENTED_EDGE('',*,*,#4840,.F.);
#7020=ORIENTED_EDGE('',*,*,#4487,.T.);
#7021=ORIENTED_EDGE('',*,*,#4604,.F.);
#7022=ORIENTED_EDGE('',*,*,#5001,.T.);
#7023=ORIENTED_EDGE('',*,*,#4413,.F.);
#7024=ORIENTED_EDGE('',*,*,#4587,.T.);
#7025=ORIENTED_EDGE('',*,*,#5002,.T.);
#7026=ORIENTED_EDGE('',*,*,#5001,.F.);
#7027=ORIENTED_EDGE('',*,*,#5002,.F.);
#7028=ORIENTED_EDGE('',*,*,#4488,.T.);
#7029=ORIENTED_EDGE('',*,*,#4359,.T.);
#7030=ORIENTED_EDGE('',*,*,#5003,.T.);
#7031=ORIENTED_EDGE('',*,*,#5004,.F.);
#7032=ORIENTED_EDGE('',*,*,#4365,.F.);
#7033=ORIENTED_EDGE('',*,*,#4366,.F.);
#7034=ORIENTED_EDGE('',*,*,#5004,.T.);
#7035=ORIENTED_EDGE('',*,*,#5005,.T.);
#7036=ORIENTED_EDGE('',*,*,#4572,.T.);
#7037=ORIENTED_EDGE('',*,*,#5006,.F.);
#7038=ORIENTED_EDGE('',*,*,#5007,.T.);
#7039=ORIENTED_EDGE('',*,*,#4368,.F.);
#7040=ORIENTED_EDGE('',*,*,#5008,.T.);
#7041=ORIENTED_EDGE('',*,*,#5009,.F.);
#7042=ORIENTED_EDGE('',*,*,#5009,.T.);
#7043=ORIENTED_EDGE('',*,*,#5010,.T.);
#7044=ORIENTED_EDGE('',*,*,#4369,.F.);
#7045=ORIENTED_EDGE('',*,*,#5011,.T.);
#7046=ORIENTED_EDGE('',*,*,#4370,.F.);
#7047=ORIENTED_EDGE('',*,*,#5012,.T.);
#7048=ORIENTED_EDGE('',*,*,#5013,.T.);
#7049=ORIENTED_EDGE('',*,*,#5014,.T.);
#7050=ORIENTED_EDGE('',*,*,#4372,.F.);
#7051=ORIENTED_EDGE('',*,*,#4566,.T.);
#7052=ORIENTED_EDGE('',*,*,#5013,.F.);
#7053=ORIENTED_EDGE('',*,*,#5015,.T.);
#7054=ORIENTED_EDGE('',*,*,#4564,.T.);
#7055=ORIENTED_EDGE('',*,*,#4768,.F.);
#7056=ORIENTED_EDGE('',*,*,#5016,.T.);
#7057=ORIENTED_EDGE('',*,*,#5005,.F.);
#7058=ORIENTED_EDGE('',*,*,#4573,.T.);
#7059=ORIENTED_EDGE('',*,*,#5007,.F.);
#7060=ORIENTED_EDGE('',*,*,#4367,.F.);
#7061=ORIENTED_EDGE('',*,*,#5006,.T.);
#7062=ORIENTED_EDGE('',*,*,#5017,.T.);
#7063=ORIENTED_EDGE('',*,*,#5018,.T.);
#7064=ORIENTED_EDGE('',*,*,#4570,.T.);
#7065=ORIENTED_EDGE('',*,*,#5008,.F.);
#7066=ORIENTED_EDGE('',*,*,#5010,.F.);
#7067=ORIENTED_EDGE('',*,*,#4569,.T.);
#7068=ORIENTED_EDGE('',*,*,#5012,.F.);
#7069=ORIENTED_EDGE('',*,*,#4358,.T.);
#7070=ORIENTED_EDGE('',*,*,#4574,.T.);
#7071=ORIENTED_EDGE('',*,*,#5003,.F.);
#7072=ORIENTED_EDGE('',*,*,#4197,.T.);
#7073=ORIENTED_EDGE('',*,*,#4886,.F.);
#7074=ORIENTED_EDGE('',*,*,#4062,.T.);
#7075=ORIENTED_EDGE('',*,*,#5019,.T.);
#7076=ORIENTED_EDGE('',*,*,#4198,.T.);
#7077=ORIENTED_EDGE('',*,*,#5019,.F.);
#7078=ORIENTED_EDGE('',*,*,#4061,.T.);
#7079=ORIENTED_EDGE('',*,*,#4843,.T.);
#7080=ORIENTED_EDGE('',*,*,#4333,.F.);
#7081=ORIENTED_EDGE('',*,*,#4195,.T.);
#7082=ORIENTED_EDGE('',*,*,#4332,.F.);
#7083=ORIENTED_EDGE('',*,*,#4064,.T.);
#7084=ORIENTED_EDGE('',*,*,#4885,.T.);
#7085=ORIENTED_EDGE('',*,*,#5020,.F.);
#7086=ORIENTED_EDGE('',*,*,#4962,.T.);
#7087=ORIENTED_EDGE('',*,*,#5021,.T.);
#7088=ORIENTED_EDGE('',*,*,#4643,.F.);
#7089=ORIENTED_EDGE('',*,*,#4108,.F.);
#7090=ORIENTED_EDGE('',*,*,#4990,.T.);
#7091=ORIENTED_EDGE('',*,*,#4961,.T.);
#7092=ORIENTED_EDGE('',*,*,#5022,.F.);
#7093=ORIENTED_EDGE('',*,*,#5021,.F.);
#7094=ORIENTED_EDGE('',*,*,#4685,.T.);
#7095=ORIENTED_EDGE('',*,*,#4018,.F.);
#7096=ORIENTED_EDGE('',*,*,#5022,.T.);
#7097=ORIENTED_EDGE('',*,*,#4311,.F.);
#7098=ORIENTED_EDGE('',*,*,#4301,.F.);
#7099=ORIENTED_EDGE('',*,*,#4936,.F.);
#7100=ORIENTED_EDGE('',*,*,#4932,.T.);
#7101=ORIENTED_EDGE('',*,*,#5023,.T.);
#7102=ORIENTED_EDGE('',*,*,#5023,.F.);
#7103=ORIENTED_EDGE('',*,*,#4402,.T.);
#7104=ORIENTED_EDGE('',*,*,#5024,.F.);
#7105=ORIENTED_EDGE('',*,*,#4490,.T.);
#7106=ORIENTED_EDGE('',*,*,#4588,.F.);
#7107=ORIENTED_EDGE('',*,*,#5025,.T.);
#7108=ORIENTED_EDGE('',*,*,#5025,.F.);
#7109=ORIENTED_EDGE('',*,*,#5026,.F.);
#7110=ORIENTED_EDGE('',*,*,#4577,.T.);
#7111=ORIENTED_EDGE('',*,*,#4965,.T.);
#7112=ORIENTED_EDGE('',*,*,#5026,.T.);
#7113=ORIENTED_EDGE('',*,*,#4412,.F.);
#7114=ORIENTED_EDGE('',*,*,#4049,.T.);
#7115=ORIENTED_EDGE('',*,*,#4846,.F.);
#7116=ORIENTED_EDGE('',*,*,#4345,.F.);
#7117=ORIENTED_EDGE('',*,*,#4206,.T.);
#7118=ORIENTED_EDGE('',*,*,#4849,.F.);
#7119=ORIENTED_EDGE('',*,*,#4850,.T.);
#7120=ORIENTED_EDGE('',*,*,#4991,.T.);
#7121=ORIENTED_EDGE('',*,*,#4347,.T.);
#7122=ORIENTED_EDGE('',*,*,#4209,.T.);
#7123=ORIENTED_EDGE('',*,*,#4994,.F.);
#7124=ORIENTED_EDGE('',*,*,#4995,.F.);
#7125=ORIENTED_EDGE('',*,*,#4041,.T.);
#7126=ORIENTED_EDGE('',*,*,#5027,.T.);
#7127=ORIENTED_EDGE('',*,*,#4210,.T.);
#7128=ORIENTED_EDGE('',*,*,#5027,.F.);
#7129=ORIENTED_EDGE('',*,*,#4040,.T.);
#7130=ORIENTED_EDGE('',*,*,#4996,.T.);
#7131=ORIENTED_EDGE('',*,*,#4037,.T.);
#7132=ORIENTED_EDGE('',*,*,#4289,.F.);
#7133=ORIENTED_EDGE('',*,*,#4292,.F.);
#7134=ORIENTED_EDGE('',*,*,#4866,.T.);
#7135=ORIENTED_EDGE('',*,*,#4266,.F.);
#7136=ORIENTED_EDGE('',*,*,#4268,.F.);
#7137=ORIENTED_EDGE('',*,*,#4261,.F.);
#7138=ORIENTED_EDGE('',*,*,#4865,.F.);
#7139=ORIENTED_EDGE('',*,*,#5028,.T.);
#7140=ORIENTED_EDGE('',*,*,#4326,.T.);
#7141=ORIENTED_EDGE('',*,*,#4125,.T.);
#7142=ORIENTED_EDGE('',*,*,#5029,.T.);
#7143=ORIENTED_EDGE('',*,*,#5028,.F.);
#7144=ORIENTED_EDGE('',*,*,#4864,.F.);
#7145=ORIENTED_EDGE('',*,*,#5029,.F.);
#7146=ORIENTED_EDGE('',*,*,#3956,.F.);
#7147=ORIENTED_EDGE('',*,*,#4256,.T.);
#7148=ORIENTED_EDGE('',*,*,#4323,.T.);
#7149=ORIENTED_EDGE('',*,*,#4325,.T.);
#7150=ORIENTED_EDGE('',*,*,#4093,.F.);
#7151=ORIENTED_EDGE('',*,*,#4215,.T.);
#7152=ORIENTED_EDGE('',*,*,#4218,.T.);
#7153=ORIENTED_EDGE('',*,*,#4097,.F.);
#7154=ORIENTED_EDGE('',*,*,#5011,.F.);
#7155=ORIENTED_EDGE('',*,*,#4568,.T.);
#7156=ORIENTED_EDGE('',*,*,#5030,.F.);
#7157=ORIENTED_EDGE('',*,*,#4567,.T.);
#7158=ORIENTED_EDGE('',*,*,#5031,.F.);
#7159=ORIENTED_EDGE('',*,*,#5030,.T.);
#7160=ORIENTED_EDGE('',*,*,#5016,.F.);
#7161=ORIENTED_EDGE('',*,*,#5014,.F.);
#7162=ORIENTED_EDGE('',*,*,#4565,.T.);
#7163=ORIENTED_EDGE('',*,*,#5015,.F.);
#7164=ORIENTED_EDGE('',*,*,#4371,.F.);
#7165=ORIENTED_EDGE('',*,*,#5031,.T.);
#7166=ORIENTED_EDGE('',*,*,#5018,.F.);
#7167=ORIENTED_EDGE('',*,*,#5017,.F.);
#7168=ORIENTED_EDGE('',*,*,#4571,.T.);
#7169=ORIENTED_EDGE('',*,*,#4963,.T.);
#7170=ORIENTED_EDGE('',*,*,#5032,.T.);
#7171=ORIENTED_EDGE('',*,*,#5033,.F.);
#7172=ORIENTED_EDGE('',*,*,#4812,.F.);
#7173=ORIENTED_EDGE('',*,*,#5033,.T.);
#7174=ORIENTED_EDGE('',*,*,#4016,.F.);
#7175=ORIENTED_EDGE('',*,*,#5020,.T.);
#7176=ORIENTED_EDGE('',*,*,#4017,.F.);
#7177=ORIENTED_EDGE('',*,*,#5032,.F.);
#7178=ORIENTED_EDGE('',*,*,#4868,.F.);
#7179=ORIENTED_EDGE('',*,*,#4863,.T.);
#7180=ORIENTED_EDGE('',*,*,#4887,.T.);
#7181=ORIENTED_EDGE('',*,*,#5034,.F.);
#7182=ORIENTED_EDGE('',*,*,#4381,.F.);
#7183=ORIENTED_EDGE('',*,*,#4983,.T.);
#7184=ORIENTED_EDGE('',*,*,#4895,.T.);
#7185=ORIENTED_EDGE('',*,*,#4893,.T.);
#7186=ORIENTED_EDGE('',*,*,#5035,.F.);
#7187=ORIENTED_EDGE('',*,*,#4905,.F.);
#7188=ORIENTED_EDGE('',*,*,#4919,.T.);
#7189=ORIENTED_EDGE('',*,*,#4952,.F.);
#7190=ORIENTED_EDGE('',*,*,#4548,.T.);
#7191=ORIENTED_EDGE('',*,*,#5036,.F.);
#7192=ORIENTED_EDGE('',*,*,#4986,.T.);
#7193=ORIENTED_EDGE('',*,*,#4988,.T.);
#7194=ORIENTED_EDGE('',*,*,#4987,.T.);
#7195=ORIENTED_EDGE('',*,*,#4384,.F.);
#7196=ORIENTED_EDGE('',*,*,#5034,.T.);
#7197=ORIENTED_EDGE('',*,*,#4970,.T.);
#7198=ORIENTED_EDGE('',*,*,#4382,.F.);
#7199=ORIENTED_EDGE('',*,*,#4911,.F.);
#7200=ORIENTED_EDGE('',*,*,#4953,.T.);
#7201=ORIENTED_EDGE('',*,*,#4918,.T.);
#7202=ORIENTED_EDGE('',*,*,#4766,.T.);
#7203=ORIENTED_EDGE('',*,*,#4985,.T.);
#7204=ORIENTED_EDGE('',*,*,#4380,.F.);
#7205=ORIENTED_EDGE('',*,*,#3995,.T.);
#7206=ORIENTED_EDGE('',*,*,#5037,.F.);
#7207=ORIENTED_EDGE('',*,*,#4818,.F.);
#7208=ORIENTED_EDGE('',*,*,#4505,.F.);
#7209=ORIENTED_EDGE('',*,*,#5037,.T.);
#7210=ORIENTED_EDGE('',*,*,#5038,.F.);
#7211=ORIENTED_EDGE('',*,*,#3994,.T.);
#7212=ORIENTED_EDGE('',*,*,#4793,.F.);
#7213=ORIENTED_EDGE('',*,*,#5038,.T.);
#7214=ORIENTED_EDGE('',*,*,#4627,.T.);
#7215=ORIENTED_EDGE('',*,*,#4819,.T.);
#7216=ORIENTED_EDGE('',*,*,#4504,.F.);
#7217=ORIENTED_EDGE('',*,*,#4825,.T.);
#7218=ORIENTED_EDGE('',*,*,#5039,.T.);
#7219=ORIENTED_EDGE('',*,*,#4510,.F.);
#7220=ORIENTED_EDGE('',*,*,#4512,.F.);
#7221=ORIENTED_EDGE('',*,*,#5040,.T.);
#7222=ORIENTED_EDGE('',*,*,#5041,.F.);
#7223=ORIENTED_EDGE('',*,*,#3988,.T.);
#7224=ORIENTED_EDGE('',*,*,#5040,.F.);
#7225=ORIENTED_EDGE('',*,*,#5042,.F.);
#7226=ORIENTED_EDGE('',*,*,#5043,.F.);
#7227=ORIENTED_EDGE('',*,*,#5044,.T.);
#7228=ORIENTED_EDGE('',*,*,#3989,.T.);
#7229=ORIENTED_EDGE('',*,*,#5042,.T.);
#7230=ORIENTED_EDGE('',*,*,#4511,.F.);
#7231=ORIENTED_EDGE('',*,*,#5043,.T.);
#7232=ORIENTED_EDGE('',*,*,#3987,.T.);
#7233=ORIENTED_EDGE('',*,*,#4820,.F.);
#7234=ORIENTED_EDGE('',*,*,#5041,.T.);
#7235=ORIENTED_EDGE('',*,*,#5044,.F.);
#7236=ORIENTED_EDGE('',*,*,#5039,.F.);
#7237=ORIENTED_EDGE('',*,*,#3990,.T.);
#7238=ORIENTED_EDGE('',*,*,#5045,.F.);
#7239=ORIENTED_EDGE('',*,*,#4399,.T.);
#7240=ORIENTED_EDGE('',*,*,#5046,.T.);
#7241=ORIENTED_EDGE('',*,*,#4940,.F.);
#7242=ORIENTED_EDGE('',*,*,#5047,.F.);
#7243=ORIENTED_EDGE('',*,*,#5045,.T.);
#7244=ORIENTED_EDGE('',*,*,#4941,.F.);
#7245=ORIENTED_EDGE('',*,*,#5046,.F.);
#7246=ORIENTED_EDGE('',*,*,#4398,.T.);
#7247=ORIENTED_EDGE('',*,*,#5048,.T.);
#7248=ORIENTED_EDGE('',*,*,#4937,.F.);
#7249=ORIENTED_EDGE('',*,*,#5024,.T.);
#7250=ORIENTED_EDGE('',*,*,#5049,.T.);
#7251=ORIENTED_EDGE('',*,*,#5050,.F.);
#7252=ORIENTED_EDGE('',*,*,#4401,.T.);
#7253=ORIENTED_EDGE('',*,*,#5051,.T.);
#7254=ORIENTED_EDGE('',*,*,#4938,.F.);
#7255=ORIENTED_EDGE('',*,*,#5049,.F.);
#7256=ORIENTED_EDGE('',*,*,#5050,.T.);
#7257=ORIENTED_EDGE('',*,*,#5052,.F.);
#7258=ORIENTED_EDGE('',*,*,#4400,.T.);
#7259=ORIENTED_EDGE('',*,*,#5047,.T.);
#7260=ORIENTED_EDGE('',*,*,#4939,.F.);
#7261=ORIENTED_EDGE('',*,*,#5051,.F.);
#7262=ORIENTED_EDGE('',*,*,#5052,.T.);
#7263=ORIENTED_EDGE('',*,*,#4942,.F.);
#7264=ORIENTED_EDGE('',*,*,#5048,.F.);
#7265=ORIENTED_EDGE('',*,*,#4397,.T.);
#7266=ORIENTED_EDGE('',*,*,#5053,.T.);
#7267=ORIENTED_EDGE('',*,*,#5054,.F.);
#7268=ORIENTED_EDGE('',*,*,#4396,.T.);
#7269=ORIENTED_EDGE('',*,*,#5055,.T.);
#7270=ORIENTED_EDGE('',*,*,#4943,.F.);
#7271=ORIENTED_EDGE('',*,*,#5053,.F.);
#7272=ORIENTED_EDGE('',*,*,#5054,.T.);
#7273=ORIENTED_EDGE('',*,*,#5056,.F.);
#7274=ORIENTED_EDGE('',*,*,#4395,.T.);
#7275=ORIENTED_EDGE('',*,*,#5057,.T.);
#7276=ORIENTED_EDGE('',*,*,#4944,.F.);
#7277=ORIENTED_EDGE('',*,*,#5055,.F.);
#7278=ORIENTED_EDGE('',*,*,#5056,.T.);
#7279=ORIENTED_EDGE('',*,*,#5058,.F.);
#7280=ORIENTED_EDGE('',*,*,#4394,.T.);
#7281=ORIENTED_EDGE('',*,*,#5059,.T.);
#7282=ORIENTED_EDGE('',*,*,#4945,.F.);
#7283=ORIENTED_EDGE('',*,*,#5057,.F.);
#7284=ORIENTED_EDGE('',*,*,#5058,.T.);
#7285=ORIENTED_EDGE('',*,*,#5060,.F.);
#7286=ORIENTED_EDGE('',*,*,#4393,.T.);
#7287=ORIENTED_EDGE('',*,*,#5061,.T.);
#7288=ORIENTED_EDGE('',*,*,#4946,.F.);
#7289=ORIENTED_EDGE('',*,*,#5059,.F.);
#7290=ORIENTED_EDGE('',*,*,#5060,.T.);
#7291=ORIENTED_EDGE('',*,*,#5062,.F.);
#7292=ORIENTED_EDGE('',*,*,#4392,.T.);
#7293=ORIENTED_EDGE('',*,*,#5063,.T.);
#7294=ORIENTED_EDGE('',*,*,#4947,.F.);
#7295=ORIENTED_EDGE('',*,*,#5061,.F.);
#7296=ORIENTED_EDGE('',*,*,#5062,.T.);
#7297=ORIENTED_EDGE('',*,*,#5064,.F.);
#7298=ORIENTED_EDGE('',*,*,#4391,.T.);
#7299=ORIENTED_EDGE('',*,*,#5065,.T.);
#7300=ORIENTED_EDGE('',*,*,#4948,.F.);
#7301=ORIENTED_EDGE('',*,*,#5063,.F.);
#7302=ORIENTED_EDGE('',*,*,#5064,.T.);
#7303=ORIENTED_EDGE('',*,*,#5066,.F.);
#7304=ORIENTED_EDGE('',*,*,#4390,.T.);
#7305=ORIENTED_EDGE('',*,*,#5067,.T.);
#7306=ORIENTED_EDGE('',*,*,#4949,.F.);
#7307=ORIENTED_EDGE('',*,*,#5065,.F.);
#7308=ORIENTED_EDGE('',*,*,#5066,.T.);
#7309=ORIENTED_EDGE('',*,*,#4950,.F.);
#7310=ORIENTED_EDGE('',*,*,#5068,.T.);
#7311=ORIENTED_EDGE('',*,*,#5069,.T.);
#7312=ORIENTED_EDGE('',*,*,#4389,.T.);
#7313=ORIENTED_EDGE('',*,*,#5068,.F.);
#7314=ORIENTED_EDGE('',*,*,#5067,.F.);
#7315=ORIENTED_EDGE('',*,*,#5070,.F.);
#7316=ORIENTED_EDGE('',*,*,#4388,.T.);
#7317=ORIENTED_EDGE('',*,*,#5071,.T.);
#7318=ORIENTED_EDGE('',*,*,#4951,.F.);
#7319=ORIENTED_EDGE('',*,*,#5069,.F.);
#7320=ORIENTED_EDGE('',*,*,#5070,.T.);
#7321=ORIENTED_EDGE('',*,*,#5035,.T.);
#7322=ORIENTED_EDGE('',*,*,#5071,.F.);
#7323=ORIENTED_EDGE('',*,*,#4387,.F.);
#7324=ORIENTED_EDGE('',*,*,#4894,.T.);
#7325=ORIENTED_EDGE('',*,*,#4386,.F.);
#7326=ORIENTED_EDGE('',*,*,#4928,.T.);
#7327=ORIENTED_EDGE('',*,*,#5036,.T.);
#7328=ORIENTED_EDGE('',*,*,#4929,.T.);
#7329=ORIENTED_EDGE('',*,*,#4385,.F.);
#7330=ORIENTED_EDGE('',*,*,#4956,.T.);
#7331=ORIENTED_EDGE('',*,*,#4681,.T.);
#7332=ORIENTED_EDGE('',*,*,#4703,.F.);
#7333=ORIENTED_EDGE('',*,*,#4960,.T.);
#7334=ORIENTED_EDGE('',*,*,#5072,.T.);
#7335=ORIENTED_EDGE('',*,*,#4686,.F.);
#7336=ORIENTED_EDGE('',*,*,#4691,.F.);
#7337=ORIENTED_EDGE('',*,*,#5072,.F.);
#7338=ORIENTED_EDGE('',*,*,#4959,.T.);
#7339=ORIENTED_EDGE('',*,*,#4700,.F.);
#7340=ORIENTED_EDGE('',*,*,#4958,.T.);
#7341=ORIENTED_EDGE('',*,*,#5073,.T.);
#7342=ORIENTED_EDGE('',*,*,#4701,.F.);
#7343=ORIENTED_EDGE('',*,*,#5073,.F.);
#7344=ORIENTED_EDGE('',*,*,#4957,.T.);
#7345=ORIENTED_EDGE('',*,*,#4707,.F.);
#7346=ORIENTED_EDGE('',*,*,#4955,.T.);
#7347=ORIENTED_EDGE('',*,*,#5074,.T.);
#7348=ORIENTED_EDGE('',*,*,#5074,.F.);
#7349=ORIENTED_EDGE('',*,*,#4954,.T.);
#7350=ORIENTED_EDGE('',*,*,#4713,.T.);
#7351=ORIENTED_EDGE('',*,*,#4027,.F.);
#7352=ORIENTED_EDGE('',*,*,#4841,.F.);
#7353=ORIENTED_EDGE('',*,*,#4052,.T.);
#7354=ORIENTED_EDGE('',*,*,#4839,.T.);
#7355=PLANE('',#8386);
#7356=PLANE('',#8387);
#7357=PLANE('',#8388);
#7358=PLANE('',#8389);
#7359=PLANE('',#8394);
#7360=PLANE('',#8395);
#7361=PLANE('',#8396);
#7362=PLANE('',#8397);
#7363=PLANE('',#8398);
#7364=PLANE('',#8402);
#7365=PLANE('',#8403);
#7366=PLANE('',#8404);
#7367=PLANE('',#8405);
#7368=PLANE('',#8406);
#7369=PLANE('',#8407);
#7370=PLANE('',#8408);
#7371=PLANE('',#8409);
#7372=PLANE('',#8410);
#7373=PLANE('',#8411);
#7374=PLANE('',#8412);
#7375=PLANE('',#8413);
#7376=PLANE('',#8414);
#7377=PLANE('',#8415);
#7378=PLANE('',#8416);
#7379=PLANE('',#8417);
#7380=PLANE('',#8418);
#7381=PLANE('',#8419);
#7382=PLANE('',#8420);
#7383=PLANE('',#8421);
#7384=PLANE('',#8422);
#7385=PLANE('',#8423);
#7386=PLANE('',#8424);
#7387=PLANE('',#8425);
#7388=PLANE('',#8426);
#7389=PLANE('',#8427);
#7390=PLANE('',#8428);
#7391=PLANE('',#8429);
#7392=PLANE('',#8430);
#7393=PLANE('',#8431);
#7394=PLANE('',#8432);
#7395=PLANE('',#8433);
#7396=PLANE('',#8434);
#7397=PLANE('',#8435);
#7398=PLANE('',#8436);
#7399=PLANE('',#8437);
#7400=PLANE('',#8438);
#7401=PLANE('',#8439);
#7402=PLANE('',#8440);
#7403=PLANE('',#8441);
#7404=PLANE('',#8447);
#7405=PLANE('',#8448);
#7406=PLANE('',#8449);
#7407=PLANE('',#8451);
#7408=PLANE('',#8453);
#7409=PLANE('',#8454);
#7410=PLANE('',#8455);
#7411=PLANE('',#8456);
#7412=PLANE('',#8457);
#7413=PLANE('',#8458);
#7414=PLANE('',#8459);
#7415=PLANE('',#8460);
#7416=PLANE('',#8461);
#7417=PLANE('',#8462);
#7418=PLANE('',#8463);
#7419=PLANE('',#8464);
#7420=PLANE('',#8465);
#7421=PLANE('',#8466);
#7422=PLANE('',#8467);
#7423=PLANE('',#8468);
#7424=PLANE('',#8469);
#7425=PLANE('',#8470);
#7426=PLANE('',#8471);
#7427=PLANE('',#8484);
#7428=PLANE('',#8485);
#7429=PLANE('',#8486);
#7430=PLANE('',#8487);
#7431=PLANE('',#8488);
#7432=PLANE('',#8489);
#7433=PLANE('',#8490);
#7434=PLANE('',#8491);
#7435=PLANE('',#8492);
#7436=PLANE('',#8493);
#7437=PLANE('',#8494);
#7438=PLANE('',#8495);
#7439=PLANE('',#8496);
#7440=PLANE('',#8497);
#7441=PLANE('',#8498);
#7442=PLANE('',#8499);
#7443=PLANE('',#8500);
#7444=PLANE('',#8501);
#7445=PLANE('',#8502);
#7446=PLANE('',#8503);
#7447=PLANE('',#8504);
#7448=PLANE('',#8505);
#7449=PLANE('',#8506);
#7450=PLANE('',#8507);
#7451=PLANE('',#8508);
#7452=PLANE('',#8509);
#7453=PLANE('',#8510);
#7454=PLANE('',#8511);
#7455=PLANE('',#8512);
#7456=PLANE('',#8513);
#7457=PLANE('',#8514);
#7458=PLANE('',#8515);
#7459=PLANE('',#8516);
#7460=PLANE('',#8517);
#7461=PLANE('',#8518);
#7462=PLANE('',#8519);
#7463=PLANE('',#8520);
#7464=PLANE('',#8521);
#7465=PLANE('',#8522);
#7466=PLANE('',#8523);
#7467=PLANE('',#8524);
#7468=PLANE('',#8525);
#7469=PLANE('',#8526);
#7470=PLANE('',#8527);
#7471=PLANE('',#8528);
#7472=PLANE('',#8529);
#7473=PLANE('',#8530);
#7474=PLANE('',#8531);
#7475=PLANE('',#8532);
#7476=PLANE('',#8533);
#7477=PLANE('',#8534);
#7478=PLANE('',#8535);
#7479=PLANE('',#8536);
#7480=PLANE('',#8537);
#7481=PLANE('',#8538);
#7482=PLANE('',#8539);
#7483=PLANE('',#8540);
#7484=PLANE('',#8541);
#7485=PLANE('',#8542);
#7486=PLANE('',#8543);
#7487=PLANE('',#8544);
#7488=PLANE('',#8545);
#7489=PLANE('',#8546);
#7490=PLANE('',#8547);
#7491=PLANE('',#8548);
#7492=PLANE('',#8549);
#7493=PLANE('',#8550);
#7494=PLANE('',#8551);
#7495=PLANE('',#8552);
#7496=PLANE('',#8553);
#7497=PLANE('',#8554);
#7498=PLANE('',#8555);
#7499=PLANE('',#8556);
#7500=PLANE('',#8557);
#7501=PLANE('',#8558);
#7502=PLANE('',#8559);
#7503=PLANE('',#8560);
#7504=PLANE('',#8561);
#7505=PLANE('',#8562);
#7506=PLANE('',#8563);
#7507=PLANE('',#8564);
#7508=PLANE('',#8565);
#7509=PLANE('',#8566);
#7510=PLANE('',#8567);
#7511=PLANE('',#8568);
#7512=PLANE('',#8569);
#7513=PLANE('',#8570);
#7514=PLANE('',#8571);
#7515=PLANE('',#8572);
#7516=PLANE('',#8573);
#7517=PLANE('',#8574);
#7518=PLANE('',#8575);
#7519=PLANE('',#8576);
#7520=PLANE('',#8577);
#7521=PLANE('',#8578);
#7522=PLANE('',#8579);
#7523=PLANE('',#8580);
#7524=PLANE('',#8581);
#7525=PLANE('',#8582);
#7526=PLANE('',#8583);
#7527=PLANE('',#8584);
#7528=PLANE('',#8585);
#7529=PLANE('',#8586);
#7530=PLANE('',#8587);
#7531=PLANE('',#8588);
#7532=PLANE('',#8589);
#7533=PLANE('',#8590);
#7534=PLANE('',#8591);
#7535=PLANE('',#8592);
#7536=PLANE('',#8593);
#7537=PLANE('',#8594);
#7538=PLANE('',#8595);
#7539=PLANE('',#8596);
#7540=PLANE('',#8597);
#7541=PLANE('',#8598);
#7542=PLANE('',#8599);
#7543=PLANE('',#8600);
#7544=PLANE('',#8601);
#7545=PLANE('',#8602);
#7546=PLANE('',#8603);
#7547=PLANE('',#8604);
#7548=PLANE('',#8605);
#7549=PLANE('',#8606);
#7550=PLANE('',#8607);
#7551=PLANE('',#8608);
#7552=PLANE('',#8609);
#7553=PLANE('',#8610);
#7554=PLANE('',#8611);
#7555=PLANE('',#8612);
#7556=PLANE('',#8613);
#7557=PLANE('',#8614);
#7558=PLANE('',#8615);
#7559=PLANE('',#8616);
#7560=PLANE('',#8617);
#7561=PLANE('',#8618);
#7562=PLANE('',#8619);
#7563=PLANE('',#8620);
#7564=PLANE('',#8621);
#7565=PLANE('',#8622);
#7566=PLANE('',#8623);
#7567=PLANE('',#8624);
#7568=PLANE('',#8625);
#7569=PLANE('',#8626);
#7570=PLANE('',#8627);
#7571=PLANE('',#8628);
#7572=PLANE('',#8629);
#7573=PLANE('',#8630);
#7574=PLANE('',#8631);
#7575=PLANE('',#8632);
#7576=PLANE('',#8633);
#7577=PLANE('',#8634);
#7578=PLANE('',#8635);
#7579=PLANE('',#8636);
#7580=PLANE('',#8637);
#7581=PLANE('',#8638);
#7582=PLANE('',#8639);
#7583=PLANE('',#8640);
#7584=PLANE('',#8641);
#7585=PLANE('',#8642);
#7586=PLANE('',#8643);
#7587=PLANE('',#8644);
#7588=PLANE('',#8645);
#7589=PLANE('',#8646);
#7590=PLANE('',#8647);
#7591=PLANE('',#8648);
#7592=PLANE('',#8649);
#7593=PLANE('',#8650);
#7594=PLANE('',#8651);
#7595=PLANE('',#8652);
#7596=PLANE('',#8653);
#7597=PLANE('',#8654);
#7598=PLANE('',#8655);
#7599=PLANE('',#8656);
#7600=PLANE('',#8657);
#7601=PLANE('',#8658);
#7602=PLANE('',#8659);
#7603=PLANE('',#8660);
#7604=PLANE('',#8661);
#7605=PLANE('',#8662);
#7606=PLANE('',#8663);
#7607=PLANE('',#8664);
#7608=PLANE('',#8665);
#7609=PLANE('',#8666);
#7610=PLANE('',#8667);
#7611=PLANE('',#8668);
#7612=PLANE('',#8669);
#7613=PLANE('',#8670);
#7614=PLANE('',#8671);
#7615=PLANE('',#8672);
#7616=PLANE('',#8673);
#7617=PLANE('',#8674);
#7618=PLANE('',#8675);
#7619=PLANE('',#8676);
#7620=PLANE('',#8677);
#7621=PLANE('',#8678);
#7622=PLANE('',#8679);
#7623=PLANE('',#8680);
#7624=PLANE('',#8681);
#7625=PLANE('',#8682);
#7626=PLANE('',#8683);
#7627=PLANE('',#8684);
#7628=PLANE('',#8685);
#7629=PLANE('',#8686);
#7630=PLANE('',#8687);
#7631=PLANE('',#8688);
#7632=PLANE('',#8689);
#7633=PLANE('',#8690);
#7634=PLANE('',#8691);
#7635=PLANE('',#8692);
#7636=PLANE('',#8693);
#7637=PLANE('',#8694);
#7638=PLANE('',#8695);
#7639=PLANE('',#8696);
#7640=PLANE('',#8697);
#7641=PLANE('',#8698);
#7642=PLANE('',#8699);
#7643=PLANE('',#8700);
#7644=PLANE('',#8701);
#7645=PLANE('',#8702);
#7646=PLANE('',#8703);
#7647=PLANE('',#8704);
#7648=PLANE('',#8705);
#7649=PLANE('',#8706);
#7650=PLANE('',#8707);
#7651=PLANE('',#8708);
#7652=PLANE('',#8709);
#7653=PLANE('',#8710);
#7654=PLANE('',#8711);
#7655=PLANE('',#8712);
#7656=PLANE('',#8713);
#7657=PLANE('',#8714);
#7658=PLANE('',#8715);
#7659=PLANE('',#8716);
#7660=PLANE('',#8717);
#7661=PLANE('',#8718);
#7662=PLANE('',#8719);
#7663=PLANE('',#8720);
#7664=PLANE('',#8721);
#7665=PLANE('',#8722);
#7666=PLANE('',#8723);
#7667=PLANE('',#8724);
#7668=PLANE('',#8725);
#7669=PLANE('',#8726);
#7670=PLANE('',#8727);
#7671=PLANE('',#8728);
#7672=PLANE('',#8729);
#7673=PLANE('',#8730);
#7674=PLANE('',#8731);
#7675=PLANE('',#8732);
#7676=PLANE('',#8733);
#7677=PLANE('',#8734);
#7678=PLANE('',#8735);
#7679=PLANE('',#8736);
#7680=PLANE('',#8737);
#7681=PLANE('',#8738);
#7682=PLANE('',#8739);
#7683=PLANE('',#8740);
#7684=PLANE('',#8741);
#7685=PLANE('',#8742);
#7686=PLANE('',#8743);
#7687=PLANE('',#8744);
#7688=PLANE('',#8745);
#7689=PLANE('',#8746);
#7690=PLANE('',#8747);
#7691=PLANE('',#8748);
#7692=PLANE('',#8749);
#7693=PLANE('',#8750);
#7694=PLANE('',#8751);
#7695=PLANE('',#8752);
#7696=PLANE('',#8753);
#7697=PLANE('',#8754);
#7698=PLANE('',#8755);
#7699=PLANE('',#8756);
#7700=PLANE('',#8757);
#7701=PLANE('',#8758);
#7702=PLANE('',#8759);
#7703=PLANE('',#8760);
#7704=PLANE('',#8761);
#7705=PLANE('',#8762);
#7706=PLANE('',#8763);
#7707=PLANE('',#8764);
#7708=PLANE('',#8765);
#7709=PLANE('',#8766);
#7710=PLANE('',#8767);
#7711=PLANE('',#8768);
#7712=PLANE('',#8769);
#7713=PLANE('',#8770);
#7714=PLANE('',#8771);
#7715=PLANE('',#8772);
#7716=PLANE('',#8773);
#7717=PLANE('',#8774);
#7718=PLANE('',#8775);
#7719=PLANE('',#8776);
#7720=PLANE('',#8777);
#7721=PLANE('',#8778);
#7722=PLANE('',#8779);
#7723=PLANE('',#8780);
#7724=PLANE('',#8781);
#7725=PLANE('',#8782);
#7726=PLANE('',#8783);
#7727=PLANE('',#8784);
#7728=PLANE('',#8785);
#7729=PLANE('',#8786);
#7730=PLANE('',#8787);
#7731=PLANE('',#8788);
#7732=PLANE('',#8789);
#7733=PLANE('',#8790);
#7734=PLANE('',#8791);
#7735=PLANE('',#8792);
#7736=PLANE('',#8793);
#7737=PLANE('',#8794);
#7738=PLANE('',#8795);
#7739=PLANE('',#8796);
#7740=PLANE('',#8797);
#7741=PLANE('',#8798);
#7742=PLANE('',#8799);
#7743=PLANE('',#8800);
#7744=PLANE('',#8801);
#7745=PLANE('',#8802);
#7746=PLANE('',#8803);
#7747=PLANE('',#8804);
#7748=PLANE('',#8805);
#7749=PLANE('',#8806);
#7750=PLANE('',#8807);
#7751=PLANE('',#8808);
#7752=PLANE('',#8809);
#7753=PLANE('',#8810);
#7754=PLANE('',#8811);
#7755=PLANE('',#8812);
#7756=PLANE('',#8813);
#7757=PLANE('',#8814);
#7758=PLANE('',#8815);
#7759=PLANE('',#8816);
#7760=PLANE('',#8817);
#7761=PLANE('',#8818);
#7762=PLANE('',#8819);
#7763=PLANE('',#8820);
#7764=PLANE('',#8821);
#7765=PLANE('',#8822);
#7766=PLANE('',#8823);
#7767=PLANE('',#8824);
#7768=PLANE('',#8825);
#7769=PLANE('',#8826);
#7770=PLANE('',#8827);
#7771=PLANE('',#8828);
#7772=PLANE('',#8829);
#7773=PLANE('',#8830);
#7774=PLANE('',#8831);
#7775=PLANE('',#8832);
#7776=PLANE('',#8833);
#7777=PLANE('',#8834);
#7778=PLANE('',#8835);
#7779=PLANE('',#8836);
#7780=PLANE('',#8837);
#7781=PLANE('',#8838);
#7782=PLANE('',#8839);
#7783=PLANE('',#8840);
#7784=PLANE('',#8841);
#7785=PLANE('',#8842);
#7786=PLANE('',#8843);
#7787=PLANE('',#8844);
#7788=PLANE('',#8845);
#7789=PLANE('',#8846);
#7790=PLANE('',#8847);
#7791=PLANE('',#8848);
#7792=PLANE('',#8849);
#7793=PLANE('',#8850);
#7794=PLANE('',#8851);
#7795=PLANE('',#8852);
#7796=PLANE('',#8853);
#7797=PLANE('',#8854);
#7798=PLANE('',#8855);
#7799=PLANE('',#8856);
#7800=PLANE('',#8857);
#7801=PLANE('',#8858);
#7802=PLANE('',#8859);
#7803=PLANE('',#8860);
#7804=PLANE('',#8861);
#7805=PLANE('',#8862);
#7806=PLANE('',#8863);
#7807=PLANE('',#8864);
#7808=PLANE('',#8865);
#7809=PLANE('',#8866);
#7810=PLANE('',#8867);
#7811=PLANE('',#8868);
#7812=PLANE('',#8869);
#7813=PLANE('',#8870);
#7814=PLANE('',#8871);
#7815=PLANE('',#8872);
#7816=PLANE('',#8873);
#7817=PLANE('',#8874);
#7818=PLANE('',#8875);
#7819=PLANE('',#8876);
#7820=PLANE('',#8877);
#7821=PLANE('',#8878);
#7822=PLANE('',#8879);
#7823=PLANE('',#8880);
#7824=PLANE('',#8881);
#7825=PLANE('',#8882);
#7826=PLANE('',#8883);
#7827=PLANE('',#8884);
#7828=PLANE('',#8885);
#7829=PLANE('',#8886);
#7830=PLANE('',#8887);
#7831=PLANE('',#8888);
#7832=PLANE('',#8889);
#7833=PLANE('',#8890);
#7834=PLANE('',#8891);
#7835=PLANE('',#8892);
#7836=PLANE('',#8893);
#7837=PLANE('',#8894);
#7838=PLANE('',#8895);
#7839=PLANE('',#8896);
#7840=PLANE('',#8897);
#7841=PLANE('',#8898);
#7842=PLANE('',#8899);
#7843=PLANE('',#8900);
#7844=PLANE('',#8901);
#7845=PLANE('',#8902);
#7846=PLANE('',#8903);
#7847=PLANE('',#8904);
#7848=PLANE('',#8905);
#7849=PLANE('',#8906);
#7850=PLANE('',#8907);
#7851=PLANE('',#8908);
#7852=PLANE('',#8909);
#7853=PLANE('',#8910);
#7854=PLANE('',#8911);
#7855=PLANE('',#8912);
#7856=PLANE('',#8913);
#7857=PLANE('',#8914);
#7858=PLANE('',#8915);
#7859=PLANE('',#8916);
#7860=ADVANCED_FACE('',(#41),#7355,.T.);
#7861=ADVANCED_FACE('',(#42),#7356,.T.);
#7862=ADVANCED_FACE('',(#43),#7357,.T.);
#7863=ADVANCED_FACE('',(#44),#7358,.T.);
#7864=ADVANCED_FACE('',(#45),#7359,.T.);
#7865=ADVANCED_FACE('',(#46),#7360,.T.);
#7866=ADVANCED_FACE('',(#47),#7361,.T.);
#7867=ADVANCED_FACE('',(#48),#7362,.T.);
#7868=ADVANCED_FACE('',(#49),#7363,.F.);
#7869=ADVANCED_FACE('',(#50),#7364,.T.);
#7870=ADVANCED_FACE('',(#51),#7365,.T.);
#7871=ADVANCED_FACE('',(#52),#7366,.T.);
#7872=ADVANCED_FACE('',(#53),#7367,.T.);
#7873=ADVANCED_FACE('',(#54),#7368,.T.);
#7874=ADVANCED_FACE('',(#55),#7369,.T.);
#7875=ADVANCED_FACE('',(#56),#7370,.T.);
#7876=ADVANCED_FACE('',(#57),#7371,.T.);
#7877=ADVANCED_FACE('',(#58),#7372,.T.);
#7878=ADVANCED_FACE('',(#59),#7373,.T.);
#7879=ADVANCED_FACE('',(#60),#7374,.T.);
#7880=ADVANCED_FACE('',(#61),#7375,.T.);
#7881=ADVANCED_FACE('',(#62),#7376,.T.);
#7882=ADVANCED_FACE('',(#63),#7377,.T.);
#7883=ADVANCED_FACE('',(#64),#7378,.T.);
#7884=ADVANCED_FACE('',(#65),#7379,.T.);
#7885=ADVANCED_FACE('',(#66),#7380,.T.);
#7886=ADVANCED_FACE('',(#67),#7381,.T.);
#7887=ADVANCED_FACE('',(#68),#7382,.T.);
#7888=ADVANCED_FACE('',(#69),#7383,.T.);
#7889=ADVANCED_FACE('',(#70),#7384,.T.);
#7890=ADVANCED_FACE('',(#71),#7385,.T.);
#7891=ADVANCED_FACE('',(#72),#7386,.T.);
#7892=ADVANCED_FACE('',(#73),#7387,.T.);
#7893=ADVANCED_FACE('',(#74),#7388,.T.);
#7894=ADVANCED_FACE('',(#75),#7389,.T.);
#7895=ADVANCED_FACE('',(#76),#7390,.T.);
#7896=ADVANCED_FACE('',(#77),#7391,.T.);
#7897=ADVANCED_FACE('',(#78),#7392,.T.);
#7898=ADVANCED_FACE('',(#79),#7393,.T.);
#7899=ADVANCED_FACE('',(#80),#7394,.T.);
#7900=ADVANCED_FACE('',(#81),#7395,.T.);
#7901=ADVANCED_FACE('',(#82),#7396,.T.);
#7902=ADVANCED_FACE('',(#83),#7397,.T.);
#7903=ADVANCED_FACE('',(#84),#7398,.T.);
#7904=ADVANCED_FACE('',(#85),#7399,.T.);
#7905=ADVANCED_FACE('',(#86),#7400,.T.);
#7906=ADVANCED_FACE('',(#87),#7401,.T.);
#7907=ADVANCED_FACE('',(#88),#7402,.T.);
#7908=ADVANCED_FACE('',(#89),#7403,.T.);
#7909=ADVANCED_FACE('',(#90),#15,.F.);
#7910=ADVANCED_FACE('',(#91),#7404,.T.);
#7911=ADVANCED_FACE('',(#92),#7405,.T.);
#7912=ADVANCED_FACE('',(#93),#7406,.T.);
#7913=ADVANCED_FACE('',(#94),#16,.F.);
#7914=ADVANCED_FACE('',(#95),#7407,.F.);
#7915=ADVANCED_FACE('',(#96),#17,.T.);
#7916=ADVANCED_FACE('',(#97),#7408,.T.);
#7917=ADVANCED_FACE('',(#98),#7409,.T.);
#7918=ADVANCED_FACE('',(#99),#7410,.T.);
#7919=ADVANCED_FACE('',(#100),#7411,.T.);
#7920=ADVANCED_FACE('',(#101),#7412,.T.);
#7921=ADVANCED_FACE('',(#102),#7413,.T.);
#7922=ADVANCED_FACE('',(#103),#7414,.T.);
#7923=ADVANCED_FACE('',(#104),#7415,.T.);
#7924=ADVANCED_FACE('',(#105),#7416,.T.);
#7925=ADVANCED_FACE('',(#106),#7417,.T.);
#7926=ADVANCED_FACE('',(#107),#7418,.T.);
#7927=ADVANCED_FACE('',(#108),#7419,.T.);
#7928=ADVANCED_FACE('',(#109),#7420,.T.);
#7929=ADVANCED_FACE('',(#110),#7421,.T.);
#7930=ADVANCED_FACE('',(#111),#7422,.T.);
#7931=ADVANCED_FACE('',(#112),#7423,.T.);
#7932=ADVANCED_FACE('',(#113),#7424,.T.);
#7933=ADVANCED_FACE('',(#114),#7425,.T.);
#7934=ADVANCED_FACE('',(#115),#7426,.T.);
#7935=ADVANCED_FACE('',(#116),#18,.T.);
#7936=ADVANCED_FACE('',(#117),#19,.T.);
#7937=ADVANCED_FACE('',(#118),#20,.T.);
#7938=ADVANCED_FACE('',(#119),#21,.T.);
#7939=ADVANCED_FACE('',(#120),#7427,.T.);
#7940=ADVANCED_FACE('',(#121),#7428,.T.);
#7941=ADVANCED_FACE('',(#122),#7429,.T.);
#7942=ADVANCED_FACE('',(#123),#7430,.T.);
#7943=ADVANCED_FACE('',(#124),#7431,.T.);
#7944=ADVANCED_FACE('',(#125),#7432,.T.);
#7945=ADVANCED_FACE('',(#126),#7433,.T.);
#7946=ADVANCED_FACE('',(#127),#7434,.T.);
#7947=ADVANCED_FACE('',(#128),#7435,.T.);
#7948=ADVANCED_FACE('',(#129),#7436,.T.);
#7949=ADVANCED_FACE('',(#130),#7437,.T.);
#7950=ADVANCED_FACE('',(#131),#7438,.T.);
#7951=ADVANCED_FACE('',(#132),#7439,.T.);
#7952=ADVANCED_FACE('',(#133),#7440,.T.);
#7953=ADVANCED_FACE('',(#134),#7441,.T.);
#7954=ADVANCED_FACE('',(#135),#7442,.T.);
#7955=ADVANCED_FACE('',(#136),#7443,.T.);
#7956=ADVANCED_FACE('',(#137),#7444,.T.);
#7957=ADVANCED_FACE('',(#138),#7445,.T.);
#7958=ADVANCED_FACE('',(#139),#7446,.T.);
#7959=ADVANCED_FACE('',(#140),#7447,.T.);
#7960=ADVANCED_FACE('',(#141),#7448,.T.);
#7961=ADVANCED_FACE('',(#142),#7449,.T.);
#7962=ADVANCED_FACE('',(#143),#7450,.T.);
#7963=ADVANCED_FACE('',(#144),#7451,.T.);
#7964=ADVANCED_FACE('',(#145),#7452,.T.);
#7965=ADVANCED_FACE('',(#146),#7453,.T.);
#7966=ADVANCED_FACE('',(#147),#7454,.T.);
#7967=ADVANCED_FACE('',(#148),#7455,.T.);
#7968=ADVANCED_FACE('',(#149),#7456,.T.);
#7969=ADVANCED_FACE('',(#150),#7457,.T.);
#7970=ADVANCED_FACE('',(#151),#7458,.T.);
#7971=ADVANCED_FACE('',(#152),#7459,.T.);
#7972=ADVANCED_FACE('',(#153),#7460,.T.);
#7973=ADVANCED_FACE('',(#154),#7461,.T.);
#7974=ADVANCED_FACE('',(#155),#7462,.T.);
#7975=ADVANCED_FACE('',(#156),#7463,.T.);
#7976=ADVANCED_FACE('',(#157),#7464,.T.);
#7977=ADVANCED_FACE('',(#158),#7465,.T.);
#7978=ADVANCED_FACE('',(#159),#7466,.T.);
#7979=ADVANCED_FACE('',(#160),#7467,.T.);
#7980=ADVANCED_FACE('',(#161),#7468,.T.);
#7981=ADVANCED_FACE('',(#162),#7469,.T.);
#7982=ADVANCED_FACE('',(#163),#7470,.T.);
#7983=ADVANCED_FACE('',(#164),#7471,.T.);
#7984=ADVANCED_FACE('',(#165),#7472,.T.);
#7985=ADVANCED_FACE('',(#166),#7473,.T.);
#7986=ADVANCED_FACE('',(#167),#7474,.T.);
#7987=ADVANCED_FACE('',(#168),#7475,.T.);
#7988=ADVANCED_FACE('',(#169),#7476,.T.);
#7989=ADVANCED_FACE('',(#170),#7477,.T.);
#7990=ADVANCED_FACE('',(#171),#7478,.T.);
#7991=ADVANCED_FACE('',(#172),#7479,.T.);
#7992=ADVANCED_FACE('',(#173),#7480,.T.);
#7993=ADVANCED_FACE('',(#174),#7481,.T.);
#7994=ADVANCED_FACE('',(#175),#7482,.T.);
#7995=ADVANCED_FACE('',(#176),#7483,.T.);
#7996=ADVANCED_FACE('',(#177),#7484,.T.);
#7997=ADVANCED_FACE('',(#178),#7485,.T.);
#7998=ADVANCED_FACE('',(#179),#7486,.T.);
#7999=ADVANCED_FACE('',(#180),#7487,.T.);
#8000=ADVANCED_FACE('',(#181),#7488,.T.);
#8001=ADVANCED_FACE('',(#182),#7489,.T.);
#8002=ADVANCED_FACE('',(#183),#7490,.T.);
#8003=ADVANCED_FACE('',(#184),#7491,.T.);
#8004=ADVANCED_FACE('',(#185),#7492,.T.);
#8005=ADVANCED_FACE('',(#186),#7493,.T.);
#8006=ADVANCED_FACE('',(#187),#7494,.T.);
#8007=ADVANCED_FACE('',(#188),#7495,.T.);
#8008=ADVANCED_FACE('',(#189),#7496,.T.);
#8009=ADVANCED_FACE('',(#190),#7497,.T.);
#8010=ADVANCED_FACE('',(#191),#7498,.T.);
#8011=ADVANCED_FACE('',(#192),#7499,.T.);
#8012=ADVANCED_FACE('',(#193),#7500,.T.);
#8013=ADVANCED_FACE('',(#194),#7501,.T.);
#8014=ADVANCED_FACE('',(#195),#7502,.T.);
#8015=ADVANCED_FACE('',(#196),#7503,.T.);
#8016=ADVANCED_FACE('',(#197),#7504,.T.);
#8017=ADVANCED_FACE('',(#198),#7505,.T.);
#8018=ADVANCED_FACE('',(#199),#7506,.T.);
#8019=ADVANCED_FACE('',(#200),#7507,.T.);
#8020=ADVANCED_FACE('',(#201),#7508,.T.);
#8021=ADVANCED_FACE('',(#202),#7509,.T.);
#8022=ADVANCED_FACE('',(#203),#7510,.T.);
#8023=ADVANCED_FACE('',(#204),#7511,.T.);
#8024=ADVANCED_FACE('',(#205),#7512,.T.);
#8025=ADVANCED_FACE('',(#206),#7513,.T.);
#8026=ADVANCED_FACE('',(#207),#7514,.T.);
#8027=ADVANCED_FACE('',(#208),#7515,.T.);
#8028=ADVANCED_FACE('',(#209),#7516,.T.);
#8029=ADVANCED_FACE('',(#210),#7517,.T.);
#8030=ADVANCED_FACE('',(#211),#7518,.T.);
#8031=ADVANCED_FACE('',(#212),#7519,.T.);
#8032=ADVANCED_FACE('',(#213),#7520,.T.);
#8033=ADVANCED_FACE('',(#214),#7521,.T.);
#8034=ADVANCED_FACE('',(#215),#7522,.T.);
#8035=ADVANCED_FACE('',(#216),#7523,.T.);
#8036=ADVANCED_FACE('',(#217),#7524,.T.);
#8037=ADVANCED_FACE('',(#218),#7525,.T.);
#8038=ADVANCED_FACE('',(#219),#7526,.T.);
#8039=ADVANCED_FACE('',(#220),#7527,.T.);
#8040=ADVANCED_FACE('',(#221),#7528,.T.);
#8041=ADVANCED_FACE('',(#222),#7529,.T.);
#8042=ADVANCED_FACE('',(#223),#7530,.T.);
#8043=ADVANCED_FACE('',(#224),#7531,.T.);
#8044=ADVANCED_FACE('',(#225),#7532,.T.);
#8045=ADVANCED_FACE('',(#226),#7533,.T.);
#8046=ADVANCED_FACE('',(#227),#7534,.T.);
#8047=ADVANCED_FACE('',(#228),#7535,.T.);
#8048=ADVANCED_FACE('',(#229),#7536,.T.);
#8049=ADVANCED_FACE('',(#230),#7537,.T.);
#8050=ADVANCED_FACE('',(#231),#7538,.T.);
#8051=ADVANCED_FACE('',(#232),#7539,.T.);
#8052=ADVANCED_FACE('',(#233),#7540,.T.);
#8053=ADVANCED_FACE('',(#234),#7541,.T.);
#8054=ADVANCED_FACE('',(#235),#7542,.T.);
#8055=ADVANCED_FACE('',(#236),#7543,.T.);
#8056=ADVANCED_FACE('',(#237),#7544,.T.);
#8057=ADVANCED_FACE('',(#238),#7545,.T.);
#8058=ADVANCED_FACE('',(#239),#7546,.T.);
#8059=ADVANCED_FACE('',(#240),#7547,.T.);
#8060=ADVANCED_FACE('',(#241),#7548,.T.);
#8061=ADVANCED_FACE('',(#242),#7549,.T.);
#8062=ADVANCED_FACE('',(#243),#7550,.T.);
#8063=ADVANCED_FACE('',(#244),#7551,.T.);
#8064=ADVANCED_FACE('',(#245),#7552,.T.);
#8065=ADVANCED_FACE('',(#246),#7553,.T.);
#8066=ADVANCED_FACE('',(#247),#7554,.T.);
#8067=ADVANCED_FACE('',(#248),#7555,.T.);
#8068=ADVANCED_FACE('',(#249),#7556,.T.);
#8069=ADVANCED_FACE('',(#250),#7557,.T.);
#8070=ADVANCED_FACE('',(#251),#7558,.T.);
#8071=ADVANCED_FACE('',(#252),#7559,.T.);
#8072=ADVANCED_FACE('',(#253),#7560,.T.);
#8073=ADVANCED_FACE('',(#254),#7561,.T.);
#8074=ADVANCED_FACE('',(#255),#7562,.T.);
#8075=ADVANCED_FACE('',(#256),#7563,.T.);
#8076=ADVANCED_FACE('',(#257),#7564,.T.);
#8077=ADVANCED_FACE('',(#258),#7565,.T.);
#8078=ADVANCED_FACE('',(#259),#7566,.T.);
#8079=ADVANCED_FACE('',(#260),#7567,.T.);
#8080=ADVANCED_FACE('',(#261),#7568,.T.);
#8081=ADVANCED_FACE('',(#262),#7569,.T.);
#8082=ADVANCED_FACE('',(#263),#7570,.T.);
#8083=ADVANCED_FACE('',(#264),#7571,.T.);
#8084=ADVANCED_FACE('',(#265),#7572,.T.);
#8085=ADVANCED_FACE('',(#266),#7573,.T.);
#8086=ADVANCED_FACE('',(#267),#7574,.T.);
#8087=ADVANCED_FACE('',(#268),#7575,.T.);
#8088=ADVANCED_FACE('',(#269),#7576,.T.);
#8089=ADVANCED_FACE('',(#270),#7577,.T.);
#8090=ADVANCED_FACE('',(#271),#7578,.T.);
#8091=ADVANCED_FACE('',(#272),#7579,.T.);
#8092=ADVANCED_FACE('',(#273),#7580,.T.);
#8093=ADVANCED_FACE('',(#274),#7581,.T.);
#8094=ADVANCED_FACE('',(#275),#7582,.T.);
#8095=ADVANCED_FACE('',(#276),#7583,.T.);
#8096=ADVANCED_FACE('',(#277),#7584,.T.);
#8097=ADVANCED_FACE('',(#278),#7585,.T.);
#8098=ADVANCED_FACE('',(#279),#7586,.T.);
#8099=ADVANCED_FACE('',(#280),#7587,.T.);
#8100=ADVANCED_FACE('',(#281),#7588,.T.);
#8101=ADVANCED_FACE('',(#282),#7589,.T.);
#8102=ADVANCED_FACE('',(#283),#7590,.T.);
#8103=ADVANCED_FACE('',(#284),#7591,.T.);
#8104=ADVANCED_FACE('',(#285),#7592,.T.);
#8105=ADVANCED_FACE('',(#286),#7593,.T.);
#8106=ADVANCED_FACE('',(#287),#7594,.T.);
#8107=ADVANCED_FACE('',(#288),#7595,.T.);
#8108=ADVANCED_FACE('',(#289),#7596,.T.);
#8109=ADVANCED_FACE('',(#290),#7597,.T.);
#8110=ADVANCED_FACE('',(#291),#7598,.T.);
#8111=ADVANCED_FACE('',(#292),#7599,.T.);
#8112=ADVANCED_FACE('',(#293),#7600,.T.);
#8113=ADVANCED_FACE('',(#294),#7601,.T.);
#8114=ADVANCED_FACE('',(#295),#7602,.T.);
#8115=ADVANCED_FACE('',(#296),#7603,.T.);
#8116=ADVANCED_FACE('',(#297),#7604,.T.);
#8117=ADVANCED_FACE('',(#298),#7605,.T.);
#8118=ADVANCED_FACE('',(#299),#7606,.T.);
#8119=ADVANCED_FACE('',(#300),#7607,.T.);
#8120=ADVANCED_FACE('',(#301),#7608,.T.);
#8121=ADVANCED_FACE('',(#302),#7609,.T.);
#8122=ADVANCED_FACE('',(#303),#7610,.T.);
#8123=ADVANCED_FACE('',(#304),#7611,.T.);
#8124=ADVANCED_FACE('',(#305),#7612,.T.);
#8125=ADVANCED_FACE('',(#306),#7613,.T.);
#8126=ADVANCED_FACE('',(#307),#7614,.T.);
#8127=ADVANCED_FACE('',(#308),#7615,.T.);
#8128=ADVANCED_FACE('',(#309),#7616,.T.);
#8129=ADVANCED_FACE('',(#310),#7617,.T.);
#8130=ADVANCED_FACE('',(#311),#7618,.T.);
#8131=ADVANCED_FACE('',(#312),#7619,.T.);
#8132=ADVANCED_FACE('',(#313),#7620,.T.);
#8133=ADVANCED_FACE('',(#314),#7621,.T.);
#8134=ADVANCED_FACE('',(#315),#7622,.T.);
#8135=ADVANCED_FACE('',(#316),#7623,.T.);
#8136=ADVANCED_FACE('',(#317),#7624,.T.);
#8137=ADVANCED_FACE('',(#318),#7625,.T.);
#8138=ADVANCED_FACE('',(#319),#7626,.T.);
#8139=ADVANCED_FACE('',(#320),#7627,.T.);
#8140=ADVANCED_FACE('',(#321),#7628,.T.);
#8141=ADVANCED_FACE('',(#322),#7629,.T.);
#8142=ADVANCED_FACE('',(#323),#7630,.T.);
#8143=ADVANCED_FACE('',(#324),#7631,.T.);
#8144=ADVANCED_FACE('',(#325),#7632,.T.);
#8145=ADVANCED_FACE('',(#326),#7633,.T.);
#8146=ADVANCED_FACE('',(#327),#7634,.T.);
#8147=ADVANCED_FACE('',(#328),#7635,.T.);
#8148=ADVANCED_FACE('',(#329),#7636,.T.);
#8149=ADVANCED_FACE('',(#330),#7637,.T.);
#8150=ADVANCED_FACE('',(#331),#7638,.T.);
#8151=ADVANCED_FACE('',(#332),#7639,.T.);
#8152=ADVANCED_FACE('',(#333),#7640,.T.);
#8153=ADVANCED_FACE('',(#334),#7641,.T.);
#8154=ADVANCED_FACE('',(#335),#7642,.T.);
#8155=ADVANCED_FACE('',(#336),#7643,.T.);
#8156=ADVANCED_FACE('',(#337),#7644,.T.);
#8157=ADVANCED_FACE('',(#338),#7645,.T.);
#8158=ADVANCED_FACE('',(#339),#7646,.T.);
#8159=ADVANCED_FACE('',(#340),#7647,.T.);
#8160=ADVANCED_FACE('',(#341),#7648,.T.);
#8161=ADVANCED_FACE('',(#342),#7649,.T.);
#8162=ADVANCED_FACE('',(#343),#7650,.T.);
#8163=ADVANCED_FACE('',(#344),#7651,.T.);
#8164=ADVANCED_FACE('',(#345),#7652,.T.);
#8165=ADVANCED_FACE('',(#346),#7653,.T.);
#8166=ADVANCED_FACE('',(#347),#7654,.T.);
#8167=ADVANCED_FACE('',(#348),#7655,.T.);
#8168=ADVANCED_FACE('',(#349),#7656,.T.);
#8169=ADVANCED_FACE('',(#350),#7657,.T.);
#8170=ADVANCED_FACE('',(#351),#7658,.T.);
#8171=ADVANCED_FACE('',(#352),#7659,.T.);
#8172=ADVANCED_FACE('',(#353),#7660,.T.);
#8173=ADVANCED_FACE('',(#354),#7661,.T.);
#8174=ADVANCED_FACE('',(#355),#7662,.T.);
#8175=ADVANCED_FACE('',(#356),#7663,.T.);
#8176=ADVANCED_FACE('',(#357),#7664,.T.);
#8177=ADVANCED_FACE('',(#358),#7665,.T.);
#8178=ADVANCED_FACE('',(#359),#7666,.T.);
#8179=ADVANCED_FACE('',(#360),#7667,.T.);
#8180=ADVANCED_FACE('',(#361),#7668,.T.);
#8181=ADVANCED_FACE('',(#362),#7669,.T.);
#8182=ADVANCED_FACE('',(#363),#7670,.T.);
#8183=ADVANCED_FACE('',(#364),#7671,.T.);
#8184=ADVANCED_FACE('',(#365),#7672,.T.);
#8185=ADVANCED_FACE('',(#366),#7673,.T.);
#8186=ADVANCED_FACE('',(#367),#7674,.T.);
#8187=ADVANCED_FACE('',(#368),#7675,.T.);
#8188=ADVANCED_FACE('',(#369),#7676,.T.);
#8189=ADVANCED_FACE('',(#370),#7677,.T.);
#8190=ADVANCED_FACE('',(#371),#7678,.T.);
#8191=ADVANCED_FACE('',(#372),#7679,.T.);
#8192=ADVANCED_FACE('',(#373),#7680,.T.);
#8193=ADVANCED_FACE('',(#374),#7681,.T.);
#8194=ADVANCED_FACE('',(#375),#7682,.T.);
#8195=ADVANCED_FACE('',(#376),#7683,.T.);
#8196=ADVANCED_FACE('',(#377),#7684,.T.);
#8197=ADVANCED_FACE('',(#378),#7685,.T.);
#8198=ADVANCED_FACE('',(#379),#7686,.T.);
#8199=ADVANCED_FACE('',(#380),#7687,.T.);
#8200=ADVANCED_FACE('',(#381),#7688,.T.);
#8201=ADVANCED_FACE('',(#382),#7689,.T.);
#8202=ADVANCED_FACE('',(#383),#7690,.T.);
#8203=ADVANCED_FACE('',(#384),#7691,.T.);
#8204=ADVANCED_FACE('',(#385),#7692,.T.);
#8205=ADVANCED_FACE('',(#386),#7693,.T.);
#8206=ADVANCED_FACE('',(#387),#7694,.T.);
#8207=ADVANCED_FACE('',(#388),#7695,.T.);
#8208=ADVANCED_FACE('',(#389),#7696,.T.);
#8209=ADVANCED_FACE('',(#390),#7697,.T.);
#8210=ADVANCED_FACE('',(#391),#7698,.T.);
#8211=ADVANCED_FACE('',(#392),#7699,.T.);
#8212=ADVANCED_FACE('',(#393),#7700,.T.);
#8213=ADVANCED_FACE('',(#394),#7701,.T.);
#8214=ADVANCED_FACE('',(#395),#7702,.T.);
#8215=ADVANCED_FACE('',(#396),#7703,.T.);
#8216=ADVANCED_FACE('',(#397),#7704,.T.);
#8217=ADVANCED_FACE('',(#398),#7705,.T.);
#8218=ADVANCED_FACE('',(#399),#7706,.T.);
#8219=ADVANCED_FACE('',(#400),#7707,.T.);
#8220=ADVANCED_FACE('',(#401),#7708,.T.);
#8221=ADVANCED_FACE('',(#402),#7709,.T.);
#8222=ADVANCED_FACE('',(#403),#7710,.T.);
#8223=ADVANCED_FACE('',(#404),#7711,.T.);
#8224=ADVANCED_FACE('',(#405),#7712,.T.);
#8225=ADVANCED_FACE('',(#406),#7713,.T.);
#8226=ADVANCED_FACE('',(#407),#7714,.T.);
#8227=ADVANCED_FACE('',(#408),#7715,.T.);
#8228=ADVANCED_FACE('',(#409),#7716,.T.);
#8229=ADVANCED_FACE('',(#410),#7717,.T.);
#8230=ADVANCED_FACE('',(#411),#7718,.T.);
#8231=ADVANCED_FACE('',(#412),#7719,.T.);
#8232=ADVANCED_FACE('',(#413),#7720,.T.);
#8233=ADVANCED_FACE('',(#414),#7721,.T.);
#8234=ADVANCED_FACE('',(#415),#7722,.T.);
#8235=ADVANCED_FACE('',(#416),#7723,.T.);
#8236=ADVANCED_FACE('',(#417),#7724,.T.);
#8237=ADVANCED_FACE('',(#418),#7725,.T.);
#8238=ADVANCED_FACE('',(#419),#7726,.T.);
#8239=ADVANCED_FACE('',(#420),#7727,.T.);
#8240=ADVANCED_FACE('',(#421),#7728,.T.);
#8241=ADVANCED_FACE('',(#422),#7729,.T.);
#8242=ADVANCED_FACE('',(#423),#7730,.T.);
#8243=ADVANCED_FACE('',(#424),#7731,.T.);
#8244=ADVANCED_FACE('',(#425),#7732,.T.);
#8245=ADVANCED_FACE('',(#426),#7733,.T.);
#8246=ADVANCED_FACE('',(#427),#7734,.T.);
#8247=ADVANCED_FACE('',(#428),#7735,.T.);
#8248=ADVANCED_FACE('',(#429),#7736,.T.);
#8249=ADVANCED_FACE('',(#430),#7737,.T.);
#8250=ADVANCED_FACE('',(#431),#7738,.T.);
#8251=ADVANCED_FACE('',(#432),#7739,.T.);
#8252=ADVANCED_FACE('',(#433),#7740,.T.);
#8253=ADVANCED_FACE('',(#434),#7741,.T.);
#8254=ADVANCED_FACE('',(#435),#7742,.T.);
#8255=ADVANCED_FACE('',(#436),#7743,.T.);
#8256=ADVANCED_FACE('',(#437),#7744,.T.);
#8257=ADVANCED_FACE('',(#438),#7745,.T.);
#8258=ADVANCED_FACE('',(#439),#7746,.T.);
#8259=ADVANCED_FACE('',(#440),#7747,.T.);
#8260=ADVANCED_FACE('',(#441),#7748,.T.);
#8261=ADVANCED_FACE('',(#442),#7749,.T.);
#8262=ADVANCED_FACE('',(#443),#7750,.T.);
#8263=ADVANCED_FACE('',(#444),#7751,.T.);
#8264=ADVANCED_FACE('',(#445),#7752,.T.);
#8265=ADVANCED_FACE('',(#446),#7753,.T.);
#8266=ADVANCED_FACE('',(#447),#7754,.T.);
#8267=ADVANCED_FACE('',(#448),#7755,.T.);
#8268=ADVANCED_FACE('',(#449),#7756,.T.);
#8269=ADVANCED_FACE('',(#450),#7757,.T.);
#8270=ADVANCED_FACE('',(#451),#7758,.T.);
#8271=ADVANCED_FACE('',(#452),#7759,.T.);
#8272=ADVANCED_FACE('',(#453),#7760,.T.);
#8273=ADVANCED_FACE('',(#454),#7761,.T.);
#8274=ADVANCED_FACE('',(#455),#7762,.T.);
#8275=ADVANCED_FACE('',(#456),#7763,.T.);
#8276=ADVANCED_FACE('',(#457),#7764,.T.);
#8277=ADVANCED_FACE('',(#458),#7765,.T.);
#8278=ADVANCED_FACE('',(#459),#7766,.T.);
#8279=ADVANCED_FACE('',(#460),#7767,.T.);
#8280=ADVANCED_FACE('',(#461),#7768,.T.);
#8281=ADVANCED_FACE('',(#462),#7769,.T.);
#8282=ADVANCED_FACE('',(#463),#7770,.T.);
#8283=ADVANCED_FACE('',(#464),#7771,.T.);
#8284=ADVANCED_FACE('',(#465),#7772,.T.);
#8285=ADVANCED_FACE('',(#466),#7773,.T.);
#8286=ADVANCED_FACE('',(#467),#7774,.T.);
#8287=ADVANCED_FACE('',(#468),#7775,.T.);
#8288=ADVANCED_FACE('',(#469),#7776,.T.);
#8289=ADVANCED_FACE('',(#470),#7777,.T.);
#8290=ADVANCED_FACE('',(#471),#7778,.T.);
#8291=ADVANCED_FACE('',(#472),#7779,.T.);
#8292=ADVANCED_FACE('',(#473),#7780,.T.);
#8293=ADVANCED_FACE('',(#474),#7781,.T.);
#8294=ADVANCED_FACE('',(#475),#7782,.T.);
#8295=ADVANCED_FACE('',(#476),#7783,.T.);
#8296=ADVANCED_FACE('',(#477),#7784,.T.);
#8297=ADVANCED_FACE('',(#478),#7785,.T.);
#8298=ADVANCED_FACE('',(#479),#7786,.T.);
#8299=ADVANCED_FACE('',(#480),#7787,.T.);
#8300=ADVANCED_FACE('',(#481),#7788,.T.);
#8301=ADVANCED_FACE('',(#482),#7789,.T.);
#8302=ADVANCED_FACE('',(#483),#7790,.T.);
#8303=ADVANCED_FACE('',(#484),#7791,.T.);
#8304=ADVANCED_FACE('',(#485),#7792,.T.);
#8305=ADVANCED_FACE('',(#486),#7793,.T.);
#8306=ADVANCED_FACE('',(#487),#7794,.T.);
#8307=ADVANCED_FACE('',(#488),#7795,.T.);
#8308=ADVANCED_FACE('',(#489),#7796,.T.);
#8309=ADVANCED_FACE('',(#490),#7797,.T.);
#8310=ADVANCED_FACE('',(#491),#7798,.T.);
#8311=ADVANCED_FACE('',(#492),#7799,.T.);
#8312=ADVANCED_FACE('',(#493),#7800,.T.);
#8313=ADVANCED_FACE('',(#494),#7801,.T.);
#8314=ADVANCED_FACE('',(#495),#7802,.T.);
#8315=ADVANCED_FACE('',(#496),#7803,.T.);
#8316=ADVANCED_FACE('',(#497),#7804,.T.);
#8317=ADVANCED_FACE('',(#498),#7805,.T.);
#8318=ADVANCED_FACE('',(#499),#7806,.T.);
#8319=ADVANCED_FACE('',(#500),#7807,.T.);
#8320=ADVANCED_FACE('',(#501),#7808,.T.);
#8321=ADVANCED_FACE('',(#502),#7809,.T.);
#8322=ADVANCED_FACE('',(#503),#7810,.T.);
#8323=ADVANCED_FACE('',(#504),#7811,.T.);
#8324=ADVANCED_FACE('',(#505),#7812,.T.);
#8325=ADVANCED_FACE('',(#506),#7813,.T.);
#8326=ADVANCED_FACE('',(#507),#7814,.T.);
#8327=ADVANCED_FACE('',(#508),#7815,.T.);
#8328=ADVANCED_FACE('',(#509),#7816,.T.);
#8329=ADVANCED_FACE('',(#510),#7817,.T.);
#8330=ADVANCED_FACE('',(#511),#7818,.T.);
#8331=ADVANCED_FACE('',(#512),#7819,.T.);
#8332=ADVANCED_FACE('',(#513),#7820,.T.);
#8333=ADVANCED_FACE('',(#514),#7821,.T.);
#8334=ADVANCED_FACE('',(#515),#7822,.T.);
#8335=ADVANCED_FACE('',(#516),#7823,.T.);
#8336=ADVANCED_FACE('',(#517),#7824,.T.);
#8337=ADVANCED_FACE('',(#518),#7825,.T.);
#8338=ADVANCED_FACE('',(#519),#7826,.T.);
#8339=ADVANCED_FACE('',(#520),#7827,.T.);
#8340=ADVANCED_FACE('',(#521),#7828,.T.);
#8341=ADVANCED_FACE('',(#522),#7829,.T.);
#8342=ADVANCED_FACE('',(#523),#7830,.T.);
#8343=ADVANCED_FACE('',(#524),#7831,.T.);
#8344=ADVANCED_FACE('',(#525),#7832,.T.);
#8345=ADVANCED_FACE('',(#526),#7833,.T.);
#8346=ADVANCED_FACE('',(#527),#7834,.T.);
#8347=ADVANCED_FACE('',(#528),#7835,.T.);
#8348=ADVANCED_FACE('',(#529),#7836,.T.);
#8349=ADVANCED_FACE('',(#530),#7837,.T.);
#8350=ADVANCED_FACE('',(#531),#7838,.T.);
#8351=ADVANCED_FACE('',(#532),#7839,.T.);
#8352=ADVANCED_FACE('',(#533),#7840,.T.);
#8353=ADVANCED_FACE('',(#534),#7841,.T.);
#8354=ADVANCED_FACE('',(#535),#7842,.T.);
#8355=ADVANCED_FACE('',(#536),#7843,.T.);
#8356=ADVANCED_FACE('',(#537),#7844,.T.);
#8357=ADVANCED_FACE('',(#538),#7845,.T.);
#8358=ADVANCED_FACE('',(#539),#7846,.T.);
#8359=ADVANCED_FACE('',(#540),#7847,.T.);
#8360=ADVANCED_FACE('',(#541),#7848,.T.);
#8361=ADVANCED_FACE('',(#542),#7849,.T.);
#8362=ADVANCED_FACE('',(#543),#7850,.T.);
#8363=ADVANCED_FACE('',(#544),#7851,.T.);
#8364=ADVANCED_FACE('',(#545),#7852,.T.);
#8365=ADVANCED_FACE('',(#546),#7853,.T.);
#8366=ADVANCED_FACE('',(#547),#7854,.T.);
#8367=ADVANCED_FACE('',(#548),#7855,.T.);
#8368=ADVANCED_FACE('',(#549),#7856,.T.);
#8369=ADVANCED_FACE('',(#550),#7857,.T.);
#8370=ADVANCED_FACE('',(#551),#7858,.T.);
#8371=ADVANCED_FACE('',(#552),#7859,.T.);
#8372=CLOSED_SHELL('',(#7860,#7861,#7862,#7863,#7864,#7865,#7866,#7867,
#7868,#7869,#7870,#7871,#7872,#7873,#7874,#7875,#7876,#7877,#7878,#7879,
#7880,#7881,#7882,#7883,#7884,#7885,#7886,#7887,#7888,#7889,#7890,#7891,
#7892,#7893,#7894,#7895,#7896,#7897,#7898,#7899,#7900,#7901,#7902,#7903,
#7904,#7905,#7906,#7907,#7908,#7909,#7910,#7911,#7912,#7913,#7914,#7915,
#7916,#7917,#7918,#7919,#7920,#7921,#7922,#7923,#7924,#7925,#7926,#7927,
#7928,#7929,#7930,#7931,#7932,#7933,#7934,#7935,#7936,#7937,#7938,#7939,
#7940,#7941,#7942,#7943,#7944,#7945,#7946,#7947,#7948,#7949,#7950,#7951,
#7952,#7953,#7954,#7955,#7956,#7957,#7958,#7959,#7960,#7961,#7962,#7963,
#7964,#7965,#7966,#7967,#7968,#7969,#7970,#7971,#7972,#7973,#7974,#7975,
#7976,#7977,#7978,#7979,#7980,#7981,#7982,#7983,#7984,#7985,#7986,#7987,
#7988,#7989,#7990,#7991,#7992,#7993,#7994,#7995,#7996,#7997,#7998,#7999,
#8000,#8001,#8002,#8003,#8004,#8005,#8006,#8007,#8008,#8009,#8010,#8011,
#8012,#8013,#8014,#8015,#8016,#8017,#8018,#8019,#8020,#8021,#8022,#8023,
#8024,#8025,#8026,#8027,#8028,#8029,#8030,#8031,#8032,#8033,#8034,#8035,
#8036,#8037,#8038,#8039,#8040,#8041,#8042,#8043,#8044,#8045,#8046,#8047,
#8048,#8049,#8050,#8051,#8052,#8053,#8054,#8055,#8056,#8057,#8058,#8059,
#8060,#8061,#8062,#8063,#8064,#8065,#8066,#8067,#8068,#8069,#8070,#8071,
#8072,#8073,#8074,#8075,#8076,#8077,#8078,#8079,#8080,#8081,#8082,#8083,
#8084,#8085,#8086,#8087,#8088,#8089,#8090,#8091,#8092,#8093,#8094,#8095,
#8096,#8097,#8098,#8099,#8100,#8101,#8102,#8103,#8104,#8105,#8106,#8107,
#8108,#8109,#8110,#8111,#8112,#8113,#8114,#8115,#8116,#8117,#8118,#8119,
#8120,#8121,#8122,#8123,#8124,#8125,#8126,#8127,#8128,#8129,#8130,#8131,
#8132,#8133,#8134,#8135,#8136,#8137,#8138,#8139,#8140,#8141,#8142,#8143,
#8144,#8145,#8146,#8147,#8148,#8149,#8150,#8151,#8152,#8153,#8154,#8155,
#8156,#8157,#8158,#8159,#8160,#8161,#8162,#8163,#8164,#8165,#8166,#8167,
#8168,#8169,#8170,#8171,#8172,#8173,#8174,#8175,#8176,#8177,#8178,#8179,
#8180,#8181,#8182,#8183,#8184,#8185,#8186,#8187,#8188,#8189,#8190,#8191,
#8192,#8193,#8194,#8195,#8196,#8197,#8198,#8199,#8200,#8201,#8202,#8203,
#8204,#8205,#8206,#8207,#8208,#8209,#8210,#8211,#8212,#8213,#8214,#8215,
#8216,#8217,#8218,#8219,#8220,#8221,#8222,#8223,#8224,#8225,#8226,#8227,
#8228,#8229,#8230,#8231,#8232,#8233,#8234,#8235,#8236,#8237,#8238,#8239,
#8240,#8241,#8242,#8243,#8244,#8245,#8246,#8247,#8248,#8249,#8250,#8251,
#8252,#8253,#8254,#8255,#8256,#8257,#8258,#8259,#8260,#8261,#8262,#8263,
#8264,#8265,#8266,#8267,#8268,#8269,#8270,#8271,#8272,#8273,#8274,#8275,
#8276,#8277,#8278,#8279,#8280,#8281,#8282,#8283,#8284,#8285,#8286,#8287,
#8288,#8289,#8290,#8291,#8292,#8293,#8294,#8295,#8296,#8297,#8298,#8299,
#8300,#8301,#8302,#8303,#8304,#8305,#8306,#8307,#8308,#8309,#8310,#8311,
#8312,#8313,#8314,#8315,#8316,#8317,#8318,#8319,#8320,#8321,#8322,#8323,
#8324,#8325,#8326,#8327,#8328,#8329,#8330,#8331,#8332,#8333,#8334,#8335,
#8336,#8337,#8338,#8339,#8340,#8341,#8342,#8343,#8344,#8345,#8346,#8347,
#8348,#8349,#8350,#8351,#8352,#8353,#8354,#8355,#8356,#8357,#8358,#8359,
#8360,#8361,#8362,#8363,#8364,#8365,#8366,#8367,#8368,#8369,#8370,#8371));
#8373=DERIVED_UNIT_ELEMENT(#8375,1.);
#8374=DERIVED_UNIT_ELEMENT(#13388,-3.);
#8375=(
MASS_UNIT()
NAMED_UNIT(*)
SI_UNIT(.KILO.,.GRAM.)
);
#8376=DERIVED_UNIT((#8373,#8374));
#8377=MEASURE_REPRESENTATION_ITEM('density measure',
POSITIVE_RATIO_MEASURE(7850.),#8376);
#8378=PROPERTY_DEFINITION_REPRESENTATION(#8383,#8380);
#8379=PROPERTY_DEFINITION_REPRESENTATION(#8384,#8381);
#8380=REPRESENTATION('material name',(#8382),#13385);
#8381=REPRESENTATION('density',(#8377),#13385);
#8382=DESCRIPTIVE_REPRESENTATION_ITEM('Steel','Steel');
#8383=PROPERTY_DEFINITION('material property','material name',#13395);
#8384=PROPERTY_DEFINITION('material property','density of part',#13395);
#8385=AXIS2_PLACEMENT_3D('',#11102,#8917,#8918);
#8386=AXIS2_PLACEMENT_3D('',#11103,#8919,#8920);
#8387=AXIS2_PLACEMENT_3D('',#11112,#8925,#8926);
#8388=AXIS2_PLACEMENT_3D('',#11180,#8961,#8962);
#8389=AXIS2_PLACEMENT_3D('',#11186,#8966,#8967);
#8390=AXIS2_PLACEMENT_3D('',#11392,#9070,#9071);
#8391=AXIS2_PLACEMENT_3D('',#11396,#9073,#9074);
#8392=AXIS2_PLACEMENT_3D('',#11398,#9075,#9076);
#8393=AXIS2_PLACEMENT_3D('',#11400,#9077,#9078);
#8394=AXIS2_PLACEMENT_3D('',#11474,#9116,#9117);
#8395=AXIS2_PLACEMENT_3D('',#11476,#9119,#9120);
#8396=AXIS2_PLACEMENT_3D('',#11482,#9124,#9125);
#8397=AXIS2_PLACEMENT_3D('',#11488,#9129,#9130);
#8398=AXIS2_PLACEMENT_3D('',#11492,#9133,#9134);
#8399=AXIS2_PLACEMENT_3D('',#11598,#9187,#9188);
#8400=AXIS2_PLACEMENT_3D('',#11600,#9189,#9190);
#8401=AXIS2_PLACEMENT_3D('',#11604,#9192,#9193);
#8402=AXIS2_PLACEMENT_3D('',#11656,#9220,#9221);
#8403=AXIS2_PLACEMENT_3D('',#11661,#9225,#9226);
#8404=AXIS2_PLACEMENT_3D('',#11665,#9229,#9230);
#8405=AXIS2_PLACEMENT_3D('',#11670,#9234,#9235);
#8406=AXIS2_PLACEMENT_3D('',#11675,#9239,#9240);
#8407=AXIS2_PLACEMENT_3D('',#11680,#9244,#9245);
#8408=AXIS2_PLACEMENT_3D('',#11685,#9249,#9250);
#8409=AXIS2_PLACEMENT_3D('',#11690,#9254,#9255);
#8410=AXIS2_PLACEMENT_3D('',#11695,#9259,#9260);
#8411=AXIS2_PLACEMENT_3D('',#11700,#9264,#9265);
#8412=AXIS2_PLACEMENT_3D('',#11705,#9269,#9270);
#8413=AXIS2_PLACEMENT_3D('',#11710,#9274,#9275);
#8414=AXIS2_PLACEMENT_3D('',#11712,#9277,#9278);
#8415=AXIS2_PLACEMENT_3D('',#11714,#9280,#9281);
#8416=AXIS2_PLACEMENT_3D('',#11716,#9283,#9284);
#8417=AXIS2_PLACEMENT_3D('',#11718,#9286,#9287);
#8418=AXIS2_PLACEMENT_3D('',#11720,#9289,#9290);
#8419=AXIS2_PLACEMENT_3D('',#11722,#9292,#9293);
#8420=AXIS2_PLACEMENT_3D('',#11724,#9295,#9296);
#8421=AXIS2_PLACEMENT_3D('',#11726,#9298,#9299);
#8422=AXIS2_PLACEMENT_3D('',#11728,#9301,#9302);
#8423=AXIS2_PLACEMENT_3D('',#11730,#9304,#9305);
#8424=AXIS2_PLACEMENT_3D('',#11732,#9307,#9308);
#8425=AXIS2_PLACEMENT_3D('',#11734,#9310,#9311);
#8426=AXIS2_PLACEMENT_3D('',#11738,#9314,#9315);
#8427=AXIS2_PLACEMENT_3D('',#11742,#9318,#9319);
#8428=AXIS2_PLACEMENT_3D('',#11750,#9324,#9325);
#8429=AXIS2_PLACEMENT_3D('',#11754,#9328,#9329);
#8430=AXIS2_PLACEMENT_3D('',#11758,#9332,#9333);
#8431=AXIS2_PLACEMENT_3D('',#11762,#9336,#9337);
#8432=AXIS2_PLACEMENT_3D('',#11766,#9340,#9341);
#8433=AXIS2_PLACEMENT_3D('',#11770,#9344,#9345);
#8434=AXIS2_PLACEMENT_3D('',#11774,#9348,#9349);
#8435=AXIS2_PLACEMENT_3D('',#11778,#9352,#9353);
#8436=AXIS2_PLACEMENT_3D('',#11782,#9356,#9357);
#8437=AXIS2_PLACEMENT_3D('',#11786,#9360,#9361);
#8438=AXIS2_PLACEMENT_3D('',#11790,#9364,#9365);
#8439=AXIS2_PLACEMENT_3D('',#11794,#9368,#9369);
#8440=AXIS2_PLACEMENT_3D('',#11800,#9373,#9374);
#8441=AXIS2_PLACEMENT_3D('',#11805,#9378,#9379);
#8442=AXIS2_PLACEMENT_3D('',#11808,#9382,#9383);
#8443=AXIS2_PLACEMENT_3D('',#11813,#9386,#9387);
#8444=AXIS2_PLACEMENT_3D('',#11817,#9389,#9390);
#8445=AXIS2_PLACEMENT_3D('',#11820,#9392,#9393);
#8446=AXIS2_PLACEMENT_3D('',#11824,#9395,#9396);
#8447=AXIS2_PLACEMENT_3D('',#11826,#9398,#9399);
#8448=AXIS2_PLACEMENT_3D('',#11833,#9404,#9405);
#8449=AXIS2_PLACEMENT_3D('',#11836,#9408,#9409);
#8450=AXIS2_PLACEMENT_3D('',#11838,#9411,#9412);
#8451=AXIS2_PLACEMENT_3D('',#11840,#9414,#9415);
#8452=AXIS2_PLACEMENT_3D('',#11842,#9417,#9418);
#8453=AXIS2_PLACEMENT_3D('',#11844,#9420,#9421);
#8454=AXIS2_PLACEMENT_3D('',#11846,#9423,#9424);
#8455=AXIS2_PLACEMENT_3D('',#11848,#9426,#9427);
#8456=AXIS2_PLACEMENT_3D('',#11850,#9429,#9430);
#8457=AXIS2_PLACEMENT_3D('',#11852,#9432,#9433);
#8458=AXIS2_PLACEMENT_3D('',#11854,#9435,#9436);
#8459=AXIS2_PLACEMENT_3D('',#11856,#9438,#9439);
#8460=AXIS2_PLACEMENT_3D('',#11858,#9441,#9442);
#8461=AXIS2_PLACEMENT_3D('',#11860,#9444,#9445);
#8462=AXIS2_PLACEMENT_3D('',#11862,#9447,#9448);
#8463=AXIS2_PLACEMENT_3D('',#11866,#9451,#9452);
#8464=AXIS2_PLACEMENT_3D('',#11869,#9455,#9456);
#8465=AXIS2_PLACEMENT_3D('',#11871,#9458,#9459);
#8466=AXIS2_PLACEMENT_3D('',#11878,#9464,#9465);
#8467=AXIS2_PLACEMENT_3D('',#11881,#9468,#9469);
#8468=AXIS2_PLACEMENT_3D('',#11888,#9474,#9475);
#8469=AXIS2_PLACEMENT_3D('',#11893,#9479,#9480);
#8470=AXIS2_PLACEMENT_3D('',#11898,#9484,#9485);
#8471=AXIS2_PLACEMENT_3D('',#11905,#9490,#9491);
#8472=AXIS2_PLACEMENT_3D('',#11912,#9496,#9497);
#8473=AXIS2_PLACEMENT_3D('',#11914,#9498,#9499);
#8474=AXIS2_PLACEMENT_3D('',#11916,#9500,#9501);
#8475=AXIS2_PLACEMENT_3D('',#11918,#9503,#9504);
#8476=AXIS2_PLACEMENT_3D('',#11920,#9505,#9506);
#8477=AXIS2_PLACEMENT_3D('',#11923,#9508,#9509);
#8478=AXIS2_PLACEMENT_3D('',#11924,#9510,#9511);
#8479=AXIS2_PLACEMENT_3D('',#11926,#9512,#9513);
#8480=AXIS2_PLACEMENT_3D('',#11931,#9516,#9517);
#8481=AXIS2_PLACEMENT_3D('',#11932,#9518,#9519);
#8482=AXIS2_PLACEMENT_3D('',#11934,#9520,#9521);
#8483=AXIS2_PLACEMENT_3D('',#11939,#9524,#9525);
#8484=AXIS2_PLACEMENT_3D('',#11940,#9526,#9527);
#8485=AXIS2_PLACEMENT_3D('',#12082,#9599,#9600);
#8486=AXIS2_PLACEMENT_3D('',#12091,#9606,#9607);
#8487=AXIS2_PLACEMENT_3D('',#12095,#9610,#9611);
#8488=AXIS2_PLACEMENT_3D('',#12097,#9613,#9614);
#8489=AXIS2_PLACEMENT_3D('',#12103,#9618,#9619);
#8490=AXIS2_PLACEMENT_3D('',#12107,#9622,#9623);
#8491=AXIS2_PLACEMENT_3D('',#12111,#9626,#9627);
#8492=AXIS2_PLACEMENT_3D('',#12115,#9630,#9631);
#8493=AXIS2_PLACEMENT_3D('',#12117,#9633,#9634);
#8494=AXIS2_PLACEMENT_3D('',#12124,#9638,#9639);
#8495=AXIS2_PLACEMENT_3D('',#12130,#9643,#9644);
#8496=AXIS2_PLACEMENT_3D('',#12134,#9647,#9648);
#8497=AXIS2_PLACEMENT_3D('',#12357,#9762,#9763);
#8498=AXIS2_PLACEMENT_3D('',#12361,#9766,#9767);
#8499=AXIS2_PLACEMENT_3D('',#12363,#9769,#9770);
#8500=AXIS2_PLACEMENT_3D('',#12365,#9772,#9773);
#8501=AXIS2_PLACEMENT_3D('',#12370,#9777,#9778);
#8502=AXIS2_PLACEMENT_3D('',#12372,#9780,#9781);
#8503=AXIS2_PLACEMENT_3D('',#12374,#9783,#9784);
#8504=AXIS2_PLACEMENT_3D('',#12376,#9786,#9787);
#8505=AXIS2_PLACEMENT_3D('',#12380,#9790,#9791);
#8506=AXIS2_PLACEMENT_3D('',#12383,#9794,#9795);
#8507=AXIS2_PLACEMENT_3D('',#12386,#9798,#9799);
#8508=AXIS2_PLACEMENT_3D('',#12389,#9802,#9803);
#8509=AXIS2_PLACEMENT_3D('',#12391,#9805,#9806);
#8510=AXIS2_PLACEMENT_3D('',#12394,#9809,#9810);
#8511=AXIS2_PLACEMENT_3D('',#12396,#9812,#9813);
#8512=AXIS2_PLACEMENT_3D('',#12397,#9814,#9815);
#8513=AXIS2_PLACEMENT_3D('',#12400,#9818,#9819);
#8514=AXIS2_PLACEMENT_3D('',#12403,#9822,#9823);
#8515=AXIS2_PLACEMENT_3D('',#12405,#9825,#9826);
#8516=AXIS2_PLACEMENT_3D('',#12408,#9829,#9830);
#8517=AXIS2_PLACEMENT_3D('',#12410,#9832,#9833);
#8518=AXIS2_PLACEMENT_3D('',#12413,#9836,#9837);
#8519=AXIS2_PLACEMENT_3D('',#12415,#9839,#9840);
#8520=AXIS2_PLACEMENT_3D('',#12417,#9842,#9843);
#8521=AXIS2_PLACEMENT_3D('',#12420,#9846,#9847);
#8522=AXIS2_PLACEMENT_3D('',#12423,#9850,#9851);
#8523=AXIS2_PLACEMENT_3D('',#12426,#9854,#9855);
#8524=AXIS2_PLACEMENT_3D('',#12429,#9858,#9859);
#8525=AXIS2_PLACEMENT_3D('',#12432,#9862,#9863);
#8526=AXIS2_PLACEMENT_3D('',#12434,#9865,#9866);
#8527=AXIS2_PLACEMENT_3D('',#12437,#9869,#9870);
#8528=AXIS2_PLACEMENT_3D('',#12439,#9872,#9873);
#8529=AXIS2_PLACEMENT_3D('',#12440,#9874,#9875);
#8530=AXIS2_PLACEMENT_3D('',#12442,#9877,#9878);
#8531=AXIS2_PLACEMENT_3D('',#12445,#9881,#9882);
#8532=AXIS2_PLACEMENT_3D('',#12447,#9884,#9885);
#8533=AXIS2_PLACEMENT_3D('',#12449,#9887,#9888);
#8534=AXIS2_PLACEMENT_3D('',#12452,#9891,#9892);
#8535=AXIS2_PLACEMENT_3D('',#12453,#9893,#9894);
#8536=AXIS2_PLACEMENT_3D('',#12456,#9897,#9898);
#8537=AXIS2_PLACEMENT_3D('',#12458,#9900,#9901);
#8538=AXIS2_PLACEMENT_3D('',#12460,#9903,#9904);
#8539=AXIS2_PLACEMENT_3D('',#12462,#9906,#9907);
#8540=AXIS2_PLACEMENT_3D('',#12464,#9909,#9910);
#8541=AXIS2_PLACEMENT_3D('',#12465,#9911,#9912);
#8542=AXIS2_PLACEMENT_3D('',#12468,#9915,#9916);
#8543=AXIS2_PLACEMENT_3D('',#12471,#9919,#9920);
#8544=AXIS2_PLACEMENT_3D('',#12473,#9922,#9923);
#8545=AXIS2_PLACEMENT_3D('',#12474,#9924,#9925);
#8546=AXIS2_PLACEMENT_3D('',#12477,#9928,#9929);
#8547=AXIS2_PLACEMENT_3D('',#12479,#9931,#9932);
#8548=AXIS2_PLACEMENT_3D('',#12480,#9933,#9934);
#8549=AXIS2_PLACEMENT_3D('',#12482,#9936,#9937);
#8550=AXIS2_PLACEMENT_3D('',#12483,#9938,#9939);
#8551=AXIS2_PLACEMENT_3D('',#12484,#9940,#9941);
#8552=AXIS2_PLACEMENT_3D('',#12486,#9943,#9944);
#8553=AXIS2_PLACEMENT_3D('',#12488,#9946,#9947);
#8554=AXIS2_PLACEMENT_3D('',#12491,#9950,#9951);
#8555=AXIS2_PLACEMENT_3D('',#12492,#9952,#9953);
#8556=AXIS2_PLACEMENT_3D('',#12495,#9956,#9957);
#8557=AXIS2_PLACEMENT_3D('',#12496,#9958,#9959);
#8558=AXIS2_PLACEMENT_3D('',#12498,#9961,#9962);
#8559=AXIS2_PLACEMENT_3D('',#12501,#9965,#9966);
#8560=AXIS2_PLACEMENT_3D('',#12504,#9969,#9970);
#8561=AXIS2_PLACEMENT_3D('',#12506,#9972,#9973);
#8562=AXIS2_PLACEMENT_3D('',#12512,#9977,#9978);
#8563=AXIS2_PLACEMENT_3D('',#12516,#9981,#9982);
#8564=AXIS2_PLACEMENT_3D('',#12518,#9984,#9985);
#8565=AXIS2_PLACEMENT_3D('',#12523,#9989,#9990);
#8566=AXIS2_PLACEMENT_3D('',#12524,#9991,#9992);
#8567=AXIS2_PLACEMENT_3D('',#12528,#9995,#9996);
#8568=AXIS2_PLACEMENT_3D('',#12530,#9998,#9999);
#8569=AXIS2_PLACEMENT_3D('',#12536,#10003,#10004);
#8570=AXIS2_PLACEMENT_3D('',#12541,#10008,#10009);
#8571=AXIS2_PLACEMENT_3D('',#12542,#10010,#10011);
#8572=AXIS2_PLACEMENT_3D('',#12546,#10014,#10015);
#8573=AXIS2_PLACEMENT_3D('',#12548,#10017,#10018);
#8574=AXIS2_PLACEMENT_3D('',#12553,#10022,#10023);
#8575=AXIS2_PLACEMENT_3D('',#12557,#10026,#10027);
#8576=AXIS2_PLACEMENT_3D('',#12561,#10030,#10031);
#8577=AXIS2_PLACEMENT_3D('',#12565,#10034,#10035);
#8578=AXIS2_PLACEMENT_3D('',#12571,#10039,#10040);
#8579=AXIS2_PLACEMENT_3D('',#12573,#10042,#10043);
#8580=AXIS2_PLACEMENT_3D('',#12577,#10046,#10047);
#8581=AXIS2_PLACEMENT_3D('',#12581,#10050,#10051);
#8582=AXIS2_PLACEMENT_3D('',#12583,#10053,#10054);
#8583=AXIS2_PLACEMENT_3D('',#12587,#10057,#10058);
#8584=AXIS2_PLACEMENT_3D('',#12590,#10061,#10062);
#8585=AXIS2_PLACEMENT_3D('',#12592,#10064,#10065);
#8586=AXIS2_PLACEMENT_3D('',#12596,#10068,#10069);
#8587=AXIS2_PLACEMENT_3D('',#12597,#10070,#10071);
#8588=AXIS2_PLACEMENT_3D('',#12599,#10073,#10074);
#8589=AXIS2_PLACEMENT_3D('',#12603,#10077,#10078);
#8590=AXIS2_PLACEMENT_3D('',#12605,#10080,#10081);
#8591=AXIS2_PLACEMENT_3D('',#12607,#10083,#10084);
#8592=AXIS2_PLACEMENT_3D('',#12610,#10087,#10088);
#8593=AXIS2_PLACEMENT_3D('',#12611,#10089,#10090);
#8594=AXIS2_PLACEMENT_3D('',#12616,#10094,#10095);
#8595=AXIS2_PLACEMENT_3D('',#12617,#10096,#10097);
#8596=AXIS2_PLACEMENT_3D('',#12621,#10100,#10101);
#8597=AXIS2_PLACEMENT_3D('',#12625,#10104,#10105);
#8598=AXIS2_PLACEMENT_3D('',#12627,#10107,#10108);
#8599=AXIS2_PLACEMENT_3D('',#12629,#10110,#10111);
#8600=AXIS2_PLACEMENT_3D('',#12630,#10112,#10113);
#8601=AXIS2_PLACEMENT_3D('',#12634,#10116,#10117);
#8602=AXIS2_PLACEMENT_3D('',#12638,#10120,#10121);
#8603=AXIS2_PLACEMENT_3D('',#12640,#10123,#10124);
#8604=AXIS2_PLACEMENT_3D('',#12644,#10127,#10128);
#8605=AXIS2_PLACEMENT_3D('',#12646,#10130,#10131);
#8606=AXIS2_PLACEMENT_3D('',#12649,#10134,#10135);
#8607=AXIS2_PLACEMENT_3D('',#12655,#10139,#10140);
#8608=AXIS2_PLACEMENT_3D('',#12659,#10143,#10144);
#8609=AXIS2_PLACEMENT_3D('',#12662,#10147,#10148);
#8610=AXIS2_PLACEMENT_3D('',#12663,#10149,#10150);
#8611=AXIS2_PLACEMENT_3D('',#12667,#10153,#10154);
#8612=AXIS2_PLACEMENT_3D('',#12673,#10158,#10159);
#8613=AXIS2_PLACEMENT_3D('',#12677,#10162,#10163);
#8614=AXIS2_PLACEMENT_3D('',#12678,#10164,#10165);
#8615=AXIS2_PLACEMENT_3D('',#12680,#10167,#10168);
#8616=AXIS2_PLACEMENT_3D('',#12682,#10170,#10171);
#8617=AXIS2_PLACEMENT_3D('',#12684,#10173,#10174);
#8618=AXIS2_PLACEMENT_3D('',#12686,#10176,#10177);
#8619=AXIS2_PLACEMENT_3D('',#12688,#10179,#10180);
#8620=AXIS2_PLACEMENT_3D('',#12689,#10181,#10182);
#8621=AXIS2_PLACEMENT_3D('',#12691,#10184,#10185);
#8622=AXIS2_PLACEMENT_3D('',#12692,#10186,#10187);
#8623=AXIS2_PLACEMENT_3D('',#12694,#10189,#10190);
#8624=AXIS2_PLACEMENT_3D('',#12696,#10192,#10193);
#8625=AXIS2_PLACEMENT_3D('',#12697,#10194,#10195);
#8626=AXIS2_PLACEMENT_3D('',#12698,#10196,#10197);
#8627=AXIS2_PLACEMENT_3D('',#12700,#10199,#10200);
#8628=AXIS2_PLACEMENT_3D('',#12701,#10201,#10202);
#8629=AXIS2_PLACEMENT_3D('',#12702,#10203,#10204);
#8630=AXIS2_PLACEMENT_3D('',#12705,#10207,#10208);
#8631=AXIS2_PLACEMENT_3D('',#12708,#10211,#10212);
#8632=AXIS2_PLACEMENT_3D('',#12710,#10214,#10215);
#8633=AXIS2_PLACEMENT_3D('',#12712,#10217,#10218);
#8634=AXIS2_PLACEMENT_3D('',#12715,#10221,#10222);
#8635=AXIS2_PLACEMENT_3D('',#12718,#10225,#10226);
#8636=AXIS2_PLACEMENT_3D('',#12719,#10227,#10228);
#8637=AXIS2_PLACEMENT_3D('',#12722,#10231,#10232);
#8638=AXIS2_PLACEMENT_3D('',#12724,#10234,#10235);
#8639=AXIS2_PLACEMENT_3D('',#12726,#10237,#10238);
#8640=AXIS2_PLACEMENT_3D('',#12729,#10241,#10242);
#8641=AXIS2_PLACEMENT_3D('',#12730,#10243,#10244);
#8642=AXIS2_PLACEMENT_3D('',#12731,#10245,#10246);
#8643=AXIS2_PLACEMENT_3D('',#12732,#10247,#10248);
#8644=AXIS2_PLACEMENT_3D('',#12734,#10250,#10251);
#8645=AXIS2_PLACEMENT_3D('',#12736,#10253,#10254);
#8646=AXIS2_PLACEMENT_3D('',#12742,#10258,#10259);
#8647=AXIS2_PLACEMENT_3D('',#12744,#10261,#10262);
#8648=AXIS2_PLACEMENT_3D('',#12746,#10264,#10265);
#8649=AXIS2_PLACEMENT_3D('',#12750,#10268,#10269);
#8650=AXIS2_PLACEMENT_3D('',#12752,#10271,#10272);
#8651=AXIS2_PLACEMENT_3D('',#12753,#10273,#10274);
#8652=AXIS2_PLACEMENT_3D('',#12755,#10276,#10277);
#8653=AXIS2_PLACEMENT_3D('',#12757,#10279,#10280);
#8654=AXIS2_PLACEMENT_3D('',#12761,#10283,#10284);
#8655=AXIS2_PLACEMENT_3D('',#12762,#10285,#10286);
#8656=AXIS2_PLACEMENT_3D('',#12767,#10290,#10291);
#8657=AXIS2_PLACEMENT_3D('',#12768,#10292,#10293);
#8658=AXIS2_PLACEMENT_3D('',#12772,#10296,#10297);
#8659=AXIS2_PLACEMENT_3D('',#12774,#10299,#10300);
#8660=AXIS2_PLACEMENT_3D('',#12778,#10303,#10304);
#8661=AXIS2_PLACEMENT_3D('',#12780,#10306,#10307);
#8662=AXIS2_PLACEMENT_3D('',#12781,#10308,#10309);
#8663=AXIS2_PLACEMENT_3D('',#12783,#10311,#10312);
#8664=AXIS2_PLACEMENT_3D('',#12785,#10314,#10315);
#8665=AXIS2_PLACEMENT_3D('',#12788,#10318,#10319);
#8666=AXIS2_PLACEMENT_3D('',#12790,#10321,#10322);
#8667=AXIS2_PLACEMENT_3D('',#12792,#10324,#10325);
#8668=AXIS2_PLACEMENT_3D('',#12794,#10327,#10328);
#8669=AXIS2_PLACEMENT_3D('',#12795,#10329,#10330);
#8670=AXIS2_PLACEMENT_3D('',#12796,#10331,#10332);
#8671=AXIS2_PLACEMENT_3D('',#12798,#10334,#10335);
#8672=AXIS2_PLACEMENT_3D('',#12799,#10336,#10337);
#8673=AXIS2_PLACEMENT_3D('',#12801,#10339,#10340);
#8674=AXIS2_PLACEMENT_3D('',#12803,#10342,#10343);
#8675=AXIS2_PLACEMENT_3D('',#12805,#10345,#10346);
#8676=AXIS2_PLACEMENT_3D('',#12806,#10347,#10348);
#8677=AXIS2_PLACEMENT_3D('',#12808,#10350,#10351);
#8678=AXIS2_PLACEMENT_3D('',#12813,#10355,#10356);
#8679=AXIS2_PLACEMENT_3D('',#12814,#10357,#10358);
#8680=AXIS2_PLACEMENT_3D('',#12818,#10361,#10362);
#8681=AXIS2_PLACEMENT_3D('',#12820,#10364,#10365);
#8682=AXIS2_PLACEMENT_3D('',#12822,#10367,#10368);
#8683=AXIS2_PLACEMENT_3D('',#12825,#10371,#10372);
#8684=AXIS2_PLACEMENT_3D('',#12826,#10373,#10374);
#8685=AXIS2_PLACEMENT_3D('',#12828,#10376,#10377);
#8686=AXIS2_PLACEMENT_3D('',#12829,#10378,#10379);
#8687=AXIS2_PLACEMENT_3D('',#12831,#10381,#10382);
#8688=AXIS2_PLACEMENT_3D('',#12832,#10383,#10384);
#8689=AXIS2_PLACEMENT_3D('',#12834,#10386,#10387);
#8690=AXIS2_PLACEMENT_3D('',#12836,#10389,#10390);
#8691=AXIS2_PLACEMENT_3D('',#12838,#10392,#10393);
#8692=AXIS2_PLACEMENT_3D('',#12839,#10394,#10395);
#8693=AXIS2_PLACEMENT_3D('',#12840,#10396,#10397);
#8694=AXIS2_PLACEMENT_3D('',#12841,#10398,#10399);
#8695=AXIS2_PLACEMENT_3D('',#12842,#10400,#10401);
#8696=AXIS2_PLACEMENT_3D('',#12843,#10402,#10403);
#8697=AXIS2_PLACEMENT_3D('',#12845,#10405,#10406);
#8698=AXIS2_PLACEMENT_3D('',#12848,#10409,#10410);
#8699=AXIS2_PLACEMENT_3D('',#12851,#10413,#10414);
#8700=AXIS2_PLACEMENT_3D('',#12853,#10416,#10417);
#8701=AXIS2_PLACEMENT_3D('',#12856,#10420,#10421);
#8702=AXIS2_PLACEMENT_3D('',#12858,#10423,#10424);
#8703=AXIS2_PLACEMENT_3D('',#12860,#10426,#10427);
#8704=AXIS2_PLACEMENT_3D('',#12861,#10428,#10429);
#8705=AXIS2_PLACEMENT_3D('',#12862,#10430,#10431);
#8706=AXIS2_PLACEMENT_3D('',#12864,#10433,#10434);
#8707=AXIS2_PLACEMENT_3D('',#12870,#10438,#10439);
#8708=AXIS2_PLACEMENT_3D('',#12874,#10442,#10443);
#8709=AXIS2_PLACEMENT_3D('',#12878,#10446,#10447);
#8710=AXIS2_PLACEMENT_3D('',#12881,#10450,#10451);
#8711=AXIS2_PLACEMENT_3D('',#12882,#10452,#10453);
#8712=AXIS2_PLACEMENT_3D('',#12884,#10455,#10456);
#8713=AXIS2_PLACEMENT_3D('',#12886,#10458,#10459);
#8714=AXIS2_PLACEMENT_3D('',#12888,#10461,#10462);
#8715=AXIS2_PLACEMENT_3D('',#12891,#10465,#10466);
#8716=AXIS2_PLACEMENT_3D('',#12893,#10468,#10469);
#8717=AXIS2_PLACEMENT_3D('',#12894,#10470,#10471);
#8718=AXIS2_PLACEMENT_3D('',#12895,#10472,#10473);
#8719=AXIS2_PLACEMENT_3D('',#12897,#10475,#10476);
#8720=AXIS2_PLACEMENT_3D('',#12898,#10477,#10478);
#8721=AXIS2_PLACEMENT_3D('',#12902,#10481,#10482);
#8722=AXIS2_PLACEMENT_3D('',#12905,#10485,#10486);
#8723=AXIS2_PLACEMENT_3D('',#12909,#10489,#10490);
#8724=AXIS2_PLACEMENT_3D('',#12911,#10492,#10493);
#8725=AXIS2_PLACEMENT_3D('',#12918,#10497,#10498);
#8726=AXIS2_PLACEMENT_3D('',#12922,#10501,#10502);
#8727=AXIS2_PLACEMENT_3D('',#12926,#10505,#10506);
#8728=AXIS2_PLACEMENT_3D('',#12928,#10508,#10509);
#8729=AXIS2_PLACEMENT_3D('',#12932,#10512,#10513);
#8730=AXIS2_PLACEMENT_3D('',#12934,#10515,#10516);
#8731=AXIS2_PLACEMENT_3D('',#12938,#10519,#10520);
#8732=AXIS2_PLACEMENT_3D('',#12976,#10542,#10543);
#8733=AXIS2_PLACEMENT_3D('',#12979,#10546,#10547);
#8734=AXIS2_PLACEMENT_3D('',#12982,#10550,#10551);
#8735=AXIS2_PLACEMENT_3D('',#12984,#10553,#10554);
#8736=AXIS2_PLACEMENT_3D('',#12987,#10557,#10558);
#8737=AXIS2_PLACEMENT_3D('',#12991,#10561,#10562);
#8738=AXIS2_PLACEMENT_3D('',#12994,#10565,#10566);
#8739=AXIS2_PLACEMENT_3D('',#12997,#10569,#10570);
#8740=AXIS2_PLACEMENT_3D('',#12999,#10572,#10573);
#8741=AXIS2_PLACEMENT_3D('',#13002,#10576,#10577);
#8742=AXIS2_PLACEMENT_3D('',#13003,#10578,#10579);
#8743=AXIS2_PLACEMENT_3D('',#13005,#10581,#10582);
#8744=AXIS2_PLACEMENT_3D('',#13008,#10585,#10586);
#8745=AXIS2_PLACEMENT_3D('',#13010,#10588,#10589);
#8746=AXIS2_PLACEMENT_3D('',#13011,#10590,#10591);
#8747=AXIS2_PLACEMENT_3D('',#13013,#10593,#10594);
#8748=AXIS2_PLACEMENT_3D('',#13015,#10596,#10597);
#8749=AXIS2_PLACEMENT_3D('',#13017,#10599,#10600);
#8750=AXIS2_PLACEMENT_3D('',#13018,#10601,#10602);
#8751=AXIS2_PLACEMENT_3D('',#13019,#10603,#10604);
#8752=AXIS2_PLACEMENT_3D('',#13020,#10605,#10606);
#8753=AXIS2_PLACEMENT_3D('',#13021,#10607,#10608);
#8754=AXIS2_PLACEMENT_3D('',#13023,#10610,#10611);
#8755=AXIS2_PLACEMENT_3D('',#13024,#10612,#10613);
#8756=AXIS2_PLACEMENT_3D('',#13028,#10616,#10617);
#8757=AXIS2_PLACEMENT_3D('',#13030,#10619,#10620);
#8758=AXIS2_PLACEMENT_3D('',#13036,#10624,#10625);
#8759=AXIS2_PLACEMENT_3D('',#13040,#10628,#10629);
#8760=AXIS2_PLACEMENT_3D('',#13042,#10631,#10632);
#8761=AXIS2_PLACEMENT_3D('',#13046,#10635,#10636);
#8762=AXIS2_PLACEMENT_3D('',#13050,#10639,#10640);
#8763=AXIS2_PLACEMENT_3D('',#13052,#10642,#10643);
#8764=AXIS2_PLACEMENT_3D('',#13056,#10646,#10647);
#8765=AXIS2_PLACEMENT_3D('',#13058,#10649,#10650);
#8766=AXIS2_PLACEMENT_3D('',#13062,#10653,#10654);
#8767=AXIS2_PLACEMENT_3D('',#13065,#10657,#10658);
#8768=AXIS2_PLACEMENT_3D('',#13067,#10660,#10661);
#8769=AXIS2_PLACEMENT_3D('',#13069,#10663,#10664);
#8770=AXIS2_PLACEMENT_3D('',#13071,#10666,#10667);
#8771=AXIS2_PLACEMENT_3D('',#13125,#10699,#10700);
#8772=AXIS2_PLACEMENT_3D('',#13128,#10703,#10704);
#8773=AXIS2_PLACEMENT_3D('',#13130,#10706,#10707);
#8774=AXIS2_PLACEMENT_3D('',#13132,#10709,#10710);
#8775=AXIS2_PLACEMENT_3D('',#13133,#10711,#10712);
#8776=AXIS2_PLACEMENT_3D('',#13136,#10715,#10716);
#8777=AXIS2_PLACEMENT_3D('',#13138,#10718,#10719);
#8778=AXIS2_PLACEMENT_3D('',#13141,#10722,#10723);
#8779=AXIS2_PLACEMENT_3D('',#13143,#10725,#10726);
#8780=AXIS2_PLACEMENT_3D('',#13146,#10729,#10730);
#8781=AXIS2_PLACEMENT_3D('',#13148,#10732,#10733);
#8782=AXIS2_PLACEMENT_3D('',#13150,#10735,#10736);
#8783=AXIS2_PLACEMENT_3D('',#13152,#10738,#10739);
#8784=AXIS2_PLACEMENT_3D('',#13153,#10740,#10741);
#8785=AXIS2_PLACEMENT_3D('',#13155,#10743,#10744);
#8786=AXIS2_PLACEMENT_3D('',#13158,#10747,#10748);
#8787=AXIS2_PLACEMENT_3D('',#13159,#10749,#10750);
#8788=AXIS2_PLACEMENT_3D('',#13161,#10752,#10753);
#8789=AXIS2_PLACEMENT_3D('',#13162,#10754,#10755);
#8790=AXIS2_PLACEMENT_3D('',#13165,#10758,#10759);
#8791=AXIS2_PLACEMENT_3D('',#13167,#10761,#10762);
#8792=AXIS2_PLACEMENT_3D('',#13168,#10763,#10764);
#8793=AXIS2_PLACEMENT_3D('',#13171,#10767,#10768);
#8794=AXIS2_PLACEMENT_3D('',#13174,#10771,#10772);
#8795=AXIS2_PLACEMENT_3D('',#13175,#10773,#10774);
#8796=AXIS2_PLACEMENT_3D('',#13177,#10776,#10777);
#8797=AXIS2_PLACEMENT_3D('',#13179,#10779,#10780);
#8798=AXIS2_PLACEMENT_3D('',#13181,#10782,#10783);
#8799=AXIS2_PLACEMENT_3D('',#13185,#10786,#10787);
#8800=AXIS2_PLACEMENT_3D('',#13187,#10789,#10790);
#8801=AXIS2_PLACEMENT_3D('',#13188,#10791,#10792);
#8802=AXIS2_PLACEMENT_3D('',#13190,#10794,#10795);
#8803=AXIS2_PLACEMENT_3D('',#13193,#10798,#10799);
#8804=AXIS2_PLACEMENT_3D('',#13194,#10800,#10801);
#8805=AXIS2_PLACEMENT_3D('',#13195,#10802,#10803);
#8806=AXIS2_PLACEMENT_3D('',#13198,#10806,#10807);
#8807=AXIS2_PLACEMENT_3D('',#13199,#10808,#10809);
#8808=AXIS2_PLACEMENT_3D('',#13200,#10810,#10811);
#8809=AXIS2_PLACEMENT_3D('',#13201,#10812,#10813);
#8810=AXIS2_PLACEMENT_3D('',#13202,#10814,#10815);
#8811=AXIS2_PLACEMENT_3D('',#13204,#10817,#10818);
#8812=AXIS2_PLACEMENT_3D('',#13206,#10820,#10821);
#8813=AXIS2_PLACEMENT_3D('',#13207,#10822,#10823);
#8814=AXIS2_PLACEMENT_3D('',#13210,#10826,#10827);
#8815=AXIS2_PLACEMENT_3D('',#13212,#10829,#10830);
#8816=AXIS2_PLACEMENT_3D('',#13215,#10833,#10834);
#8817=AXIS2_PLACEMENT_3D('',#13218,#10837,#10838);
#8818=AXIS2_PLACEMENT_3D('',#13220,#10840,#10841);
#8819=AXIS2_PLACEMENT_3D('',#13223,#10844,#10845);
#8820=AXIS2_PLACEMENT_3D('',#13226,#10848,#10849);
#8821=AXIS2_PLACEMENT_3D('',#13228,#10851,#10852);
#8822=AXIS2_PLACEMENT_3D('',#13230,#10854,#10855);
#8823=AXIS2_PLACEMENT_3D('',#13231,#10856,#10857);
#8824=AXIS2_PLACEMENT_3D('',#13233,#10859,#10860);
#8825=AXIS2_PLACEMENT_3D('',#13235,#10862,#10863);
#8826=AXIS2_PLACEMENT_3D('',#13236,#10864,#10865);
#8827=AXIS2_PLACEMENT_3D('',#13237,#10866,#10867);
#8828=AXIS2_PLACEMENT_3D('',#13239,#10869,#10870);
#8829=AXIS2_PLACEMENT_3D('',#13240,#10871,#10872);
#8830=AXIS2_PLACEMENT_3D('',#13241,#10873,#10874);
#8831=AXIS2_PLACEMENT_3D('',#13244,#10877,#10878);
#8832=AXIS2_PLACEMENT_3D('',#13245,#10879,#10880);
#8833=AXIS2_PLACEMENT_3D('',#13247,#10882,#10883);
#8834=AXIS2_PLACEMENT_3D('',#13248,#10884,#10885);
#8835=AXIS2_PLACEMENT_3D('',#13249,#10886,#10887);
#8836=AXIS2_PLACEMENT_3D('',#13251,#10889,#10890);
#8837=AXIS2_PLACEMENT_3D('',#13253,#10892,#10893);
#8838=AXIS2_PLACEMENT_3D('',#13255,#10895,#10896);
#8839=AXIS2_PLACEMENT_3D('',#13257,#10898,#10899);
#8840=AXIS2_PLACEMENT_3D('',#13258,#10900,#10901);
#8841=AXIS2_PLACEMENT_3D('',#13259,#10902,#10903);
#8842=AXIS2_PLACEMENT_3D('',#13260,#10904,#10905);
#8843=AXIS2_PLACEMENT_3D('',#13262,#10907,#10908);
#8844=AXIS2_PLACEMENT_3D('',#13263,#10909,#10910);
#8845=AXIS2_PLACEMENT_3D('',#13264,#10911,#10912);
#8846=AXIS2_PLACEMENT_3D('',#13265,#10913,#10914);
#8847=AXIS2_PLACEMENT_3D('',#13267,#10916,#10917);
#8848=AXIS2_PLACEMENT_3D('',#13269,#10919,#10920);
#8849=AXIS2_PLACEMENT_3D('',#13270,#10921,#10922);
#8850=AXIS2_PLACEMENT_3D('',#13271,#10923,#10924);
#8851=AXIS2_PLACEMENT_3D('',#13272,#10925,#10926);
#8852=AXIS2_PLACEMENT_3D('',#13274,#10928,#10929);
#8853=AXIS2_PLACEMENT_3D('',#13276,#10931,#10932);
#8854=AXIS2_PLACEMENT_3D('',#13277,#10933,#10934);
#8855=AXIS2_PLACEMENT_3D('',#13278,#10935,#10936);
#8856=AXIS2_PLACEMENT_3D('',#13279,#10937,#10938);
#8857=AXIS2_PLACEMENT_3D('',#13282,#10941,#10942);
#8858=AXIS2_PLACEMENT_3D('',#13283,#10943,#10944);
#8859=AXIS2_PLACEMENT_3D('',#13284,#10945,#10946);
#8860=AXIS2_PLACEMENT_3D('',#13285,#10947,#10948);
#8861=AXIS2_PLACEMENT_3D('',#13287,#10950,#10951);
#8862=AXIS2_PLACEMENT_3D('',#13289,#10953,#10954);
#8863=AXIS2_PLACEMENT_3D('',#13290,#10955,#10956);
#8864=AXIS2_PLACEMENT_3D('',#13292,#10958,#10959);
#8865=AXIS2_PLACEMENT_3D('',#13293,#10960,#10961);
#8866=AXIS2_PLACEMENT_3D('',#13294,#10962,#10963);
#8867=AXIS2_PLACEMENT_3D('',#13295,#10964,#10965);
#8868=AXIS2_PLACEMENT_3D('',#13296,#10966,#10967);
#8869=AXIS2_PLACEMENT_3D('',#13298,#10969,#10970);
#8870=AXIS2_PLACEMENT_3D('',#13300,#10972,#10973);
#8871=AXIS2_PLACEMENT_3D('',#13301,#10974,#10975);
#8872=AXIS2_PLACEMENT_3D('',#13302,#10976,#10977);
#8873=AXIS2_PLACEMENT_3D('',#13304,#10979,#10980);
#8874=AXIS2_PLACEMENT_3D('',#13307,#10983,#10984);
#8875=AXIS2_PLACEMENT_3D('',#13309,#10986,#10987);
#8876=AXIS2_PLACEMENT_3D('',#13312,#10990,#10991);
#8877=AXIS2_PLACEMENT_3D('',#13313,#10992,#10993);
#8878=AXIS2_PLACEMENT_3D('',#13314,#10994,#10995);
#8879=AXIS2_PLACEMENT_3D('',#13315,#10996,#10997);
#8880=AXIS2_PLACEMENT_3D('',#13318,#11000,#11001);
#8881=AXIS2_PLACEMENT_3D('',#13320,#11003,#11004);
#8882=AXIS2_PLACEMENT_3D('',#13322,#11006,#11007);
#8883=AXIS2_PLACEMENT_3D('',#13324,#11009,#11010);
#8884=AXIS2_PLACEMENT_3D('',#13327,#11013,#11014);
#8885=AXIS2_PLACEMENT_3D('',#13328,#11015,#11016);
#8886=AXIS2_PLACEMENT_3D('',#13330,#11018,#11019);
#8887=AXIS2_PLACEMENT_3D('',#13331,#11020,#11021);
#8888=AXIS2_PLACEMENT_3D('',#13333,#11023,#11024);
#8889=AXIS2_PLACEMENT_3D('',#13336,#11027,#11028);
#8890=AXIS2_PLACEMENT_3D('',#13337,#11029,#11030);
#8891=AXIS2_PLACEMENT_3D('',#13340,#11033,#11034);
#8892=AXIS2_PLACEMENT_3D('',#13341,#11035,#11036);
#8893=AXIS2_PLACEMENT_3D('',#13344,#11039,#11040);
#8894=AXIS2_PLACEMENT_3D('',#13345,#11041,#11042);
#8895=AXIS2_PLACEMENT_3D('',#13348,#11045,#11046);
#8896=AXIS2_PLACEMENT_3D('',#13349,#11047,#11048);
#8897=AXIS2_PLACEMENT_3D('',#13352,#11051,#11052);
#8898=AXIS2_PLACEMENT_3D('',#13353,#11053,#11054);
#8899=AXIS2_PLACEMENT_3D('',#13356,#11057,#11058);
#8900=AXIS2_PLACEMENT_3D('',#13357,#11059,#11060);
#8901=AXIS2_PLACEMENT_3D('',#13360,#11063,#11064);
#8902=AXIS2_PLACEMENT_3D('',#13361,#11065,#11066);
#8903=AXIS2_PLACEMENT_3D('',#13364,#11069,#11070);
#8904=AXIS2_PLACEMENT_3D('',#13365,#11071,#11072);
#8905=AXIS2_PLACEMENT_3D('',#13368,#11075,#11076);
#8906=AXIS2_PLACEMENT_3D('',#13369,#11077,#11078);
#8907=AXIS2_PLACEMENT_3D('',#13370,#11079,#11080);
#8908=AXIS2_PLACEMENT_3D('',#13371,#11081,#11082);
#8909=AXIS2_PLACEMENT_3D('',#13372,#11083,#11084);
#8910=AXIS2_PLACEMENT_3D('',#13373,#11085,#11086);
#8911=AXIS2_PLACEMENT_3D('',#13375,#11088,#11089);
#8912=AXIS2_PLACEMENT_3D('',#13376,#11090,#11091);
#8913=AXIS2_PLACEMENT_3D('',#13378,#11093,#11094);
#8914=AXIS2_PLACEMENT_3D('',#13379,#11095,#11096);
#8915=AXIS2_PLACEMENT_3D('',#13381,#11098,#11099);
#8916=AXIS2_PLACEMENT_3D('',#13382,#11100,#11101);
#8917=DIRECTION('axis',(0.,0.,1.));
#8918=DIRECTION('refdir',(1.,0.,0.));
#8919=DIRECTION('center_axis',(-0.397978565661134,0.917392637637333,-0.00195184095744899));
#8920=DIRECTION('ref_axis',(-0.00148386756138761,0.00148386756138761,0.999997798134636));
#8921=DIRECTION('',(-0.917394385129951,-0.397979323749412,0.));
#8922=DIRECTION('',(0.0552766376333153,0.0261034442698292,0.998129802946093));
#8923=DIRECTION('',(0.917394385129951,0.397979323749412,0.));
#8924=DIRECTION('',(-0.111972039945029,-0.0464632316812093,0.992624516306286));
#8925=DIRECTION('center_axis',(0.,0.,1.));
#8926=DIRECTION('ref_axis',(0.707106781186547,0.707106781186548,0.));
#8927=DIRECTION('',(-0.917394385129951,-0.397979323749412,0.));
#8928=DIRECTION('',(0.929737787094233,0.368222279675087,0.));
#8929=DIRECTION('',(0.929509961215989,0.368797006495783,0.));
#8930=DIRECTION('',(0.671802453438199,0.740730358196838,0.));
#8931=DIRECTION('',(0.74084501015989,0.671676016336145,0.));
#8932=DIRECTION('',(-0.80326741183215,-0.595618556702593,0.));
#8933=DIRECTION('',(0.858516643704398,0.512785698398987,0.));
#8934=DIRECTION('',(0.903734480100802,0.428093435451811,0.));
#8935=DIRECTION('',(0.941838967152074,0.336064517546727,0.));
#8936=DIRECTION('',(0.969887300531474,0.24355415058621,0.));
#8937=DIRECTION('',(0.989127914341652,0.14705770659892,0.));
#8938=DIRECTION('',(0.998801861100491,0.0489371256021082,0.));
#8939=DIRECTION('',(0.998867982220114,-0.0475684148939001,0.));
#8940=DIRECTION('',(0.989125914081249,-0.147071159963243,0.));
#8941=DIRECTION('',(0.969891362185378,-0.243537975597632,0.));
#8942=DIRECTION('',(0.941545123235678,-0.336886896318501,0.));
#8943=DIRECTION('',(0.903738398685089,-0.428085162954885,0.));
#8944=DIRECTION('',(0.857453789523806,-0.514560976786293,0.));
#8945=DIRECTION('',(0.707106781186547,0.707106781186548,0.));
#8946=DIRECTION('',(-0.674586827406598,0.738195510884143,0.));
#8947=DIRECTION('',(0.737421035129537,-0.675433354927399,0.));
#8948=DIRECTION('',(0.793453459584751,-0.608630928784424,0.));
#8949=DIRECTION('',(0.843368625148511,-0.537335427935949,0.));
#8950=DIRECTION('',(0.888217643155949,-0.459422918873767,0.));
#8951=DIRECTION('',(0.925554838451583,-0.37861357743597,0.));
#8952=DIRECTION('',(0.707106781186547,0.707106781186548,0.));
#8953=DIRECTION('',(-0.707106781186548,0.707106781186547,0.));
#8954=DIRECTION('',(0.671105501613648,0.741361858813828,0.));
#8955=DIRECTION('',(0.762460526673681,0.647034732656983,0.));
#8956=DIRECTION('',(0.783689975432103,0.621152173309593,0.));
#8957=DIRECTION('',(0.783676579775382,0.621169073853134,0.));
#8958=DIRECTION('',(0.873985433584441,0.485952118919361,0.));
#8959=DIRECTION('',(0.873993652683813,0.485937336565536,0.));
#8960=DIRECTION('',(0.840553568490363,0.54172843611732,0.));
#8961=DIRECTION('center_axis',(-0.368213803611028,0.929739027859421,0.00198365957711455));
#8962=DIRECTION('ref_axis',(0.00152829509347899,-0.00152829509347899,0.999997664311379));
#8963=DIRECTION('',(0.929740857082342,0.368214528056392,0.));
#8964=DIRECTION('',(0.00300592313344497,0.00332401023751322,-0.999989957640604));
#8965=DIRECTION('',(0.029045236510109,0.00937050205626868,0.999534175467395));
#8966=DIRECTION('center_axis',(0.,0.,1.));
#8967=DIRECTION('ref_axis',(0.707106781186547,0.707106781186548,0.));
#8968=DIRECTION('',(0.840553568490362,0.54172843611732,0.));
#8969=DIRECTION('',(0.873996852111866,0.485931582116813,0.));
#8970=DIRECTION('',(0.783667916963076,0.621180002835533,0.));
#8971=DIRECTION('',(0.762514235589915,0.646971437176887,0.));
#8972=DIRECTION('',(0.671428874326188,0.741069002671862,0.));
#8973=DIRECTION('',(0.671428874326188,0.741069002671862,0.));
#8974=DIRECTION('',(0.646971437176887,0.762514235589915,0.));
#8975=DIRECTION('',(0.54173535059477,0.840549112137989,0.));
#8976=DIRECTION('',(0.397921880630084,0.917419302672348,0.));
#8977=DIRECTION('',(0.274585972120909,0.961562553302912,0.));
#8978=DIRECTION('',(0.242840761250418,0.970066165101803,0.));
#8979=DIRECTION('',(0.147055627561898,0.989128223438385,0.));
#8980=DIRECTION('',(0.0813729634967525,0.996683721554514,0.));
#8981=DIRECTION('',(-2.22044604925031E-16,1.,0.));
#8982=DIRECTION('',(-0.0484458808873077,0.998825808950216,0.));
#8983=DIRECTION('',(-0.179115611080253,0.983828032670013,0.));
#8984=DIRECTION('',(-0.146919542855133,0.989148445849883,0.));
#8985=DIRECTION('',(-0.290539263905386,0.956863070731292,0.));
#8986=DIRECTION('',(-0.306241248513513,0.951953936757911,0.));
#8987=DIRECTION('',(-0.42718180521969,0.904165751004342,0.));
#8988=DIRECTION('',(-0.471504207867954,0.881863811460031,0.));
#8989=DIRECTION('',(-0.514483867658343,0.857500058261988,0.));
#8990=DIRECTION('',(-0.621168959093521,0.783676670737794,0.));
#8991=DIRECTION('',(-0.594754958787551,0.80390704624205,0.));
#8992=DIRECTION('',(-0.695650462802387,0.718380424011418,0.));
#8993=DIRECTION('',(0.718388857777705,-0.695641753362205,0.));
#8994=DIRECTION('',(0.804061850688451,-0.594545658690284,0.));
#8995=DIRECTION('',(0.783757370246884,-0.621067133717192,0.));
#8996=DIRECTION('',(0.857500058261988,-0.514483867658343,0.));
#8997=DIRECTION('',(0.881880313022539,-0.471473343364467,0.));
#8998=DIRECTION('',(0.904165751004343,-0.42718180521969,0.));
#8999=DIRECTION('',(0.951786638695621,-0.306760809753287,0.));
#9000=DIRECTION('',(-0.671662584307147,0.740857187885658,0.));
#9001=DIRECTION('',(0.74084501015989,-0.671676016336144,0.));
#9002=DIRECTION('',(0.803284600475515,-0.595595374930743,0.));
#9003=DIRECTION('',(0.857488074812508,-0.51450384017453,0.));
#9004=DIRECTION('',(0.904556256637666,-0.426354287626678,0.));
#9005=DIRECTION('',(0.940922092091582,-0.338623118841581,0.));
#9006=DIRECTION('',(0.97031428033305,-0.241847467180772,0.));
#9007=DIRECTION('',(0.989125914081249,-0.147071159963243,0.));
#9008=DIRECTION('',(0.99880218007977,-0.0489306148326168,0.));
#9009=DIRECTION('',(0.998795249328112,0.0490718852255995,0.));
#9010=DIRECTION('',(0.989126211502914,0.147069159642301,0.));
#9011=DIRECTION('',(0.970311861467684,0.241857171684279,0.));
#9012=DIRECTION('',(0.940923493422506,0.338619224979308,0.));
#9013=DIRECTION('',(0.904555159956,0.426356614346459,0.));
#9014=DIRECTION('',(0.857500201731023,0.514483628535696,0.));
#9015=DIRECTION('',(0.803269112875573,0.595616262622245,0.));
#9016=DIRECTION('',(0.740857412602778,0.671662336439611,0.));
#9017=DIRECTION('',(0.671661631778308,0.740858051449061,0.));
#9018=DIRECTION('',(0.595858917950169,0.803089129486419,0.));
#9019=DIRECTION('',(0.514479585910654,0.857502627215335,0.));
#9020=DIRECTION('',(0.426359585248148,0.90455375963346,0.));
#9021=DIRECTION('',(0.33779986556824,0.941217961378808,0.));
#9022=DIRECTION('',(0.241862023805832,0.970310652028796,0.));
#9023=DIRECTION('',(0.14705770659892,0.989127914341652,0.));
#9024=DIRECTION('',(0.0504407603360318,0.998727054653434,0.));
#9025=DIRECTION('',(-0.0504335596381862,0.998727418299018,0.));
#9026=DIRECTION('',(-0.147071159963243,0.989125914081249,0.));
#9027=DIRECTION('',(-0.241855541457308,0.970312267811962,0.));
#9028=DIRECTION('',(-0.338618781430183,0.940923653046695,0.));
#9029=DIRECTION('',(0.336091106400369,0.941829479363741,0.));
#9030=DIRECTION('',(0.428076890476179,0.903742317168033,0.));
#9031=DIRECTION('',(0.514499797720993,0.857490500323506,0.));
#9032=DIRECTION('',(0.595603102221072,0.803278871018425,0.));
#9033=DIRECTION('',(0.671661631778308,0.740858051449061,0.));
#9034=DIRECTION('',(0.740795707467964,0.671730392193951,0.));
#9035=DIRECTION('',(0.740762851786951,0.671766624217416,0.));
#9036=DIRECTION('',(0.803278871018425,0.595603102221072,0.));
#9037=DIRECTION('',(0.857477734133043,0.51452107387945,0.));
#9038=DIRECTION('',(0.857497709487143,0.514487782385844,0.));
#9039=DIRECTION('',(0.90373951822732,0.428082799460865,0.));
#9040=DIRECTION('',(0.941833465815417,0.336079934941258,0.));
#9041=DIRECTION('',(0.94184208666865,0.336055774804783,0.));
#9042=DIRECTION('',(0.96988901997289,0.243547303282189,0.));
#9043=DIRECTION('',(0.999203528457188,-0.0399037431666063,0.));
#9044=DIRECTION('',(0.999207212934492,-0.039811375506064,0.));
#9045=DIRECTION('',(0.999204133191892,-0.0398885975215956,0.));
#9046=DIRECTION('',(0.999207215071716,-0.0398113218648323,0.));
#9047=DIRECTION('',(0.999210509514179,-0.0397285498906612,0.));
#9048=DIRECTION('',(0.999869873358989,0.0161318427056398,0.));
#9049=DIRECTION('',(0.996100882331758,-0.0882214952145677,0.));
#9050=DIRECTION('',(0.996025742282846,-0.0890658223445232,0.));
#9051=DIRECTION('',(0.982272875655721,-0.187456655659489,0.));
#9052=DIRECTION('',(0.982398465557784,-0.186797363123014,0.));
#9053=DIRECTION('',(0.962144774965733,-0.272538863295014,0.));
#9054=DIRECTION('',(0.92958715838604,-0.368602380572573,0.));
#9055=DIRECTION('',(0.892839211792279,-0.450375556492738,0.));
#9056=DIRECTION('',(0.847512035352014,-0.530776176870709,0.));
#9057=DIRECTION('',(0.801907831331265,-0.597447763448477,0.));
#9058=DIRECTION('',(0.737751292477408,-0.675072611241127,0.));
#9059=DIRECTION('',(0.737821649031875,-0.674995714223346,0.));
#9060=DIRECTION('',(0.737931710140986,-0.674875389363399,0.));
#9061=DIRECTION('',(-0.674968378048968,0.737846656585192,0.));
#9062=DIRECTION('',(-0.597447763448477,0.801907831331265,0.));
#9063=DIRECTION('',(-0.530796452157766,0.847499337095156,0.));
#9064=DIRECTION('',(-0.450345785725669,0.892854228460128,0.));
#9065=DIRECTION('',(-0.368602380572573,0.92958715838604,0.));
#9066=DIRECTION('',(-0.272558261687851,0.962139279930768,0.));
#9067=DIRECTION('',(-0.272625280770013,0.962120292003589,0.));
#9068=DIRECTION('',(-0.186740242556426,0.982409324981175,0.));
#9069=DIRECTION('',(-0.0891152584703906,0.996021320408231,0.));
#9070=DIRECTION('center_axis',(0.,0.,-1.));
#9071=DIRECTION('ref_axis',(0.707106781186547,0.707106781186548,0.));
#9072=DIRECTION('',(1.11022302462516E-16,-1.,0.));
#9073=DIRECTION('center_axis',(0.,0.,-1.));
#9074=DIRECTION('ref_axis',(0.707106781186547,0.707106781186548,0.));
#9075=DIRECTION('center_axis',(0.,0.,-1.));
#9076=DIRECTION('ref_axis',(0.707106781186547,0.707106781186548,0.));
#9077=DIRECTION('center_axis',(0.,0.,-1.));
#9078=DIRECTION('ref_axis',(-0.707106781186547,-0.707106781186548,0.));
#9079=DIRECTION('',(0.962130402887325,-0.272589595986117,0.));
#9080=DIRECTION('',(0.927935872033942,-0.372739878994195,0.));
#9081=DIRECTION('',(0.894427190999916,-0.447213595499958,0.));
#9082=DIRECTION('',(0.847524735768089,-0.530755897057424,0.));
#9083=DIRECTION('',(0.801907831331265,-0.597447763448477,0.));
#9084=DIRECTION('',(0.737843479999193,-0.674971850540954,0.));
#9085=DIRECTION('',(-0.674964904807473,0.737849833826802,0.));
#9086=DIRECTION('',(-0.597460055044414,0.801898673540695,0.));
#9087=DIRECTION('',(-0.53077617687071,0.847512035352014,0.));
#9088=DIRECTION('',(-0.450345785725669,0.892854228460128,0.));
#9089=DIRECTION('',(-0.368632008112706,0.929575409848386,0.));
#9090=DIRECTION('',(-0.368472028410895,0.929638835397253,0.));
#9091=DIRECTION('',(-0.272589595986117,0.962130402887325,0.));
#9092=DIRECTION('',(-0.193091465022748,0.981180761193048,0.));
#9093=DIRECTION('',(-0.0816477289343045,0.99666125055601,0.));
#9094=DIRECTION('',(-0.0818500442096566,0.996644655964641,0.));
#9095=DIRECTION('',(0.00805796557216542,0.999967534068401,0.));
#9096=DIRECTION('',(-0.0397428302500968,0.999209941625739,0.));
#9097=DIRECTION('',(-0.0398337681712178,0.999206320493061,0.));
#9098=DIRECTION('',(-0.0399128361024875,0.999203165284346,0.));
#9099=DIRECTION('',(-0.039962619158999,0.999201175474665,0.));
#9100=DIRECTION('',(-0.0397395990534322,0.999210070138944,0.));
#9101=DIRECTION('',(-0.0397290710327325,0.999210488793466,0.));
#9102=DIRECTION('',(-0.0398245398709217,0.99920668834034,0.));
#9103=DIRECTION('',(-0.0399680383488716,0.999200958721789,0.));
#9104=DIRECTION('',(-0.0398348143349794,0.999206278786767,0.));
#9105=DIRECTION('',(-0.0405812524066347,0.999176241687676,0.));
#9106=DIRECTION('',(0.243511975516452,0.969897890388506,0.));
#9107=DIRECTION('',(0.336060039099627,0.941840565127855,0.));
#9108=DIRECTION('',(0.336190227822125,0.941794102082248,0.));
#9109=DIRECTION('',(0.336032258031098,0.941850477285286,0.));
#9110=DIRECTION('',(0.42808082616322,0.903740452935142,0.));
#9111=DIRECTION('',(0.428590142610096,0.903499025819872,0.));
#9112=DIRECTION('',(0.512786701324958,0.858516044663271,0.));
#9113=DIRECTION('',(0.512765488258616,0.858528714750359,0.));
#9114=DIRECTION('',(0.595618556702592,0.80326741183215,0.));
#9115=DIRECTION('',(0.671747650169716,0.740780058108656,0.));
#9116=DIRECTION('center_axis',(-0.541711021033097,0.840526546997278,0.00801832177652804));
#9117=DIRECTION('ref_axis',(0.00580077705078511,-0.00580077705078511,0.99996635041946));
#9118=DIRECTION('',(0.203792916254667,0.122075960803601,0.971373206897481));
#9119=DIRECTION('center_axis',(-0.595618556702593,0.80326741183215,0.));
#9120=DIRECTION('ref_axis',(0.,0.,1.));
#9121=DIRECTION('',(0.,0.,-1.));
#9122=DIRECTION('',(0.80326741183215,0.595618556702593,0.));
#9123=DIRECTION('',(0.,0.,1.));
#9124=DIRECTION('center_axis',(0.707106781186548,-0.707106781186547,0.));
#9125=DIRECTION('ref_axis',(0.,0.,-1.));
#9126=DIRECTION('',(0.,0.,-1.));
#9127=DIRECTION('',(0.,0.,1.));
#9128=DIRECTION('',(-0.707106781186547,-0.707106781186548,0.));
#9129=DIRECTION('center_axis',(0.738195510884143,0.674586827406598,0.));
#9130=DIRECTION('ref_axis',(0.,0.,-1.));
#9131=DIRECTION('',(-0.674586827406598,0.738195510884143,0.));
#9132=DIRECTION('',(0.,0.,1.));
#9133=DIRECTION('center_axis',(0.,0.,-1.));
#9134=DIRECTION('ref_axis',(0.70711058902877,0.707102973323819,0.));
#9135=DIRECTION('',(-0.514499797720993,-0.857490500323506,0.));
#9136=DIRECTION('',(-0.428076890476179,-0.903742317168033,0.));
#9137=DIRECTION('',(-0.336064517546727,-0.941838967152074,0.));
#9138=DIRECTION('',(-0.24355415058621,-0.969887300531474,0.));
#9139=DIRECTION('',(-0.145452276010207,-0.989365268949467,0.));
#9140=DIRECTION('',(-0.0504472686523171,-0.998726725929331,0.));
#9141=DIRECTION('',(0.0489377964773459,-0.998801828230176,0.));
#9142=DIRECTION('',(0.147071159963243,-0.989125914081249,0.));
#9143=DIRECTION('',(0.243537975597632,-0.969891362185378,0.));
#9144=DIRECTION('',(0.336064517546727,-0.941838967152074,0.));
#9145=DIRECTION('',(0.428085162954885,-0.903738398685089,0.));
#9146=DIRECTION('',(0.51450384017453,-0.857488074812508,0.));
#9147=DIRECTION('',(0.595844576854213,-0.803099769787929,0.));
#9148=DIRECTION('',(0.596092478969265,-0.802915784199238,0.));
#9149=DIRECTION('',(0.670157203896788,-0.74221918734646,0.));
#9150=DIRECTION('',(0.742218523601764,-0.670157939013198,0.));
#9151=DIRECTION('',(0.803276058817344,-0.595606894965862,0.));
#9152=DIRECTION('',(0.857488074812508,-0.51450384017453,0.));
#9153=DIRECTION('',(0.903738398685089,-0.428085162954885,0.));
#9154=DIRECTION('',(0.941545123235678,-0.336886896318501,0.));
#9155=DIRECTION('',(0.969891362185378,-0.243537975597632,0.));
#9156=DIRECTION('',(0.989125914081249,-0.147071159963243,0.));
#9157=DIRECTION('',(0.998867982220114,-0.0475684148939001,0.));
#9158=DIRECTION('',(0.998801861100491,0.0489371256021082,0.));
#9159=DIRECTION('',(0.989127914341652,0.14705770659892,0.));
#9160=DIRECTION('',(0.969887300531474,0.24355415058621,0.));
#9161=DIRECTION('',(0.941838967152074,0.336064517546727,0.));
#9162=DIRECTION('',(0.903734480100802,0.42809343545181,0.));
#9163=DIRECTION('',(0.858516643704398,0.512785698398987,0.));
#9164=DIRECTION('',(0.74084501015989,0.671676016336145,0.));
#9165=DIRECTION('',(0.671749472140731,0.740778405920859,0.));
#9166=DIRECTION('',(0.595618556702592,0.80326741183215,0.));
#9167=DIRECTION('',(0.512781620980213,0.858519079103607,0.));
#9168=DIRECTION('',(0.428099344121,0.90373168117709,0.));
#9169=DIRECTION('',(0.336064517546727,0.941838967152074,0.));
#9170=DIRECTION('',(0.243511975516451,0.969897890388506,0.));
#9171=DIRECTION('',(-0.0398372753626454,0.999206180671277,0.));
#9172=DIRECTION('',(0.0080579655721652,0.999967534068401,0.));
#9173=DIRECTION('',(-0.0816526398491937,0.996660848235576,0.));
#9174=DIRECTION('',(-0.193091465022748,0.981180761193048,0.));
#9175=DIRECTION('',(-0.272589595986117,0.962130402887325,0.));
#9176=DIRECTION('',(-0.368602380572573,0.92958715838604,0.));
#9177=DIRECTION('',(-0.450345785725669,0.892854228460128,0.));
#9178=DIRECTION('',(-0.53077617687071,0.847512035352014,0.));
#9179=DIRECTION('',(-0.597460055044414,0.801898673540695,0.));
#9180=DIRECTION('',(-0.674964904807473,0.737849833826802,0.));
#9181=DIRECTION('',(-0.737843479999193,0.674971850540954,0.));
#9182=DIRECTION('',(-0.801907831331265,0.597447763448477,0.));
#9183=DIRECTION('',(-0.847524735768089,0.530755897057424,0.));
#9184=DIRECTION('',(-0.894427190999916,0.447213595499958,0.));
#9185=DIRECTION('',(-0.927935872033942,0.372739878994196,0.));
#9186=DIRECTION('',(-0.962130402887325,0.272589595986117,0.));
#9187=DIRECTION('center_axis',(0.,0.,-1.));
#9188=DIRECTION('ref_axis',(-0.707106781186547,-0.707106781186548,0.));
#9189=DIRECTION('center_axis',(0.,0.,1.));
#9190=DIRECTION('ref_axis',(0.707106781186547,0.707106781186548,0.));
#9191=DIRECTION('',(-1.11022302462516E-16,1.,0.));
#9192=DIRECTION('center_axis',(0.,0.,1.));
#9193=DIRECTION('ref_axis',(0.707106781186547,0.707106781186548,0.));
#9194=DIRECTION('',(-0.0891152584703909,0.996021320408231,0.));
#9195=DIRECTION('',(-0.186740242556426,0.982409324981175,0.));
#9196=DIRECTION('',(-0.272589595986117,0.962130402887325,0.));
#9197=DIRECTION('',(-0.368602380572573,0.92958715838604,0.));
#9198=DIRECTION('',(-0.450345785725669,0.892854228460128,0.));
#9199=DIRECTION('',(-0.530796452157766,0.847499337095156,0.));
#9200=DIRECTION('',(-0.597447763448477,0.801907831331265,0.));
#9201=DIRECTION('',(-0.674968378048968,0.737846656585192,0.));
#9202=DIRECTION('',(-0.737846656585192,0.674968378048968,0.));
#9203=DIRECTION('',(-0.801907831331265,0.597447763448477,0.));
#9204=DIRECTION('',(-0.847512035352014,0.530776176870709,0.));
#9205=DIRECTION('',(-0.892839211792279,0.450375556492738,0.));
#9206=DIRECTION('',(-0.92958715838604,0.368602380572573,0.));
#9207=DIRECTION('',(-0.962144774965733,0.272538863295014,0.));
#9208=DIRECTION('',(-0.982397818246203,0.186800767410362,0.));
#9209=DIRECTION('',(-0.996027559580988,0.0890454971076124,0.));
#9210=DIRECTION('',(-0.999869873358989,-0.0161318427056398,0.));
#9211=DIRECTION('',(-0.99920628538262,0.039834648885943,0.));
#9212=DIRECTION('',(-0.96988901997289,-0.243547303282189,0.));
#9213=DIRECTION('',(-0.941838967152074,-0.336064517546727,0.));
#9214=DIRECTION('',(-0.90373951822732,-0.428082799460865,0.));
#9215=DIRECTION('',(-0.857492925712544,-0.514495755427527,0.));
#9216=DIRECTION('',(-0.803278871018425,-0.595603102221072,0.));
#9217=DIRECTION('',(-0.740791422289601,-0.67173511793128,0.));
#9218=DIRECTION('',(-0.671661631778308,-0.740858051449061,0.));
#9219=DIRECTION('',(-0.595603102221071,-0.803278871018425,0.));
#9220=DIRECTION('center_axis',(-0.962130402887325,-0.272589595986117,0.));
#9221=DIRECTION('ref_axis',(0.,0.,1.));
#9222=DIRECTION('',(0.,0.,1.));
#9223=DIRECTION('',(0.,0.,1.));
#9224=DIRECTION('',(7.71226464381892E-7,-2.72211573669491E-6,-0.999999999995998));
#9225=DIRECTION('center_axis',(-0.981180761193048,-0.193091465022748,0.));
#9226=DIRECTION('ref_axis',(0.,0.,1.));
#9227=DIRECTION('',(-8.94115973774919E-8,4.54338772374008E-7,0.999999999999893));
#9228=DIRECTION('',(0.,0.,1.));
#9229=DIRECTION('center_axis',(-0.996660848235575,-0.0816526398491936,-5.20150783341748E-8));
#9230=DIRECTION('ref_axis',(-4.8237436430996E-8,-4.82374364309961E-8,0.999999999999998));
#9231=DIRECTION('',(-4.67362638032147E-9,-5.7998195758378E-7,0.999999999999832));
#9232=DIRECTION('',(-2.1494893280547E-5,0.000261731935827836,0.999999965517181));
#9233=DIRECTION('',(-0.000861855083568465,0.0105205322499362,-0.999944286251486));
#9234=DIRECTION('center_axis',(-0.999967534068401,0.0080579655721652,0.));
#9235=DIRECTION('ref_axis',(0.,0.,1.));
#9236=DIRECTION('',(2.1673183421407E-9,2.68957214910178E-7,-0.999999999999964));
#9237=DIRECTION('',(0.,0.,1.));
#9238=DIRECTION('',(0.,0.,1.));
#9239=DIRECTION('center_axis',(-0.999206180671277,-0.0398372753626454,-1.28801205140966E-8));
#9240=DIRECTION('ref_axis',(-1.23961326538359E-8,-1.23961326538359E-8,1.));
#9241=DIRECTION('',(1.11239169705798E-8,4.43060904078344E-8,-0.999999999999999));
#9242=DIRECTION('',(-0.00131594907908374,0.0330065640335101,0.999454268592977));
#9243=DIRECTION('',(-0.0011442361755068,0.0287002743815262,-0.999587407370661));
#9244=DIRECTION('center_axis',(-0.969897890388506,0.243511975516452,0.));
#9245=DIRECTION('ref_axis',(0.,0.,1.));
#9246=DIRECTION('',(4.2965799966064E-7,1.71130962481657E-6,-0.999999999998443));
#9247=DIRECTION('',(0.,0.,1.));
#9248=DIRECTION('',(0.,0.,1.));
#9249=DIRECTION('center_axis',(-0.941838967152061,0.336064517546722,1.7044179680831E-7));
#9250=DIRECTION('ref_axis',(1.33376110832409E-7,-1.33376110832409E-7,0.999999999999982));
#9251=DIRECTION('',(-3.35678195758793E-6,-9.91473266208483E-6,0.999999999945215));
#9252=DIRECTION('',(0.00854588146453185,0.0239497875111366,0.999676635511787));
#9253=DIRECTION('',(0.0120382603131495,0.033738381769133,-0.999358194985278));
#9254=DIRECTION('center_axis',(-0.903731681176428,0.428099344120686,1.21086034796316E-6));
#9255=DIRECTION('ref_axis',(9.09169650625933E-7,-9.09169650625932E-7,0.999999999999173));
#9256=DIRECTION('',(-7.70842496816582E-6,-1.34442801348057E-5,-0.999999999879916));
#9257=DIRECTION('',(0.000955466738401148,0.00201419300521354,0.999997515051837));
#9258=DIRECTION('',(0.0252529071936513,0.053312534433434,-0.998258515791652));
#9259=DIRECTION('center_axis',(-0.858519079103574,0.512781620980194,-2.76149855461935E-7));
#9260=DIRECTION('ref_axis',(-2.01378046000454E-7,2.01378046000454E-7,0.999999999999959));
#9261=DIRECTION('',(-1.65391069321832E-6,-2.230509017882E-6,0.999999999996145));
#9262=DIRECTION('',(0.00753462193895237,0.0126152977091862,0.999892036039864));
#9263=DIRECTION('',(0.0239037039970534,0.0400199797602534,-0.998912916202013));
#9264=DIRECTION('center_axis',(-0.80326741183215,0.595618556702592,0.));
#9265=DIRECTION('ref_axis',(0.,0.,1.));
#9266=DIRECTION('',(-6.80804622430501E-7,-9.1815166077201E-7,0.999999999999347));
#9267=DIRECTION('',(0.,0.,1.));
#9268=DIRECTION('',(0.,0.,1.));
#9269=DIRECTION('center_axis',(-0.740778405920854,0.671749472140727,1.12442530521187E-7));
#9270=DIRECTION('ref_axis',(7.96037602284297E-8,-7.96037602284297E-8,0.999999999999994));
#9271=DIRECTION('',(8.53474324281762E-7,7.73789694628619E-7,0.999999999999336));
#9272=DIRECTION('',(0.0105657513240314,0.0116513199029523,0.999876298170668));
#9273=DIRECTION('',(0.0306782602409451,0.0338309235591938,-0.998956612150758));
#9274=DIRECTION('center_axis',(-0.671676016336145,0.74084501015989,0.));
#9275=DIRECTION('ref_axis',(0.,0.,1.));
#9276=DIRECTION('',(0.,0.,1.));
#9277=DIRECTION('center_axis',(-0.512785698398987,0.858516643704398,0.));
#9278=DIRECTION('ref_axis',(0.,0.,1.));
#9279=DIRECTION('',(0.,0.,1.));
#9280=DIRECTION('center_axis',(-0.42809343545181,0.903734480100802,0.));
#9281=DIRECTION('ref_axis',(0.,0.,1.));
#9282=DIRECTION('',(0.,0.,1.));
#9283=DIRECTION('center_axis',(-0.336064517546727,0.941838967152074,0.));
#9284=DIRECTION('ref_axis',(0.,0.,1.));
#9285=DIRECTION('',(0.,0.,1.));
#9286=DIRECTION('center_axis',(-0.24355415058621,0.969887300531474,0.));
#9287=DIRECTION('ref_axis',(0.,0.,-1.));
#9288=DIRECTION('',(0.,0.,1.));
#9289=DIRECTION('center_axis',(-0.14705770659892,0.989127914341652,0.));
#9290=DIRECTION('ref_axis',(0.,0.,-1.));
#9291=DIRECTION('',(0.,0.,1.));
#9292=DIRECTION('center_axis',(-0.0489371256021082,0.998801861100491,0.));
#9293=DIRECTION('ref_axis',(0.,0.,-1.));
#9294=DIRECTION('',(0.,0.,1.));
#9295=DIRECTION('center_axis',(0.0475684148939001,0.998867982220114,0.));
#9296=DIRECTION('ref_axis',(0.,0.,-1.));
#9297=DIRECTION('',(0.,0.,1.));
#9298=DIRECTION('center_axis',(0.147071159963243,0.989125914081249,0.));
#9299=DIRECTION('ref_axis',(0.,0.,-1.));
#9300=DIRECTION('',(0.,0.,1.));
#9301=DIRECTION('center_axis',(0.243537975597632,0.969891362185378,0.));
#9302=DIRECTION('ref_axis',(0.,0.,-1.));
#9303=DIRECTION('',(0.,0.,1.));
#9304=DIRECTION('center_axis',(0.336886896318501,0.941545123235678,0.));
#9305=DIRECTION('ref_axis',(0.,0.,-1.));
#9306=DIRECTION('',(0.,0.,1.));
#9307=DIRECTION('center_axis',(0.428085162954885,0.903738398685089,0.));
#9308=DIRECTION('ref_axis',(0.,0.,-1.));
#9309=DIRECTION('',(0.,0.,1.));
#9310=DIRECTION('center_axis',(0.51450384017453,0.857488074812508,0.));
#9311=DIRECTION('ref_axis',(0.,0.,-1.));
#9312=DIRECTION('',(0.,0.,1.));
#9313=DIRECTION('',(0.0975702162758758,-0.0585433808762576,0.993505271979699));
#9314=DIRECTION('center_axis',(0.595606894965862,0.803276058817343,0.));
#9315=DIRECTION('ref_axis',(0.,0.,-1.));
#9316=DIRECTION('',(0.,0.,-1.));
#9317=DIRECTION('',(0.166000318576791,-0.12308462729044,0.978414057931087));
#9318=DIRECTION('center_axis',(0.670157939013198,0.742218523601765,0.));
#9319=DIRECTION('ref_axis',(0.,0.,-1.));
#9320=DIRECTION('',(0.,0.,1.));
#9321=DIRECTION('',(0.742218523601764,-0.670157939013198,0.));
#9322=DIRECTION('',(0.,0.,1.));
#9323=DIRECTION('',(-0.000323174755763112,0.000291798333477736,0.999999905205901));
#9324=DIRECTION('center_axis',(0.74221918734646,0.670157203896788,0.));
#9325=DIRECTION('ref_axis',(0.,0.,-1.));
#9326=DIRECTION('',(0.,0.,1.));
#9327=DIRECTION('',(-0.670157203896788,0.74221918734646,0.));
#9328=DIRECTION('center_axis',(0.802915784199238,0.596092478969265,0.));
#9329=DIRECTION('ref_axis',(0.,0.,-1.));
#9330=DIRECTION('',(0.,0.,-1.));
#9331=DIRECTION('',(-0.000820335393954443,0.00110496317162439,-0.999999053052667));
#9332=DIRECTION('center_axis',(0.803099769787929,0.595844576854213,0.));
#9333=DIRECTION('ref_axis',(0.,0.,-1.));
#9334=DIRECTION('',(0.,0.,1.));
#9335=DIRECTION('',(-0.0298026875917461,0.0401690851502857,0.998748338877466));
#9336=DIRECTION('center_axis',(0.857488074812508,0.51450384017453,0.));
#9337=DIRECTION('ref_axis',(0.,0.,-1.));
#9338=DIRECTION('',(0.,0.,1.));
#9339=DIRECTION('',(-0.51450384017453,0.857488074812508,0.));
#9340=DIRECTION('center_axis',(0.903738398685089,0.428085162954885,0.));
#9341=DIRECTION('ref_axis',(0.,0.,-1.));
#9342=DIRECTION('',(0.,0.,1.));
#9343=DIRECTION('',(-0.428085162954885,0.903738398685089,0.));
#9344=DIRECTION('center_axis',(0.941838967152074,0.336064517546727,0.));
#9345=DIRECTION('ref_axis',(0.,0.,-1.));
#9346=DIRECTION('',(0.,0.,1.));
#9347=DIRECTION('',(-0.336064517546727,0.941838967152074,0.));
#9348=DIRECTION('center_axis',(0.969891362185378,0.243537975597632,0.));
#9349=DIRECTION('ref_axis',(0.,0.,-1.));
#9350=DIRECTION('',(0.,0.,1.));
#9351=DIRECTION('',(-0.243537975597632,0.969891362185378,0.));
#9352=DIRECTION('center_axis',(0.989125914081249,0.147071159963243,0.));
#9353=DIRECTION('ref_axis',(0.,0.,-1.));
#9354=DIRECTION('',(0.,0.,1.));
#9355=DIRECTION('',(-0.147071159963243,0.989125914081249,0.));
#9356=DIRECTION('center_axis',(0.998801828230176,0.0489377964773459,0.));
#9357=DIRECTION('ref_axis',(0.,0.,-1.));
#9358=DIRECTION('',(0.,0.,1.));
#9359=DIRECTION('',(-0.048937796477346,0.998801828230176,0.));
#9360=DIRECTION('center_axis',(0.998726725929331,-0.0504472686523171,0.));
#9361=DIRECTION('ref_axis',(0.,0.,-1.));
#9362=DIRECTION('',(0.,0.,1.));
#9363=DIRECTION('',(0.0504472686523171,0.998726725929331,0.));
#9364=DIRECTION('center_axis',(0.989365268949467,-0.145452276010208,0.));
#9365=DIRECTION('ref_axis',(0.,0.,-1.));
#9366=DIRECTION('',(0.,0.,1.));
#9367=DIRECTION('',(0.145452276010207,0.989365268949467,0.));
#9368=DIRECTION('center_axis',(0.969887300531474,-0.24355415058621,0.));
#9369=DIRECTION('ref_axis',(0.,0.,-1.));
#9370=DIRECTION('',(1.25573207893986E-6,5.00060702436131E-6,0.999999999986709));
#9371=DIRECTION('',(0.,0.,1.));
#9372=DIRECTION('',(0.24355415058621,0.969887300531474,0.));
#9373=DIRECTION('center_axis',(0.941838967151958,-0.336064517546685,4.97829182840871E-7));
#9374=DIRECTION('ref_axis',(3.89567122088406E-7,-3.89567122088405E-7,-0.999999999999848));
#9375=DIRECTION('',(-2.14258083449817E-6,-4.52334851791526E-6,0.999999999987474));
#9376=DIRECTION('',(0.00592576891144473,0.0166058064090735,-0.99984455414645));
#9377=DIRECTION('',(0.0146539949648747,0.0410700925488176,0.999048801575579));
#9378=DIRECTION('center_axis',(0.903742317168033,-0.428076890476179,0.));
#9379=DIRECTION('ref_axis',(0.,0.,-1.));
#9380=DIRECTION('',(0.,0.,1.));
#9381=DIRECTION('',(0.,0.,1.));
#9382=DIRECTION('center_axis',(0.,0.,1.));
#9383=DIRECTION('ref_axis',(0.707106781186547,0.707106781186548,0.));
#9384=DIRECTION('',(0.,0.,1.));
#9385=DIRECTION('',(0.,0.,-1.));
#9386=DIRECTION('center_axis',(0.,0.,1.));
#9387=DIRECTION('ref_axis',(0.707106781186547,0.707106781186548,0.));
#9388=DIRECTION('',(0.,0.,1.));
#9389=DIRECTION('center_axis',(0.,0.,-1.));
#9390=DIRECTION('ref_axis',(0.707106781186547,0.707106781186548,0.));
#9391=DIRECTION('',(0.,0.,-1.));
#9392=DIRECTION('center_axis',(0.,0.,1.));
#9393=DIRECTION('ref_axis',(0.707106781186547,0.707106781186548,0.));
#9394=DIRECTION('',(0.,0.,1.));
#9395=DIRECTION('center_axis',(0.,0.,1.));
#9396=DIRECTION('ref_axis',(0.707106781186548,0.707106781186548,0.));
#9397=DIRECTION('',(0.,0.,-1.));
#9398=DIRECTION('center_axis',(-0.962130402887307,-0.272589595986112,-1.91168360797925E-7));
#9399=DIRECTION('ref_axis',(-1.54827297664528E-7,-1.54827297664528E-7,0.999999999999976));
#9400=DIRECTION('',(-4.05088022849593E-7,2.13110064353363E-6,-0.999999999997647));
#9401=DIRECTION('',(-0.00140515734839668,0.00495893262184624,0.999986717171822));
#9402=DIRECTION('',(-0.00159986690262149,0.00564758074160377,-0.999982772480437));
#9403=DIRECTION('',(-6.95967067571311E-7,1.755175991183E-6,0.999999999998217));
#9404=DIRECTION('center_axis',(-0.982409324981175,-0.186740242556426,0.));
#9405=DIRECTION('ref_axis',(0.,0.,1.));
#9406=DIRECTION('',(0.,0.,1.));
#9407=DIRECTION('',(0.,0.,1.));
#9408=DIRECTION('center_axis',(-0.996021320408231,-0.0891152584703909,0.));
#9409=DIRECTION('ref_axis',(0.,0.,1.));
#9410=DIRECTION('',(0.,0.,-1.));
#9411=DIRECTION('center_axis',(0.,0.,1.));
#9412=DIRECTION('ref_axis',(0.707106781186547,0.707106781186548,0.));
#9413=DIRECTION('',(0.,0.,1.));
#9414=DIRECTION('center_axis',(1.,1.11022302462516E-16,0.));
#9415=DIRECTION('ref_axis',(-1.11022302462516E-16,1.,0.));
#9416=DIRECTION('',(1.11022302462516E-16,-1.,0.));
#9417=DIRECTION('center_axis',(0.,0.,1.));
#9418=DIRECTION('ref_axis',(-0.707106781186547,-0.707106781186548,0.));
#9419=DIRECTION('',(0.,0.,1.));
#9420=DIRECTION('center_axis',(-0.272589595986117,-0.962130402887325,0.));
#9421=DIRECTION('ref_axis',(0.,0.,1.));
#9422=DIRECTION('',(0.,0.,1.));
#9423=DIRECTION('center_axis',(-0.372739878994196,-0.927935872033942,0.));
#9424=DIRECTION('ref_axis',(0.,0.,1.));
#9425=DIRECTION('',(0.,0.,1.));
#9426=DIRECTION('center_axis',(-0.447213595499958,-0.894427190999916,0.));
#9427=DIRECTION('ref_axis',(0.,0.,1.));
#9428=DIRECTION('',(0.,0.,1.));
#9429=DIRECTION('center_axis',(-0.530755897057424,-0.847524735768089,0.));
#9430=DIRECTION('ref_axis',(0.,0.,1.));
#9431=DIRECTION('',(0.,0.,1.));
#9432=DIRECTION('center_axis',(-0.597447763448477,-0.801907831331265,0.));
#9433=DIRECTION('ref_axis',(0.,0.,1.));
#9434=DIRECTION('',(0.,0.,1.));
#9435=DIRECTION('center_axis',(-0.674971850540954,-0.737843479999193,0.));
#9436=DIRECTION('ref_axis',(0.,0.,1.));
#9437=DIRECTION('',(0.,0.,1.));
#9438=DIRECTION('center_axis',(-0.737849833826802,-0.674964904807473,0.));
#9439=DIRECTION('ref_axis',(0.,0.,1.));
#9440=DIRECTION('',(0.,0.,1.));
#9441=DIRECTION('center_axis',(-0.801898673540695,-0.597460055044414,0.));
#9442=DIRECTION('ref_axis',(0.,0.,1.));
#9443=DIRECTION('',(0.,0.,1.));
#9444=DIRECTION('center_axis',(-0.847512035352014,-0.53077617687071,0.));
#9445=DIRECTION('ref_axis',(0.,0.,1.));
#9446=DIRECTION('',(0.,0.,1.));
#9447=DIRECTION('center_axis',(-0.892854228460128,-0.450345785725669,0.));
#9448=DIRECTION('ref_axis',(0.,0.,1.));
#9449=DIRECTION('',(1.44094672748198E-6,-2.85681673815369E-6,0.999999999994881));
#9450=DIRECTION('',(0.,0.,1.));
#9451=DIRECTION('center_axis',(-0.929587158386002,-0.368602380572558,2.86456123244065E-7));
#9452=DIRECTION('ref_axis',(2.20658166352083E-7,2.20658166352083E-7,0.999999999999951));
#9453=DIRECTION('',(-0.000752741188549431,0.00189913314423501,0.999997913334825));
#9454=DIRECTION('',(-0.00331303014959173,0.0083544328527359,-0.999959612825907));
#9455=DIRECTION('center_axis',(0.595765944503322,0.803158102505879,-4.1823686188154E-5));
#9456=DIRECTION('ref_axis',(-2.98970385420042E-5,-2.98970385420042E-5,-0.999999999106167));
#9457=DIRECTION('',(0.170023600665391,-0.126069069902933,0.977342603609699));
#9458=DIRECTION('center_axis',(-0.67496837804884,-0.737846656585052,-6.14891271757329E-7));
#9459=DIRECTION('ref_axis',(-4.35224184825122E-7,-4.35224184825122E-7,0.999999999999811));
#9460=DIRECTION('',(-4.67192437437483E-6,5.10714855918961E-6,-0.999999999976045));
#9461=DIRECTION('',(0.00360056262246896,-0.00329289427242772,-0.999988096327207));
#9462=DIRECTION('',(0.00470812886001272,-0.00430774192804493,0.999979638233759));
#9463=DIRECTION('',(4.90937814199207E-6,-3.65764851801821E-6,-0.99999999998126));
#9464=DIRECTION('center_axis',(-0.597447763448477,-0.801907831331265,0.));
#9465=DIRECTION('ref_axis',(0.,0.,1.));
#9466=DIRECTION('',(0.,0.,1.));
#9467=DIRECTION('',(0.,0.,1.));
#9468=DIRECTION('center_axis',(-0.186800767410362,-0.982397818246203,-3.75296320509414E-8));
#9469=DIRECTION('ref_axis',(-3.20985951499989E-8,-3.20985951499989E-8,0.999999999999999));
#9470=DIRECTION('',(-4.10271966999614E-7,1.16214376918345E-7,-0.999999999999909));
#9471=DIRECTION('',(0.010638927155914,-0.00202293021503672,-0.999941358771761));
#9472=DIRECTION('',(5.52123747529654E-5,-1.05367127391155E-5,0.999999998420286));
#9473=DIRECTION('',(2.54534541676458E-6,-4.45789716743344E-7,-0.999999999996661));
#9474=DIRECTION('center_axis',(-0.0890454971076103,-0.996027559580964,2.17367295708509E-7));
#9475=DIRECTION('ref_axis',(2.00325032834067E-7,2.00325032834067E-7,0.99999999999996));
#9476=DIRECTION('',(0.0106090249525125,-0.000948671797882874,-0.999943272696695));
#9477=DIRECTION('',(0.00026173193581798,-2.31807672624619E-5,0.999999965479522));
#9478=DIRECTION('',(-2.06789302936257E-6,-3.33632665315728E-8,-0.999999999997861));
#9479=DIRECTION('center_axis',(0.0161318427056398,-0.999869873358989,0.));
#9480=DIRECTION('ref_axis',(0.,0.,1.));
#9481=DIRECTION('',(0.,0.,1.));
#9482=DIRECTION('',(0.,0.,1.));
#9483=DIRECTION('',(2.08969673426833E-6,3.37150462454253E-8,0.999999999997816));
#9484=DIRECTION('center_axis',(0.243547303282189,-0.96988901997289,0.));
#9485=DIRECTION('ref_axis',(0.,0.,1.));
#9486=DIRECTION('',(4.02177573839703E-7,1.00990176744109E-7,0.999999999999914));
#9487=DIRECTION('',(0.,0.,1.));
#9488=DIRECTION('',(0.,0.,1.));
#9489=DIRECTION('',(-3.64607530807404E-6,-9.15560224478085E-7,0.999999999992934));
#9490=DIRECTION('center_axis',(0.595603102221072,-0.803278871018425,0.));
#9491=DIRECTION('ref_axis',(0.,0.,-1.));
#9492=DIRECTION('',(3.57517764450148E-6,2.65086879897239E-6,0.999999999990096));
#9493=DIRECTION('',(0.,0.,1.));
#9494=DIRECTION('',(0.,0.,1.));
#9495=DIRECTION('',(2.78338881254788E-6,2.06378515762419E-6,0.999999999993997));
#9496=DIRECTION('center_axis',(0.,0.,1.));
#9497=DIRECTION('ref_axis',(0.707106781186547,0.707106781186548,0.));
#9498=DIRECTION('center_axis',(0.,0.,-1.));
#9499=DIRECTION('ref_axis',(0.707106781186547,0.707106781186548,0.));
#9500=DIRECTION('center_axis',(0.,0.,-1.));
#9501=DIRECTION('ref_axis',(0.707106781186547,0.707106781186548,0.));
#9502=DIRECTION('',(0.,0.,1.));
#9503=DIRECTION('center_axis',(0.,0.,1.));
#9504=DIRECTION('ref_axis',(0.707106781186547,0.707106781186548,0.));
#9505=DIRECTION('center_axis',(0.,0.,-1.));
#9506=DIRECTION('ref_axis',(0.707106781186547,0.707106781186548,0.));
#9507=DIRECTION('',(0.,0.,-1.));
#9508=DIRECTION('center_axis',(0.,0.,-1.));
#9509=DIRECTION('ref_axis',(0.707106781186547,0.707106781186548,0.));
#9510=DIRECTION('center_axis',(0.,0.,1.));
#9511=DIRECTION('ref_axis',(0.707106781186547,0.707106781186548,0.));
#9512=DIRECTION('center_axis',(0.,0.,1.));
#9513=DIRECTION('ref_axis',(0.707106781186547,0.707106781186548,0.));
#9514=DIRECTION('',(0.,0.,1.));
#9515=DIRECTION('',(0.,0.,1.));
#9516=DIRECTION('center_axis',(0.,0.,1.));
#9517=DIRECTION('ref_axis',(0.707106781186547,0.707106781186548,0.));
#9518=DIRECTION('center_axis',(0.,0.,1.));
#9519=DIRECTION('ref_axis',(0.707106781186547,0.707106781186548,0.));
#9520=DIRECTION('center_axis',(0.,0.,1.));
#9521=DIRECTION('ref_axis',(0.707106781186547,0.707106781186548,0.));
#9522=DIRECTION('',(0.,0.,-1.));
#9523=DIRECTION('',(0.,0.,-1.));
#9524=DIRECTION('center_axis',(0.,0.,1.));
#9525=DIRECTION('ref_axis',(0.707106781186547,0.707106781186548,0.));
#9526=DIRECTION('center_axis',(0.,0.,-1.));
#9527=DIRECTION('ref_axis',(-0.707106781186547,-0.707106781186548,0.));
#9528=DIRECTION('',(0.183789239904246,0.982965673508195,0.));
#9529=DIRECTION('',(0.282191297942235,0.959358155938478,0.));
#9530=DIRECTION('',(0.35896888341338,0.933349527637396,0.));
#9531=DIRECTION('',(0.450375556492738,0.892839211792279,0.));
#9532=DIRECTION('',(0.530633670489136,0.847601266954708,0.));
#9533=DIRECTION('',(0.606390435940125,0.795167051128469,0.));
#9534=DIRECTION('',(0.674968378048967,0.737846656585192,0.));
#9535=DIRECTION('',(0.738182262751178,0.674601324457306,0.));
#9536=DIRECTION('',(0.795171349206533,0.606384799777387,0.));
#9537=DIRECTION('',(0.846279006825092,0.532739939001324,0.));
#9538=DIRECTION('',(0.894427190999916,0.447213595499958,0.));
#9539=DIRECTION('',(0.931709729278954,0.363203772511984,0.));
#9540=DIRECTION('',(0.95936550157127,0.28216632399155,0.));
#9541=DIRECTION('',(0.984126136437487,0.177470413254224,0.));
#9542=DIRECTION('',(0.996023043155148,0.0890960016159946,0.));
#9543=DIRECTION('',(0.0525588331227635,0.99861782933251,0.));
#9544=DIRECTION('',(0.999217415324933,0.039554480294414,0.));
#9545=DIRECTION('',(0.970313378340023,-0.241851086030993,0.));
#9546=DIRECTION('',(0.940925069070751,-0.338614846683076,0.));
#9547=DIRECTION('',(0.904555159956,-0.426356614346459,0.));
#9548=DIRECTION('',(0.85749535107681,-0.514491713132155,0.));
#9549=DIRECTION('',(0.803273141470636,-0.595610829478356,0.));
#9550=DIRECTION('',(0.740881507275993,-0.671635758559989,0.));
#9551=DIRECTION('',(-0.33342286634593,0.942777382099117,0.));
#9552=DIRECTION('',(-0.24007552052583,0.970754214229458,0.));
#9553=DIRECTION('',(-0.14106212118024,0.99000074644827,0.));
#9554=DIRECTION('',(-0.0455845742992602,0.998960482995176,0.));
#9555=DIRECTION('',(0.0547484411097178,0.998500179367062,0.));
#9556=DIRECTION('',(0.150890038270529,0.988550553260033,0.));
#9557=DIRECTION('',(0.245897406146603,0.96929586074138,0.));
#9558=DIRECTION('',(0.34028219901169,0.940323361953625,0.));
#9559=DIRECTION('',(0.429985515863358,0.902835785814742,0.));
#9560=DIRECTION('',(0.516406974228995,0.856343293876734,0.));
#9561=DIRECTION('',(0.597085524290096,0.802177584256268,0.));
#9562=DIRECTION('',(0.671187217202535,0.741287878940373,0.));
#9563=DIRECTION('',(0.741227112595688,0.671254324047941,0.));
#9564=DIRECTION('',(0.802177584256268,0.597085524290096,0.));
#9565=DIRECTION('',(0.856571697055556,0.516028030055893,0.));
#9566=DIRECTION('',(0.902571594529855,0.430539796938489,0.));
#9567=DIRECTION('',(0.940589070240611,0.339547052621435,0.));
#9568=DIRECTION('',(0.969065154755185,0.246805036089846,0.));
#9569=DIRECTION('',(0.988550553260033,0.15089003827053,0.));
#9570=DIRECTION('',(0.998566326772762,0.0535284133479965,0.));
#9571=DIRECTION('',(0.998960187261783,-0.0455910546697796,0.));
#9572=DIRECTION('',(0.990001740082004,-0.14105514749418,0.));
#9573=DIRECTION('',(0.970752405660157,-0.240082833424254,0.));
#9574=DIRECTION('',(0.942875101169557,-0.333146429658939,0.));
#9575=DIRECTION('',(-0.671668991850727,0.740851378743556,0.));
#9576=DIRECTION('',(-0.595595374930743,0.803284600475515,0.));
#9577=DIRECTION('',(-0.514507882302208,0.857485649471114,0.));
#9578=DIRECTION('',(-0.426348345724963,0.904559057274641,0.));
#9579=DIRECTION('',(-0.338623118841582,0.940922092091582,0.));
#9580=DIRECTION('',(-0.241827530783323,0.970319249193399,0.));
#9581=DIRECTION('',(0.0395491183316322,0.999217627566283,0.));
#9582=DIRECTION('',(0.999272399094574,0.0381401679043732,0.));
#9583=DIRECTION('',(0.0817426839504678,0.996653467169293,0.));
#9584=DIRECTION('',(0.177470413254223,0.984126136437487,0.));
#9585=DIRECTION('',(0.28735486909037,0.957824190136194,0.));
#9586=DIRECTION('',(0.35896888341338,0.933349527637396,0.));
#9587=DIRECTION('',(0.450375556492738,0.892839211792279,0.));
#9588=DIRECTION('',(0.530633670489136,0.847601266954708,0.));
#9589=DIRECTION('',(0.606384799777387,0.795171349206533,0.));
#9590=DIRECTION('',(0.674970114388634,0.737845068210254,0.));
#9591=DIRECTION('',(0.738183886109616,0.674599548093612,0.));
#9592=DIRECTION('',(0.795167051128469,0.606390435940125,0.));
#9593=DIRECTION('',(0.846279006825092,0.532739939001324,0.));
#9594=DIRECTION('',(0.894427190999916,0.447213595499958,0.));
#9595=DIRECTION('',(0.933349527637396,0.35896888341338,0.));
#9596=DIRECTION('',(0.957831522958999,0.28733042586201,0.));
#9597=DIRECTION('',(0.984120629875856,0.177500946061558,0.));
#9598=DIRECTION('',(0.996660848235576,0.0816526398491938,0.));
#9599=DIRECTION('center_axis',(-0.741050014442676,0.671423429596747,0.00595434992690548));
#9600=DIRECTION('ref_axis',(0.00421547331810862,-0.00421547331810862,0.999982229626811));
#9601=DIRECTION('',(0.116481485993955,0.137283945085159,-0.983659078056262));
#9602=DIRECTION('',(-0.00420955784934181,0.00420955784934181,-0.999982279465704));
#9603=DIRECTION('',(-0.00420955784934181,0.00420955784934181,-0.999982279465704));
#9604=DIRECTION('',(0.049176101975563,0.0454273090282405,0.997756518690277));
#9605=DIRECTION('',(0.671435332331411,0.741063151490484,0.));
#9606=DIRECTION('center_axis',(-0.762514235589915,0.646971437176887,0.));
#9607=DIRECTION('ref_axis',(0.,0.,1.));
#9608=DIRECTION('',(0.646971437176887,0.762514235589915,0.));
#9609=DIRECTION('',(0.,0.,1.));
#9610=DIRECTION('center_axis',(-0.741055902376119,0.671417005098366,0.00594599178079314));
#9611=DIRECTION('ref_axis',(0.00420955784934181,-0.00420955784934181,0.999982279465704));
#9612=DIRECTION('',(0.0665649457312745,0.0646513399278789,0.995685348011771));
#9613=DIRECTION('center_axis',(0.37861357743597,0.925554838451583,0.));
#9614=DIRECTION('ref_axis',(0.,0.,-1.));
#9615=DIRECTION('',(0.925554838451583,-0.37861357743597,0.));
#9616=DIRECTION('',(0.,0.,1.));
#9617=DIRECTION('',(0.,0.,1.));
#9618=DIRECTION('center_axis',(0.459422918873767,0.888217643155949,0.));
#9619=DIRECTION('ref_axis',(0.,0.,-1.));
#9620=DIRECTION('',(0.,0.,-1.));
#9621=DIRECTION('',(0.888217643155949,-0.459422918873767,0.));
#9622=DIRECTION('center_axis',(0.675433354927399,0.737421035129537,0.));
#9623=DIRECTION('ref_axis',(0.,0.,-1.));
#9624=DIRECTION('',(0.,0.,-1.));
#9625=DIRECTION('',(0.737421035129537,-0.675433354927399,0.));
#9626=DIRECTION('center_axis',(0.608630928784424,0.793453459584751,0.));
#9627=DIRECTION('ref_axis',(0.,0.,-1.));
#9628=DIRECTION('',(0.793453459584751,-0.608630928784424,0.));
#9629=DIRECTION('',(0.,0.,1.));
#9630=DIRECTION('center_axis',(0.537335427935949,0.843368625148511,0.));
#9631=DIRECTION('ref_axis',(0.,0.,-1.));
#9632=DIRECTION('',(0.843368625148511,-0.537335427935949,0.));
#9633=DIRECTION('center_axis',(0.0821692493742557,0.996585746012134,0.00806630663376186));
#9634=DIRECTION('ref_axis',(0.00747700423543941,0.00747700423543942,-0.999944092844858));
#9635=DIRECTION('',(-0.99661816917098,0.0821719226882536,0.));
#9636=DIRECTION('',(0.730987033903497,-0.0657679579757102,0.67921464351755));
#9637=DIRECTION('',(0.0610499360081009,0.00304519283235697,-0.99813006773367));
#9638=DIRECTION('center_axis',(-0.306760809753287,-0.951786638695621,0.));
#9639=DIRECTION('ref_axis',(0.,0.,1.));
#9640=DIRECTION('',(0.,0.,1.));
#9641=DIRECTION('',(0.180113104029584,-0.0580504489062936,0.981931471712057));
#9642=DIRECTION('',(0.132112170664864,-0.0425797492880949,-0.990319816681854));
#9643=DIRECTION('center_axis',(-0.306925248569259,-0.95173362380554,3.32967469497399E-5));
#9644=DIRECTION('ref_axis',(2.64541470745086E-5,2.64541470745086E-5,0.999999999300178));
#9645=DIRECTION('',(0.171932987606256,-0.0554123807954684,0.983548939213177));
#9646=DIRECTION('',(0.951733624333121,-0.306925248739399,0.));
#9647=DIRECTION('center_axis',(0.,0.,-1.));
#9648=DIRECTION('ref_axis',(-0.707106781186547,-0.707106781186548,0.));
#9649=DIRECTION('',(0.996660848235576,0.0816526398491938,0.));
#9650=DIRECTION('',(0.984120629875856,0.177500946061558,0.));
#9651=DIRECTION('',(0.957831522958999,0.28733042586201,0.));
#9652=DIRECTION('',(0.933349527637396,0.35896888341338,0.));
#9653=DIRECTION('',(0.894427190999916,0.447213595499958,0.));
#9654=DIRECTION('',(0.846279006825092,0.532739939001324,0.));
#9655=DIRECTION('',(0.795167051128469,0.606390435940125,0.));
#9656=DIRECTION('',(0.738183886109616,0.674599548093612,0.));
#9657=DIRECTION('',(0.674970114388634,0.737845068210254,0.));
#9658=DIRECTION('',(0.606384799777387,0.795171349206533,0.));
#9659=DIRECTION('',(0.530633670489136,0.847601266954708,0.));
#9660=DIRECTION('',(0.450413009320788,0.892820318448562,0.));
#9661=DIRECTION('',(0.450316530895178,0.892868983671475,0.));
#9662=DIRECTION('',(0.35896888341338,0.933349527637396,0.));
#9663=DIRECTION('',(0.28735486909037,0.957824190136194,0.));
#9664=DIRECTION('',(0.177470413254223,0.984126136437487,0.));
#9665=DIRECTION('',(0.0817426839504678,0.996653467169293,0.));
#9666=DIRECTION('',(0.999822048223522,0.0188645669476138,0.));
#9667=DIRECTION('',(0.99907411091957,0.0430223301352927,0.));
#9668=DIRECTION('',(0.0395491183316322,0.999217627566283,0.));
#9669=DIRECTION('',(-0.241827530783323,0.970319249193399,0.));
#9670=DIRECTION('',(-0.338636339178665,0.940917334194493,0.));
#9671=DIRECTION('',(-0.338599813465017,0.940930479005466,0.));
#9672=DIRECTION('',(-0.426348345724963,0.904559057274641,0.));
#9673=DIRECTION('',(-0.514515061026432,0.857481342057637,0.));
#9674=DIRECTION('',(-0.514495755427527,0.857492925712544,0.));
#9675=DIRECTION('',(-0.59559758595808,0.803282961104559,0.));
#9676=DIRECTION('',(-0.595608756535315,0.803274678511938,0.));
#9677=DIRECTION('',(-0.595583217240752,0.803293614652299,0.));
#9678=DIRECTION('',(-0.671685614876273,0.74083630767416,0.));
#9679=DIRECTION('',(-0.67164139229153,0.740876400056511,0.));
#9680=DIRECTION('',(0.941091720730629,-0.338151405693167,0.));
#9681=DIRECTION('',(0.904412268773147,-0.426659639633994,0.));
#9682=DIRECTION('',(0.881897543110637,-0.471441113454715,0.));
#9683=DIRECTION('',(0.8576098609882,-0.514300813081022,0.));
#9684=DIRECTION('',(0.783761962445979,-0.621061338534953,0.));
#9685=DIRECTION('',(0.803486724347521,-0.59532267200006,0.));
#9686=DIRECTION('',(0.718523633491839,-0.695502543570967,0.));
#9687=DIRECTION('',(-0.695658262232083,0.718372871278028,0.));
#9688=DIRECTION('',(-0.59453206352105,0.804071903156305,0.));
#9689=DIRECTION('',(-0.621507068931069,0.783408554503148,0.));
#9690=DIRECTION('',(-0.514495755427527,0.857492925712544,0.));
#9691=DIRECTION('',(-0.471438806476641,0.881898776361483,0.));
#9692=DIRECTION('',(-0.426946073417823,0.90427708717688,0.));
#9693=DIRECTION('',(-0.306234497002806,0.95195610867594,0.));
#9694=DIRECTION('',(-0.29042190757728,0.956898696623197,0.));
#9695=DIRECTION('',(-0.147186818471793,0.989108710136632,0.));
#9696=DIRECTION('',(-0.179259047753667,0.983801907803826,0.));
#9697=DIRECTION('',(-0.0487306199037749,0.998811957619548,0.));
#9698=DIRECTION('',(-3.18472351840127E-6,0.999999999994929,0.));
#9699=DIRECTION('',(0.0813036235980685,0.996689380293491,0.));
#9700=DIRECTION('',(0.14693175006354,0.989146632619889,0.));
#9701=DIRECTION('',(0.243043744824525,0.970015328797267,0.));
#9702=DIRECTION('',(0.27448882083083,0.961590290736601,0.));
#9703=DIRECTION('',(0.397921880630084,0.917419302672348,0.));
#9704=DIRECTION('',(0.54173535059477,0.840549112137989,0.));
#9705=DIRECTION('',(0.671435332331411,0.741063151490484,0.));
#9706=DIRECTION('',(0.762455453245649,0.647040711096273,0.));
#9707=DIRECTION('',(0.783386305450303,0.621535112791646,0.));
#9708=DIRECTION('',(0.874365760200635,0.485267469947003,0.));
#9709=DIRECTION('',(0.840548347293032,0.541736537315836,0.));
#9710=DIRECTION('',(0.917417977180135,0.397924936573106,0.));
#9711=DIRECTION('',(0.929738717562119,0.368219930294309,0.));
#9712=DIRECTION('',(0.970278657572728,0.241990344143864,0.));
#9713=DIRECTION('',(0.961588209065105,0.274496113245643,0.));
#9714=DIRECTION('',(0.993533386017026,0.113540349081474,0.));
#9715=DIRECTION('',(0.995210940459844,0.0977506214253033,0.));
#9716=DIRECTION('',(0.99661801488045,-0.0821737939719862,0.));
#9717=DIRECTION('',(0.999873154376094,-0.0159271829900617,0.));
#9718=DIRECTION('',(0.980885988978985,-0.194583341077077,0.));
#9719=DIRECTION('',(0.977723914223146,-0.20989508702247,0.));
#9720=DIRECTION('',(0.923697811088614,-0.383121852404823,0.));
#9721=DIRECTION('',(0.911854311020274,-0.410513965016711,0.));
#9722=DIRECTION('',(0.831747314192868,-0.555154397742601,0.));
#9723=DIRECTION('',(0.823066680920682,-0.567944749740863,0.));
#9724=DIRECTION('',(0.718377049268049,-0.695653947796555,0.));
#9725=DIRECTION('',(0.740435003683163,-0.672127967964966,0.));
#9726=DIRECTION('',(-0.621061338534953,0.783761962445979,0.));
#9727=DIRECTION('',(-0.595699314626743,0.803207523964529,0.));
#9728=DIRECTION('',(-0.514499497947556,0.857490680189419,0.));
#9729=DIRECTION('',(-0.382952836518522,0.923767895633106,0.));
#9730=DIRECTION('',(-0.39792872697291,0.917416333106033,0.));
#9731=DIRECTION('',(0.741066288429513,-0.671431870075666,0.));
#9732=DIRECTION('',(0.740813908810205,-0.671710318897474,0.));
#9733=DIRECTION('',(0.803273141470636,-0.595610829478356,0.));
#9734=DIRECTION('',(0.857492925712544,-0.514495755427526,0.));
#9735=DIRECTION('',(0.857496786805282,-0.514489320218231,0.));
#9736=DIRECTION('',(0.904555159956,-0.426356614346459,0.));
#9737=DIRECTION('',(0.940924079268293,-0.338617597081301,0.));
#9738=DIRECTION('',(0.940925772901093,-0.338612890910079,0.));
#9739=DIRECTION('',(0.970313378340023,-0.241851086030993,0.));
#9740=DIRECTION('',(0.999217415324933,0.039554480294414,0.));
#9741=DIRECTION('',(0.0525588331227635,0.99861782933251,0.));
#9742=DIRECTION('',(0.996016369844527,0.0891705725098321,0.));
#9743=DIRECTION('',(0.996039937239256,0.0889069368745725,0.));
#9744=DIRECTION('',(0.984126136437487,0.177470413254224,0.));
#9745=DIRECTION('',(0.95936550157127,0.28216632399155,0.));
#9746=DIRECTION('',(0.931709729278954,0.363203772511984,0.));
#9747=DIRECTION('',(0.894427190999916,0.447213595499958,0.));
#9748=DIRECTION('',(0.846279006825092,0.532739939001324,0.));
#9749=DIRECTION('',(0.795040306316928,0.606556601918968,0.));
#9750=DIRECTION('',(0.795302953170646,0.606212184534466,0.));
#9751=DIRECTION('',(0.795137226319412,0.606429543575404,0.));
#9752=DIRECTION('',(0.738394593900113,0.674368907719719,0.));
#9753=DIRECTION('',(0.738146469850163,0.674640488740294,0.));
#9754=DIRECTION('',(0.674968378048967,0.737846656585192,0.));
#9755=DIRECTION('',(0.606390435940125,0.795167051128469,0.));
#9756=DIRECTION('',(0.530633670489136,0.847601266954708,0.));
#9757=DIRECTION('',(0.450375556492738,0.892839211792279,0.));
#9758=DIRECTION('',(0.358979079308869,0.93334560620306,0.));
#9759=DIRECTION('',(0.358964839607524,0.933351082886576,0.));
#9760=DIRECTION('',(0.282191297942235,0.959358155938478,0.));
#9761=DIRECTION('',(0.183789239904246,0.982965673508195,0.));
#9762=DIRECTION('center_axis',(-0.740876400056509,-0.671641392291529,-6.0189325758728E-8));
#9763=DIRECTION('ref_axis',(-4.26113752936695E-8,-4.26113752936696E-8,0.999999999999998));
#9764=DIRECTION('',(-0.0173839190868766,0.0191758211608359,0.999664987503308));
#9765=DIRECTION('',(-0.0153215764676754,0.01690088546236,0.999739770822954));
#9766=DIRECTION('center_axis',(-0.740836307673343,-0.671685614875532,1.48529553806404E-6));
#9767=DIRECTION('ref_axis',(1.05152034411063E-6,1.05152034411063E-6,0.999999999998894));
#9768=DIRECTION('',(-0.0443644751671126,0.0489340478622158,0.997816241751438));
#9769=DIRECTION('center_axis',(-0.338145132164954,-0.941074261198121,0.00609134661270772));
#9770=DIRECTION('ref_axis',(0.0047616605338687,0.0047616605338687,0.999977326331913));
#9771=DIRECTION('',(-0.00870196202647481,0.00959898894498855,0.999916064111445));
#9772=DIRECTION('center_axis',(-0.740854892906592,-0.671665115706006,0.));
#9773=DIRECTION('ref_axis',(0.,0.,1.));
#9774=DIRECTION('',(0.,0.,1.));
#9775=DIRECTION('',(-0.0306451442420058,0.0338019714358008,-0.998958608682782));
#9776=DIRECTION('',(-0.0172752620019915,0.0190548267003057,0.999669184731721));
#9777=DIRECTION('center_axis',(-0.426659639633993,-0.904412268773147,0.));
#9778=DIRECTION('ref_axis',(0.,0.,1.));
#9779=DIRECTION('',(0.00229841359636664,-0.0010842846239646,0.999996770805683));
#9780=DIRECTION('center_axis',(-0.42718180521923,-0.904165751003369,1.46745264665595E-6));
#9781=DIRECTION('ref_axis',(1.10223107391862E-6,1.10223107391862E-6,0.999999999998785));
#9782=DIRECTION('',(0.109940774164587,-0.0519441870991989,-0.992579884746157));
#9783=DIRECTION('center_axis',(-0.740859646051955,-0.671659872890787,3.2321490873067E-7));
#9784=DIRECTION('ref_axis',(2.28821552124516E-7,2.28821552124516E-7,0.999999999999948));
#9785=DIRECTION('',(-0.0590873493181017,0.0651745213715943,-0.996122967767807));
#9786=DIRECTION('center_axis',(-0.595595374930743,-0.803284600475515,0.));
#9787=DIRECTION('ref_axis',(0.,0.,1.));
#9788=DIRECTION('',(0.0354550505492078,-0.0262881475787578,0.999025461481053));
#9789=DIRECTION('',(0.,0.,1.));
#9790=DIRECTION('center_axis',(-0.80327467851188,-0.595608756535272,3.78107354433691E-7));
#9791=DIRECTION('ref_axis',(2.7029225234976E-7,2.7029225234976E-7,0.999999999999927));
#9792=DIRECTION('',(-0.00939339879641922,0.0126691513109182,0.999875620596938));
#9793=DIRECTION('',(-0.00708250949463542,0.00955254360442316,0.99992929098509));
#9794=DIRECTION('center_axis',(-0.671676016336144,-0.74084501015989,0.));
#9795=DIRECTION('ref_axis',(0.,0.,1.));
#9796=DIRECTION('',(0.0327169641748391,-0.0296623448389368,0.999024396876192));
#9797=DIRECTION('',(0.74084501015989,-0.671676016336144,0.));
#9798=DIRECTION('center_axis',(-0.904559057274641,-0.426348345724963,0.));
#9799=DIRECTION('ref_axis',(0.,0.,1.));
#9800=DIRECTION('',(-0.0245798279746145,0.05214962423012,0.998336741159713));
#9801=DIRECTION('',(0.,0.,1.));
#9802=DIRECTION('center_axis',(-0.857481342057638,-0.514515061026432,0.));
#9803=DIRECTION('ref_axis',(0.,0.,1.));
#9804=DIRECTION('',(-0.0186416362234472,0.0310678082292534,-0.999343424799875));
#9805=DIRECTION('center_axis',(-0.514483867658267,-0.857500058261862,-5.43121336098844E-7));
#9806=DIRECTION('ref_axis',(-3.95865670025625E-7,-3.95865670025625E-7,0.999999999999843));
#9807=DIRECTION('',(0.0021820595531103,-0.00130856121577557,-0.999996763136587));
#9808=DIRECTION('',(0.104363943065514,-0.062617026831491,0.992566005532429));
#9809=DIRECTION('center_axis',(-0.471432441640615,-0.881881321251042,-0.00606532746718476));
#9810=DIRECTION('ref_axis',(-0.00448174385270747,-0.00448174385270748,0.99997991377031));
#9811=DIRECTION('',(0.126921172254685,-0.0610398282118249,-0.990032906223509));
#9812=DIRECTION('center_axis',(-0.471464656098308,-0.881864063686054,-0.00607052133044315));
#9813=DIRECTION('ref_axis',(-0.0044855319344086,-0.0044855319344086,0.999979879800854));
#9814=DIRECTION('center_axis',(-0.595311701809656,-0.803471918255349,-0.00607077124920397));
#9815=DIRECTION('ref_axis',(-0.00433995424084053,-0.00433995424084053,0.999981164619802));
#9816=DIRECTION('',(0.0451825562940004,-0.0410184360335564,0.998136275521584));
#9817=DIRECTION('',(0.0431490886913854,-0.0395129295319989,0.998286975045203));
#9818=DIRECTION('center_axis',(-0.718371483989383,-0.695656918808846,-0.00196527460533582));
#9819=DIRECTION('ref_axis',(-0.00138983828416705,-0.00138983828416705,0.999998068347678));
#9820=DIRECTION('',(-0.0858799679906451,0.0858799679906451,0.992597230600535));
#9821=DIRECTION('',(-0.0514279642994219,0.0559240859412402,-0.997109653498377));
#9822=DIRECTION('center_axis',(-0.695501213764923,-0.7185222596693,0.0019555079245343));
#9823=DIRECTION('ref_axis',(0.00138293615441068,0.00138293615441068,0.999998087485764));
#9824=DIRECTION('',(0.0479028604072221,-0.0436522324735219,0.99789768942757));
#9825=DIRECTION('center_axis',(-0.803891856831636,-0.59474372119832,0.00614724450138431));
#9826=DIRECTION('ref_axis',(0.00439508750652479,0.00439508750652479,0.999980683019237));
#9827=DIRECTION('',(-0.0353198297823373,0.0374181708832191,-0.998675317664305));
#9828=DIRECTION('',(-0.0411777669359548,0.04534182969498,-0.998122492477792));
#9829=DIRECTION('center_axis',(-0.857485649471074,-0.514507882302184,3.03523748784031E-7));
#9830=DIRECTION('ref_axis',(2.21228265115595E-7,2.21228265115595E-7,0.999999999999951));
#9831=DIRECTION('',(-0.011039624140772,0.0183993735679534,0.999769768372267));
#9832=DIRECTION('center_axis',(-0.0188645669476139,0.999822048223522,0.));
#9833=DIRECTION('ref_axis',(0.,0.,-1.));
#9834=DIRECTION('',(2.10213656212843E-5,3.96629540024234E-7,-0.999999999778972));
#9835=DIRECTION('',(0.,0.,1.));
#9836=DIRECTION('center_axis',(-0.0381401679043702,0.999272399094492,-4.05417462452782E-7));
#9837=DIRECTION('ref_axis',(-4.21812368055435E-7,-4.21812368055435E-7,-0.999999999999822));
#9838=DIRECTION('',(8.28955735980427E-5,3.56966584871955E-6,0.999999996557791));
#9839=DIRECTION('center_axis',(-0.0816526398491936,0.996660848235576,0.));
#9840=DIRECTION('ref_axis',(0.,0.,-1.));
#9841=DIRECTION('',(0.0101468442556968,0.000831292431204681,0.9999481739093));
#9842=DIRECTION('center_axis',(-0.177500946061558,0.984120629875856,0.));
#9843=DIRECTION('ref_axis',(0.,0.,-1.));
#9844=DIRECTION('',(0.,0.,1.));
#9845=DIRECTION('',(0.0101480204676531,0.00183034800712154,-0.99994683233998));
#9846=DIRECTION('center_axis',(-0.28733042586201,0.957831522958999,0.));
#9847=DIRECTION('ref_axis',(0.,0.,1.));
#9848=DIRECTION('',(0.,0.,1.));
#9849=DIRECTION('',(0.00998064049786937,0.00299399384535728,-0.999945709934348));
#9850=DIRECTION('center_axis',(-0.532739939001324,0.846279006825093,0.));
#9851=DIRECTION('ref_axis',(0.,0.,1.));
#9852=DIRECTION('',(0.00898354951152302,0.00565522195420982,-0.999943655564064));
#9853=DIRECTION('',(0.,0.,1.));
#9854=DIRECTION('center_axis',(-0.606390435940125,0.795167051128469,0.));
#9855=DIRECTION('ref_axis',(0.,0.,1.));
#9856=DIRECTION('',(0.,0.,1.));
#9857=DIRECTION('',(0.00839974833707699,0.0064056062794339,0.999944204661473));
#9858=DIRECTION('center_axis',(-0.892868983671475,0.450316530895178,0.));
#9859=DIRECTION('ref_axis',(0.,0.,1.));
#9860=DIRECTION('',(0.00184034569739224,0.00364896129655359,0.999991649069716));
#9861=DIRECTION('',(0.,0.,1.));
#9862=DIRECTION('center_axis',(-0.933349527637397,0.35896888341338,0.));
#9863=DIRECTION('ref_axis',(0.,0.,1.));
#9864=DIRECTION('',(0.0037427895105146,0.00973157001372225,-0.999945642558508));
#9865=DIRECTION('center_axis',(-0.984126136437487,0.177470413254223,0.));
#9866=DIRECTION('ref_axis',(0.,0.,1.));
#9867=DIRECTION('',(0.,0.,1.));
#9868=DIRECTION('',(0.0018299514073626,0.0101476239074078,0.999946837090293));
#9869=DIRECTION('center_axis',(-0.996653467169293,0.0817426839504679,0.));
#9870=DIRECTION('ref_axis',(0.,0.,1.));
#9871=DIRECTION('',(0.000811464052681037,0.00989383297076305,0.999950725583635));
#9872=DIRECTION('center_axis',(-0.996653467169293,0.0817426839504679,0.));
#9873=DIRECTION('ref_axis',(0.,0.,1.));
#9874=DIRECTION('center_axis',(-0.0816526398491936,0.996660848235576,0.));
#9875=DIRECTION('ref_axis',(0.,0.,-1.));
#9876=DIRECTION('',(0.,0.,1.));
#9877=DIRECTION('center_axis',(-0.783408554503148,-0.621507068931069,0.));
#9878=DIRECTION('ref_axis',(0.,0.,1.));
#9879=DIRECTION('',(-0.00236922822232567,0.00298640795853293,0.999992734036171));
#9880=DIRECTION('',(0.,0.,1.));
#9881=DIRECTION('center_axis',(-0.857492925712544,-0.514495755427527,0.));
#9882=DIRECTION('ref_axis',(0.,0.,1.));
#9883=DIRECTION('',(-0.00131024749828598,0.00218374583047664,-0.999996757247563));
#9884=DIRECTION('center_axis',(-0.857500058261987,-0.514483867658343,3.53053859406729E-8));
#9885=DIRECTION('ref_axis',(2.57330900702718E-8,2.57330900702718E-8,0.999999999999999));
#9886=DIRECTION('',(-0.0626153705716673,0.104362298473258,0.992566282938097));
#9887=DIRECTION('center_axis',(-0.941850477285286,0.336032258031098,0.));
#9888=DIRECTION('ref_axis',(0.,0.,1.));
#9889=DIRECTION('',(0.006459497012634,0.0181050485450988,0.999815223986674));
#9890=DIRECTION('',(0.,0.,1.));
#9891=DIRECTION('center_axis',(-0.941840565127855,0.336060039099627,0.));
#9892=DIRECTION('ref_axis',(0.,0.,1.));
#9893=DIRECTION('center_axis',(-0.917419302672348,0.397921880630084,0.));
#9894=DIRECTION('ref_axis',(0.,0.,1.));
#9895=DIRECTION('',(0.0788567434480648,0.181806284365621,0.980167378042104));
#9896=DIRECTION('',(0.,0.,1.));
#9897=DIRECTION('center_axis',(-0.961562553302912,0.274585972120909,0.));
#9898=DIRECTION('ref_axis',(0.,0.,1.));
#9899=DIRECTION('',(0.00407195626835793,0.014259434435405,-0.999890037805023));
#9900=DIRECTION('center_axis',(-0.961590290735521,0.274488820830522,-1.49843283914127E-6));
#9901=DIRECTION('ref_axis',(-1.21224671230035E-6,1.21224671230035E-6,0.99999999999853));
#9902=DIRECTION('',(0.0495744684579695,0.173674837407421,0.983554483965487));
#9903=DIRECTION('center_axis',(-0.97004862228345,0.242836369682588,0.0060139808249436));
#9904=DIRECTION('ref_axis',(0.00826934576646624,0.00826934576646624,0.99993161558238));
#9905=DIRECTION('',(0.0101998691985384,0.0654561714882117,-0.997803313425266));
#9906=DIRECTION('center_axis',(-0.858516044663271,0.512786701324958,0.));
#9907=DIRECTION('ref_axis',(0.,0.,1.));
#9908=DIRECTION('',(0.,0.,1.));
#9909=DIRECTION('center_axis',(-0.903740452935142,0.42808082616322,0.));
#9910=DIRECTION('ref_axis',(0.,0.,1.));
#9911=DIRECTION('center_axis',(-0.48593687778811,0.873958022392708,-0.00791996849555966));
#9912=DIRECTION('ref_axis',(-0.00582375878825761,0.0058237587882576,0.999966083258403));
#9913=DIRECTION('',(0.0491774289847646,0.0363887733719601,0.998126964694839));
#9914=DIRECTION('',(0.655587563746791,0.358496175747476,-0.664594190641915));
#9915=DIRECTION('center_axis',(-0.647033405149866,0.762458962349968,-0.00202567331505463));
#9916=DIRECTION('ref_axis',(-0.00143716218538068,0.00143716218538068,0.99999793456272));
#9917=DIRECTION('',(0.154952585832585,0.134095329191045,0.978778901914493));
#9918=DIRECTION('',(0.0940013107359046,0.0771337858188077,-0.992579534679811));
#9919=DIRECTION('center_axis',(-0.621167788568122,0.78367495823979,0.00203427462545794));
#9920=DIRECTION('ref_axis',(0.0014480413302916,-0.0014480413302916,0.999997903174107));
#9921=DIRECTION('',(0.60025101387789,0.474107570206657,0.644143409662247));
#9922=DIRECTION('center_axis',(-0.903499025819872,0.428590142610096,0.));
#9923=DIRECTION('ref_axis',(0.,0.,1.));
#9924=DIRECTION('center_axis',(-0.999206688339828,-0.0398245398709012,-1.01289263493794E-6));
#9925=DIRECTION('ref_axis',(-9.74843303488802E-7,-9.74843303488803E-7,0.99999999999905));
#9926=DIRECTION('',(-0.000851593555274206,0.0213412463107237,0.999771886979386));
#9927=DIRECTION('',(-0.00107561730909785,0.0269620562850436,0.999635878992089));
#9928=DIRECTION('center_axis',(-0.999176241687676,-0.0405812524066347,0.));
#9929=DIRECTION('ref_axis',(0.,0.,1.));
#9930=DIRECTION('',(-1.55943337271431E-5,0.000383957784471009,0.999999926166616));
#9931=DIRECTION('center_axis',(-0.996644655964641,-0.0818500442096566,0.));
#9932=DIRECTION('ref_axis',(0.,0.,1.));
#9933=DIRECTION('center_axis',(-0.675072611241127,-0.737751292477408,0.));
#9934=DIRECTION('ref_axis',(0.,0.,1.));
#9935=DIRECTION('',(0.00267883619093858,-0.00245124469579905,0.999993407596322));
#9936=DIRECTION('center_axis',(-0.177500946061558,0.984120629875856,0.));
#9937=DIRECTION('ref_axis',(0.,0.,-1.));
#9938=DIRECTION('center_axis',(-0.28733042586201,0.957831522958999,0.));
#9939=DIRECTION('ref_axis',(0.,0.,1.));
#9940=DIRECTION('center_axis',(-0.35896888341338,0.933349527637396,0.));
#9941=DIRECTION('ref_axis',(0.,0.,1.));
#9942=DIRECTION('',(0.00973157001372225,0.0037427895105146,-0.999945642558508));
#9943=DIRECTION('center_axis',(-0.447213595499958,0.894427190999916,0.));
#9944=DIRECTION('ref_axis',(0.,0.,1.));
#9945=DIRECTION('',(0.00931552935133199,0.004657764675666,0.999945761599663));
#9946=DIRECTION('center_axis',(-0.674599548093612,0.738183886109616,0.));
#9947=DIRECTION('ref_axis',(0.,0.,1.));
#9948=DIRECTION('',(0.,0.,1.));
#9949=DIRECTION('',(0.00773543780233767,0.00706913676111909,-0.999945093646376));
#9950=DIRECTION('center_axis',(-0.674599548093612,0.738183886109616,0.));
#9951=DIRECTION('ref_axis',(0.,0.,1.));
#9952=DIRECTION('center_axis',(-0.737845068210254,0.674970114388634,0.));
#9953=DIRECTION('ref_axis',(0.,0.,1.));
#9954=DIRECTION('',(0.,0.,1.));
#9955=DIRECTION('',(0.00715281208726094,0.00781911229832822,-0.999943847804521));
#9956=DIRECTION('center_axis',(-0.737845068210254,0.674970114388634,0.));
#9957=DIRECTION('ref_axis',(0.,0.,1.));
#9958=DIRECTION('center_axis',(-0.795171349206533,0.606384799777387,0.));
#9959=DIRECTION('ref_axis',(0.,0.,1.));
#9960=DIRECTION('',(0.00640520970963369,0.0083993517789859,-0.999944210532902));
#9961=DIRECTION('center_axis',(-0.892820318448562,0.450413009320788,0.));
#9962=DIRECTION('ref_axis',(0.,0.,1.));
#9963=DIRECTION('',(0.,0.,1.));
#9964=DIRECTION('',(0.00290088828988809,0.00575021580896876,-0.99997925971756));
#9965=DIRECTION('center_axis',(-0.970319249193399,-0.241827530783323,0.));
#9966=DIRECTION('ref_axis',(0.,0.,1.));
#9967=DIRECTION('',(-0.0054173929206766,0.0217369817834614,0.999749046249552));
#9968=DIRECTION('',(0.,0.,1.));
#9969=DIRECTION('center_axis',(-0.904559057274641,-0.426348345724963,0.));
#9970=DIRECTION('ref_axis',(0.,0.,1.));
#9971=DIRECTION('',(0.,0.,1.));
#9972=DIRECTION('center_axis',(0.941217961378808,-0.33779986556824,0.));
#9973=DIRECTION('ref_axis',(0.,0.,-1.));
#9974=DIRECTION('',(0.,0.,1.));
#9975=DIRECTION('',(0.33779986556824,0.941217961378808,0.));
#9976=DIRECTION('',(0.,0.,1.));
#9977=DIRECTION('center_axis',(0.970310652028796,-0.241862023805832,0.));
#9978=DIRECTION('ref_axis',(0.,0.,-1.));
#9979=DIRECTION('',(0.0106938742154984,0.0429020641582178,-0.999022048778318));
#9980=DIRECTION('',(0.,0.,1.));
#9981=DIRECTION('center_axis',(0.970310652028796,-0.241862023805832,0.));
#9982=DIRECTION('ref_axis',(0.,0.,-1.));
#9983=DIRECTION('',(0.241862023805832,0.970310652028796,0.));
#9984=DIRECTION('center_axis',(0.989127914341652,-0.14705770659892,0.));
#9985=DIRECTION('ref_axis',(0.,0.,-1.));
#9986=DIRECTION('',(0.00649198120719754,0.0436658505013547,0.999025098623653));
#9987=DIRECTION('',(0.14705770659892,0.989127914341652,0.));
#9988=DIRECTION('',(0.,0.,1.));
#9989=DIRECTION('center_axis',(0.989127914341652,-0.14705770659892,0.));
#9990=DIRECTION('ref_axis',(0.,0.,-1.));
#9991=DIRECTION('center_axis',(0.998727054653434,-0.0504407603360318,0.));
#9992=DIRECTION('ref_axis',(0.,0.,-1.));
#9993=DIRECTION('',(0.00222783191181056,0.0441110718538494,-0.999024148909763));
#9994=DIRECTION('',(0.,0.,1.));
#9995=DIRECTION('center_axis',(0.998727054653434,-0.0504407603360318,0.));
#9996=DIRECTION('ref_axis',(0.,0.,-1.));
#9997=DIRECTION('',(0.0504407603360318,0.998727054653434,0.));
#9998=DIRECTION('center_axis',(0.209929384381124,0.977716550731019,0.));
#9999=DIRECTION('ref_axis',(0.,0.,-1.));
#10000=DIRECTION('',(0.110084747885381,-0.0236367312551378,-0.993641108861034));
#10001=DIRECTION('',(0.97771655073102,-0.209929384381124,0.));
#10002=DIRECTION('',(0.,0.,1.));
#10003=DIRECTION('center_axis',(0.998727418299018,0.0504335596381863,0.));
#10004=DIRECTION('ref_axis',(0.,0.,-1.));
#10005=DIRECTION('',(-0.00222752836415917,0.0441113748124191,0.999024136209704));
#10006=DIRECTION('',(-0.0504335596381862,0.998727418299018,0.));
#10007=DIRECTION('',(0.,0.,1.));
#10008=DIRECTION('center_axis',(0.998727418299018,0.0504335596381863,0.));
#10009=DIRECTION('ref_axis',(0.,0.,-1.));
#10010=DIRECTION('center_axis',(0.383121852398134,0.923697811072487,-5.90916723064806E-6));
#10011=DIRECTION('ref_axis',(-4.52179240617929E-6,-4.52179240617929E-6,
-0.999999999979553));
#10012=DIRECTION('',(0.661125287616574,-0.274210261225645,0.698371023677577));
#10013=DIRECTION('',(0.549761298728775,-0.228029462881396,-0.803595096101309));
#10014=DIRECTION('center_axis',(0.383116526540356,0.923700020077759,0.));
#10015=DIRECTION('ref_axis',(0.,0.,-1.));
#10016=DIRECTION('',(0.923700020077759,-0.383116526540356,0.));
#10017=DIRECTION('center_axis',(0.989125914081249,0.147071159963243,0.));
#10018=DIRECTION('ref_axis',(0.,0.,-1.));
#10019=DIRECTION('',(0.,0.,1.));
#10020=DIRECTION('',(-0.00649258822085495,0.0436658503292644,0.999025094686423));
#10021=DIRECTION('',(-0.147071159963243,0.989125914081249,0.));
#10022=DIRECTION('center_axis',(0.740858051449061,-0.671661631778308,0.));
#10023=DIRECTION('ref_axis',(0.,0.,-1.));
#10024=DIRECTION('',(0.,0.,1.));
#10025=DIRECTION('',(0.0296617377451062,0.0327175711529785,0.99902439502336));
#10026=DIRECTION('center_axis',(0.740858051449061,-0.671661631778308,0.));
#10027=DIRECTION('ref_axis',(0.,0.,-1.));
#10028=DIRECTION('',(0.,0.,1.));
#10029=DIRECTION('',(0.671661631778308,0.740858051449061,0.));
#10030=DIRECTION('center_axis',(0.241857171684279,-0.970311861467684,0.));
#10031=DIRECTION('ref_axis',(0.,0.,1.));
#10032=DIRECTION('',(0.,0.,1.));
#10033=DIRECTION('',(0.0429017613374166,0.0106935708707577,0.999022065029687));
#10034=DIRECTION('center_axis',(-0.274471875717273,0.961595127608414,0.));
#10035=DIRECTION('ref_axis',(0.,0.,1.));
#10036=DIRECTION('',(0.379503797057415,0.108323259997417,-0.918826936567783));
#10037=DIRECTION('',(0.961595127608414,0.274471875717273,0.));
#10038=DIRECTION('',(0.,0.,1.));
#10039=DIRECTION('center_axis',(-0.274496113229555,0.961588209008749,-1.08264927993864E-5));
#10040=DIRECTION('ref_axis',(-8.75870084570864E-6,8.75870084570864E-6,0.999999999923285));
#10041=DIRECTION('',(0.641451900461738,0.183118009828931,0.744988089750646));
#10042=DIRECTION('center_axis',(0.338619224979308,-0.940923493422506,0.));
#10043=DIRECTION('ref_axis',(0.,0.,-1.));
#10044=DIRECTION('',(0.0415648348860165,0.0149583385619386,-0.999023829850102));
#10045=DIRECTION('',(0.,0.,1.));
#10046=DIRECTION('center_axis',(0.426356614346459,-0.904555159956,0.));
#10047=DIRECTION('ref_axis',(0.,0.,-1.));
#10048=DIRECTION('',(0.0399734538440691,0.0188412461717877,-0.999023088036743));
#10049=DIRECTION('',(0.,0.,1.));
#10050=DIRECTION('center_axis',(0.426356614346459,-0.904555159956,0.));
#10051=DIRECTION('ref_axis',(0.,0.,-1.));
#10052=DIRECTION('',(0.904555159956,0.426356614346459,0.));
#10053=DIRECTION('center_axis',(0.0159266498880999,0.999839687419618,-0.00818176533417061));
#10054=DIRECTION('ref_axis',(-0.00805424855877308,-0.00805424855877308,
-0.999935126975899));
#10055=DIRECTION('',(0.0350511752144584,-0.00873607368127971,-0.999347335080612));
#10056=DIRECTION('',(0.060403948367374,-0.0091299801038957,-0.998132259014272));
#10057=DIRECTION('center_axis',(0.0157730968966834,0.999842077345057,-0.00818717195425345));
#10058=DIRECTION('ref_axis',(-0.00806076964470078,-0.00806076964470078,
-0.999935021881657));
#10059=DIRECTION('',(0.999875588629301,-0.0157736255569042,0.));
#10060=DIRECTION('',(0.237183002191436,-0.0116959319844037,-0.971394579275833));
#10061=DIRECTION('center_axis',(0.514483628535696,-0.857500201731023,0.));
#10062=DIRECTION('ref_axis',(0.,0.,-1.));
#10063=DIRECTION('',(0.0378743548365902,0.022723884455586,0.999024102972977));
#10064=DIRECTION('center_axis',(0.595616262622245,-0.803269112875573,0.));
#10065=DIRECTION('ref_axis',(0.,0.,-1.));
#10066=DIRECTION('',(0.0354535345752505,0.026288452303195,-0.999025507262765));
#10067=DIRECTION('',(0.,0.,1.));
#10068=DIRECTION('center_axis',(0.0821711219416609,0.996585608033573,0.00806427797157902));
#10069=DIRECTION('ref_axis',(0.00747511197367215,0.00747511197367215,-0.999944121139758));
#10070=DIRECTION('center_axis',(0.671662336439611,-0.740857412602778,0.));
#10071=DIRECTION('ref_axis',(0.,0.,-1.));
#10072=DIRECTION('',(0.0327181769528559,0.029662343660699,0.999024357193275));
#10073=DIRECTION('center_axis',(0.209895087013713,0.977723914182357,9.13441235086333E-6));
#10074=DIRECTION('ref_axis',(7.69136595248438E-6,7.69136595248438E-6,-0.999999999940843));
#10075=DIRECTION('',(0.73525304977161,-0.15783594897197,-0.659159135576276));
#10076=DIRECTION('',(0.176513687731747,-0.0379026631394373,0.983568150241902));
#10077=DIRECTION('center_axis',(0.209882613183165,0.977726591974476,-5.42060675697424E-6));
#10078=DIRECTION('ref_axis',(-4.56430173605954E-6,-4.56430173605954E-6,
-0.999999999979167));
#10079=DIRECTION('',(0.97772659198884,-0.209882613186248,0.));
#10080=DIRECTION('center_axis',(0.803089129486419,-0.595858917950169,0.));
#10081=DIRECTION('ref_axis',(0.,0.,-1.));
#10082=DIRECTION('',(0.0263526936849979,0.035517739507722,0.999021534160203));
#10083=DIRECTION('center_axis',(0.194848413158373,0.98082928788972,0.00282911777921076));
#10084=DIRECTION('ref_axis',(0.00240635796227897,0.00240635796227897,-0.999994209424592));
#10085=DIRECTION('',(0.0933518319235113,-0.0156735142499586,-0.995509807298542));
#10086=DIRECTION('',(0.980833213146685,-0.194849192937382,0.));
#10087=DIRECTION('center_axis',(0.194582576478517,0.980882134671568,0.00280335747463379));
#10088=DIRECTION('ref_axis',(0.0023848793617383,0.0023848793617383,-0.999994312334255));
#10089=DIRECTION('center_axis',(-0.113671178786421,0.993518426151266,-3.34905808787791E-6));
#10090=DIRECTION('ref_axis',(-3.80640855314358E-6,-3.80640855314358E-6,
-0.999999999985511));
#10091=DIRECTION('',(0.0252602454978375,0.00288672442423494,-0.999676741161606));
#10092=DIRECTION('',(0.993518426156838,0.113671178787058,0.));
#10093=DIRECTION('',(0.179354313235438,0.0205237363532572,0.983570438031739));
#10094=DIRECTION('center_axis',(-0.113540349081474,0.993533386017026,0.));
#10095=DIRECTION('ref_axis',(0.,0.,-1.));
#10096=DIRECTION('center_axis',(0.90455375963346,-0.426359585248147,0.));
#10097=DIRECTION('ref_axis',(0.,0.,-1.));
#10098=DIRECTION('',(0.,0.,1.));
#10099=DIRECTION('',(0.426359585248148,0.90455375963346,0.));
#10100=DIRECTION('center_axis',(-0.0977501976992297,0.995206626453265,-0.00294440372127735));
#10101=DIRECTION('ref_axis',(-0.00328079663180139,-0.0032807966318014,-0.999989236315532));
#10102=DIRECTION('',(0.715573469392884,0.0723399180372642,0.694781653585782));
#10103=DIRECTION('',(0.587189175649319,0.0552850786864773,-0.807559553268304));
#10104=DIRECTION('center_axis',(-0.0977532752954652,0.995206333626732,-0.00294120353708782));
#10105=DIRECTION('ref_axis',(-0.00327724321638697,-0.00327724321638697,
-0.999989259619223));
#10106=DIRECTION('',(0.995210638259551,0.0977536981142746,0.));
#10107=DIRECTION('center_axis',(-0.0977474407099804,0.995206903228599,-0.0029423801234086));
#10108=DIRECTION('ref_axis',(-0.00327853080743163,-0.00327853080743163,
-0.999989251177976));
#10109=DIRECTION('',(0.995211211308608,0.0977478638418876,0.));
#10110=DIRECTION('center_axis',(0.989125914081249,0.147071159963243,0.));
#10111=DIRECTION('ref_axis',(0.,0.,-1.));
#10112=DIRECTION('center_axis',(-0.397924168705266,0.917416206856902,-0.00196452450153965));
#10113=DIRECTION('ref_axis',(-0.00149354505937357,0.00149354505937357,0.999997769320668));
#10114=DIRECTION('',(0.704768830104363,0.307059050440319,0.639543302408849));
#10115=DIRECTION('',(0.112165192900113,0.04652550741117,-0.992599791790132));
#10116=DIRECTION('center_axis',(-0.397916533603026,0.91741949704815,-0.00197451798446656));
#10117=DIRECTION('ref_axis',(-0.00150114760713888,0.00150114760713888,0.999997746553323));
#10118=DIRECTION('',(0.917421285434833,0.397917309288122,0.));
#10119=DIRECTION('',(0.055268550375351,0.0261201068105121,0.998129814883623));
#10120=DIRECTION('center_axis',(-0.368796266871109,0.929508097078023,0.00200275019050007));
#10121=DIRECTION('ref_axis',(0.0015425854525502,-0.0015425854525502,0.99999762042729));
#10122=DIRECTION('',(0.00297714867886579,0.00333584129077733,-0.999990004324357));
#10123=DIRECTION('center_axis',(-0.368219216929082,0.929736916347093,0.00196841701165431));
#10124=DIRECTION('ref_axis',(0.00151654777383314,-0.00151654777383314,0.999997700080205));
#10125=DIRECTION('',(0.080967533120641,0.0299576507778407,0.996266429094261));
#10126=DIRECTION('',(0.0575271683690114,0.0206702268219155,0.998129934739247));
#10127=DIRECTION('center_axis',(-0.368224828738863,0.929734692681569,0.00196893995428719));
#10128=DIRECTION('ref_axis',(0.00151694670828082,-0.00151694670828082,0.999997698870037));
#10129=DIRECTION('',(0.92973649484946,0.368225542494054,0.));
#10130=DIRECTION('center_axis',(-0.740760150131229,0.671769603314899,6.30103033250276E-6));
#10131=DIRECTION('ref_axis',(4.46081246572318E-6,-4.46081246572317E-6,0.999999999980101));
#10132=DIRECTION('',(0.201599569117288,0.222312734801961,-0.953904954215354));
#10133=DIRECTION('',(0.371721084552212,0.409904546840339,-0.832947596058086));
#10134=DIRECTION('center_axis',(-0.242289707750207,0.970184612998076,-0.0061248853126329));
#10135=DIRECTION('ref_axis',(-0.0084139230091906,-0.0084139230091906,-0.999929203393516));
#10136=DIRECTION('',(0.148147929506579,0.0432353031002383,0.98801968581033));
#10137=DIRECTION('',(0.970202811369652,0.242294252532789,0.));
#10138=DIRECTION('',(0.173660407452136,0.049578504438865,0.983556828445191));
#10139=DIRECTION('center_axis',(-0.242531133225758,0.97012453290303,-0.00608605585811538));
#10140=DIRECTION('ref_axis',(-0.00836405344157587,-0.00836405344157588,
-0.999930040162837));
#10141=DIRECTION('',(0.128683948268628,0.038387643345674,0.990942395044415));
#10142=DIRECTION('',(0.970142500145332,0.242535625036333,0.));
#10143=DIRECTION('center_axis',(-0.242154469801779,0.970218290039561,-0.00613860144738944));
#10144=DIRECTION('ref_axis',(-0.00843080639182989,-0.00843080639182989,
-0.999928918977328));
#10145=DIRECTION('',(0.0410960497809697,0.0165778810555964,0.999017661781866));
#10146=DIRECTION('',(0.970236570646504,0.242159032414881,0.));
#10147=DIRECTION('center_axis',(-0.241985773356881,0.970260330655289,-0.0061462386515314));
#10148=DIRECTION('ref_axis',(-0.00843885163196029,-0.00843885163196029,
-0.999928783247221));
#10149=DIRECTION('center_axis',(-0.595595374930743,-0.803284600475515,0.));
#10150=DIRECTION('ref_axis',(0.,0.,1.));
#10151=DIRECTION('',(0.,0.,1.));
#10152=DIRECTION('',(0.803284600475515,-0.595595374930743,0.));
#10153=DIRECTION('center_axis',(-0.241847467180772,-0.97031428033305,0.));
#10154=DIRECTION('ref_axis',(0.,0.,1.));
#10155=DIRECTION('',(0.97031428033305,-0.241847467180772,0.));
#10156=DIRECTION('',(0.,0.,1.));
#10157=DIRECTION('',(0.0429011556957611,-0.0106929641812408,0.999022097531875));
#10158=DIRECTION('center_axis',(-0.147071159963243,-0.989125914081249,0.));
#10159=DIRECTION('ref_axis',(0.,0.,1.));
#10160=DIRECTION('',(0.989125914081249,-0.147071159963243,0.));
#10161=DIRECTION('',(0.0436658503292644,-0.00649258822085493,-0.999025094686423));
#10162=DIRECTION('center_axis',(-0.929638835397253,-0.368472028410895,0.));
#10163=DIRECTION('ref_axis',(0.,0.,1.));
#10164=DIRECTION('center_axis',(-0.999217627566283,0.0395491183316323,0.));
#10165=DIRECTION('ref_axis',(0.,0.,1.));
#10166=DIRECTION('',(0.00184034848012163,0.0464968302651528,-0.998916742222677));
#10167=DIRECTION('center_axis',(-0.0430223301352927,0.99907411091957,0.));
#10168=DIRECTION('ref_axis',(0.,0.,-1.));
#10169=DIRECTION('',(0.,0.,1.));
#10170=DIRECTION('center_axis',(-0.933349527637397,0.35896888341338,0.));
#10171=DIRECTION('ref_axis',(0.,0.,1.));
#10172=DIRECTION('',(0.,0.,1.));
#10173=DIRECTION('center_axis',(-0.957824190136194,0.28735486909037,0.));
#10174=DIRECTION('ref_axis',(0.,0.,1.));
#10175=DIRECTION('',(0.00299439043795521,0.00998103705451401,0.999945704788626));
#10176=DIRECTION('center_axis',(-0.35896888341338,0.933349527637396,0.));
#10177=DIRECTION('ref_axis',(0.,0.,1.));
#10178=DIRECTION('',(0.,0.,1.));
#10179=DIRECTION('center_axis',(-0.447213595499958,0.894427190999916,0.));
#10180=DIRECTION('ref_axis',(0.,0.,1.));
#10181=DIRECTION('center_axis',(-0.532739939001324,0.846279006825093,0.));
#10182=DIRECTION('ref_axis',(0.,0.,1.));
#10183=DIRECTION('',(0.,0.,1.));
#10184=DIRECTION('center_axis',(-0.606390435940125,0.795167051128469,0.));
#10185=DIRECTION('ref_axis',(0.,0.,1.));
#10186=DIRECTION('center_axis',(-0.795171349206533,0.606384799777387,0.));
#10187=DIRECTION('ref_axis',(0.,0.,1.));
#10188=DIRECTION('',(0.,0.,1.));
#10189=DIRECTION('center_axis',(-0.847601266954709,0.530633670489136,0.));
#10190=DIRECTION('ref_axis',(0.,0.,1.));
#10191=DIRECTION('',(0.00557194119865135,0.00890027279087017,-0.999944867787983));
#10192=DIRECTION('center_axis',(-0.847601266954709,0.530633670489136,0.));
#10193=DIRECTION('ref_axis',(0.,0.,1.));
#10194=DIRECTION('center_axis',(-0.892839211792246,0.450375556492721,-2.70174926993158E-7));
#10195=DIRECTION('ref_axis',(-2.0114052746614E-7,2.0114052746614E-7,0.999999999999959));
#10196=DIRECTION('center_axis',(-0.957824190136194,0.28735486909037,0.));
#10197=DIRECTION('ref_axis',(0.,0.,1.));
#10198=DIRECTION('',(0.,0.,1.));
#10199=DIRECTION('center_axis',(-0.858528714750359,0.512765488258616,0.));
#10200=DIRECTION('ref_axis',(0.,0.,1.));
#10201=DIRECTION('center_axis',(-0.941794102077351,0.336190227820377,-3.22480205686233E-6));
#10202=DIRECTION('ref_axis',(-2.52335023317528E-6,2.52335023317528E-6,0.999999999993633));
#10203=DIRECTION('center_axis',(-0.606384799777069,0.795171349206114,1.02577940306324E-6));
#10204=DIRECTION('ref_axis',(7.3188605665701E-7,-7.3188605665701E-7,0.999999999999464));
#10205=DIRECTION('',(0.00462541546287774,0.00352597697350224,0.999983086366053));
#10206=DIRECTION('',(0.00377428417297459,0.00287949801342954,-0.999988731571597));
#10207=DIRECTION('center_axis',(-0.532739939001324,0.846279006825093,0.));
#10208=DIRECTION('ref_axis',(0.,0.,1.));
#10209=DIRECTION('',(0.00898354951152302,0.00565522195420982,0.999943655564064));
#10210=DIRECTION('',(0.,0.,1.));
#10211=DIRECTION('center_axis',(-0.532739939001324,0.846279006825093,0.));
#10212=DIRECTION('ref_axis',(0.,0.,1.));
#10213=DIRECTION('',(0.,0.,1.));
#10214=DIRECTION('center_axis',(-0.447213595499958,0.894427190999916,0.));
#10215=DIRECTION('ref_axis',(0.,0.,1.));
#10216=DIRECTION('',(0.00931552935133199,0.004657764675666,-0.999945761599663));
#10217=DIRECTION('center_axis',(-0.177470413254224,0.984126136437487,0.));
#10218=DIRECTION('ref_axis',(0.,0.,-1.));
#10219=DIRECTION('',(0.,0.,1.));
#10220=DIRECTION('',(0.0101476239074078,0.0018299514073626,-0.999946837090293));
#10221=DIRECTION('center_axis',(-0.0889069368745725,0.996039937239256,0.));
#10222=DIRECTION('ref_axis',(0.,0.,-1.));
#10223=DIRECTION('',(0.00279940023770173,0.00024987562337094,0.999996050452441));
#10224=DIRECTION('',(0.,0.,1.));
#10225=DIRECTION('center_axis',(-0.177470413254224,0.984126136437487,0.));
#10226=DIRECTION('ref_axis',(0.,0.,-1.));
#10227=DIRECTION('center_axis',(-0.363203772511984,0.931709729278955,0.));
#10228=DIRECTION('ref_axis',(0.,0.,1.));
#10229=DIRECTION('',(0.00981484660682409,0.00382607286604567,0.999944513436875));
#10230=DIRECTION('',(0.,0.,1.));
#10231=DIRECTION('center_axis',(-0.28216632399155,0.959365501571271,0.));
#10232=DIRECTION('ref_axis',(0.,0.,1.));
#10233=DIRECTION('',(0.00989776000124744,0.00291110588271984,-0.999946778488484));
#10234=DIRECTION('center_axis',(-0.28216632399155,0.959365501571271,0.));
#10235=DIRECTION('ref_axis',(0.,0.,1.));
#10236=DIRECTION('',(0.,0.,1.));
#10237=DIRECTION('center_axis',(-0.0891705725098322,0.996016369844527,0.));
#10238=DIRECTION('ref_axis',(0.,0.,-1.));
#10239=DIRECTION('',(0.,0.,1.));
#10240=DIRECTION('',(0.00709710881433053,0.000635384392564967,-0.999974613344335));
#10241=DIRECTION('center_axis',(-0.363203772511984,0.931709729278955,0.));
#10242=DIRECTION('ref_axis',(0.,0.,1.));
#10243=DIRECTION('center_axis',(-0.606556601918968,0.795040306316928,0.));
#10244=DIRECTION('ref_axis',(0.,0.,1.));
#10245=DIRECTION('center_axis',(-0.447213595499958,0.894427190999916,0.));
#10246=DIRECTION('ref_axis',(0.,0.,1.));
#10247=DIRECTION('center_axis',(-0.606212184534449,0.795302953170624,-2.36691710731949E-7));
#10248=DIRECTION('ref_axis',(-1.68882735807988E-7,1.68882735807988E-7,0.999999999999971));
#10249=DIRECTION('',(0.000688548623473679,0.000525137314216101,0.999999625065727));
#10250=DIRECTION('center_axis',(-0.917419302672348,0.397921880630084,0.));
#10251=DIRECTION('ref_axis',(0.,0.,1.));
#10252=DIRECTION('',(0.,0.,1.));
#10253=DIRECTION('center_axis',(-0.541702720097987,0.840531880659228,0.0080200145825344));
#10254=DIRECTION('ref_axis',(0.00580201406685996,-0.00580201406685996,0.999966336066138));
#10255=DIRECTION('',(0.614111690343174,0.402259152752282,-0.679009871659364));
#10256=DIRECTION('',(0.840558913735013,0.541720142269617,0.));
#10257=DIRECTION('',(0.158781552596282,0.111690991631542,-0.980975810580198));
#10258=DIRECTION('center_axis',(-0.541719206111601,0.840521456518507,0.00799892879232813));
#10259=DIRECTION('ref_axis',(0.00578673537070187,-0.00578673537070187,0.999966513133064));
#10260=DIRECTION('',(0.203785570233959,0.122096371970065,0.971372182696297));
#10261=DIRECTION('center_axis',(-0.485916443124648,0.873969623110946,-0.00789355309108186));
#10262=DIRECTION('ref_axis',(-0.00580437386837905,0.00580437386837904,0.999966308676444));
#10263=DIRECTION('',(0.521334582639097,0.29708087195711,0.799970754754024));
#10264=DIRECTION('center_axis',(-0.485920246996064,0.873967348740759,-0.0079111879217016));
#10265=DIRECTION('ref_axis',(-0.00581733388590797,0.00581733388590797,0.999966158053821));
#10266=DIRECTION('',(0.027012584653337,0.024064939014364,0.999345385230042));
#10267=DIRECTION('',(0.873994699475667,0.485935453829455,0.));
#10268=DIRECTION('center_axis',(-0.485252180226897,0.874338210841629,-0.00793817657286764));
#10269=DIRECTION('ref_axis',(-0.00583845401339131,0.00583845401339131,0.999965911873733));
#10270=DIRECTION('',(0.0492004807966505,0.036368015552897,0.998126585225603));
#10271=DIRECTION('center_axis',(-0.840549112137989,0.541735350594771,0.));
#10272=DIRECTION('ref_axis',(0.,0.,1.));
#10273=DIRECTION('center_axis',(-0.74114436872313,0.671319192665769,0.00596374618623083));
#10274=DIRECTION('ref_axis',(0.00422215484706146,-0.00422215484706146,0.999982173249551));
#10275=DIRECTION('',(0.0451843867812037,0.0410170346120877,0.998136250249853));
#10276=DIRECTION('center_axis',(-0.741348573875096,0.671093475643651,0.0059865651158137));
#10277=DIRECTION('ref_axis',(0.00423837393919797,-0.00423837393919797,0.999982036024999));
#10278=DIRECTION('',(0.0451897977724437,0.0410166196500955,0.998136022338521));
#10279=DIRECTION('center_axis',(-0.647043978612279,0.762449948683096,-0.00204095436924868));
#10280=DIRECTION('ref_axis',(-0.00144800204557902,0.00144800204557902,0.999997903287878));
#10281=DIRECTION('',(-0.00144800204557902,0.00144800204557902,0.999997903287878));
#10282=DIRECTION('',(0.248350223911694,0.213288765534081,0.944896856159422));
#10283=DIRECTION('center_axis',(-0.646970086926314,0.762512644197739,-0.00204305191555865));
#10284=DIRECTION('ref_axis',(-0.00144950170574987,0.00144950170574987,0.999997898942598));
#10285=DIRECTION('center_axis',(-0.647043079091759,0.762450693613482,-0.00204783001634416));
#10286=DIRECTION('ref_axis',(-0.00145288027042824,0.00145288027042824,0.999997889136692));
#10287=DIRECTION('',(0.534103600384637,0.451339512954996,-0.714860817293629));
#10288=DIRECTION('',(0.762452292328089,0.64704443581847,0.));
#10289=DIRECTION('',(0.0940101755277791,0.0771144920144067,-0.992580194250619));
#10290=DIRECTION('center_axis',(-0.647039360701745,0.762453861976886,-0.00204305144545766));
#10291=DIRECTION('ref_axis',(-0.00144949058291499,0.00144949058291499,0.999997898974843));
#10292=DIRECTION('center_axis',(-0.707106781186547,-0.707106781186548,0.));
#10293=DIRECTION('ref_axis',(0.,0.,1.));
#10294=DIRECTION('',(0.,0.,1.));
#10295=DIRECTION('',(-0.707106781186548,0.707106781186547,0.));
#10296=DIRECTION('center_axis',(-0.621150835760266,0.783688287884278,0.00207525114939114));
#10297=DIRECTION('ref_axis',(0.00147721300320566,-0.00147721300320566,0.999997817839362));
#10298=DIRECTION('',(0.442949231581413,0.353263316695662,-0.824015174204102));
#10299=DIRECTION('center_axis',(-0.621083113468974,0.783741986696943,0.00206505496665325));
#10300=DIRECTION('ref_axis',(0.00146996982343956,-0.00146996982343956,0.999997839186384));
#10301=DIRECTION('',(0.0398710721004939,0.0342274013844506,-0.998618436943773));
#10302=DIRECTION('',(0.783743657817335,0.621084437762777,0.));
#10303=DIRECTION('center_axis',(-0.621533826068153,0.783384683656871,0.00203481323668949));
#10304=DIRECTION('ref_axis',(0.00144834661523495,-0.00144834661523495,0.999997902289882));
#10305=DIRECTION('',(0.0596880496494793,0.0499458106318508,-0.996966776141196));
#10306=DIRECTION('center_axis',(-0.621178696516326,0.783666268937629,0.00205083486770005));
#10307=DIRECTION('ref_axis',(0.00145982691870168,-0.00145982691870168,0.999997868903097));
#10308=DIRECTION('center_axis',(-0.621203472828482,0.783646584828124,0.00206771203297831));
#10309=DIRECTION('ref_axis',(0.00147183504917333,-0.00147183504917332,0.999997833699241));
#10310=DIRECTION('',(0.78364826004775,0.62120480078967,0.));
#10311=DIRECTION('center_axis',(-0.783676670736734,-0.62116895909268,-1.64497441202239E-6));
#10312=DIRECTION('ref_axis',(-1.17092894556669E-6,-1.17092894556669E-6,
0.999999999998629));
#10313=DIRECTION('',(-0.112251154229964,0.141620451951692,-0.983536133531981));
#10314=DIRECTION('center_axis',(-0.951956108675935,-0.306234497002805,-1.05091664541301E-7));
#10315=DIRECTION('ref_axis',(-8.35260286215603E-8,-8.35260286215603E-8,
0.999999999999993));
#10316=DIRECTION('',(-0.00453732359146408,0.0141043150659967,0.999890234471337));
#10317=DIRECTION('',(-0.055260831897356,0.171783356795231,-0.983583610470495));
#10318=DIRECTION('center_axis',(-0.962139279930768,-0.272558261687851,0.));
#10319=DIRECTION('ref_axis',(0.,0.,1.));
#10320=DIRECTION('',(0.,0.,1.));
#10321=DIRECTION('center_axis',(-0.92958715838604,-0.368602380572573,0.));
#10322=DIRECTION('ref_axis',(0.,0.,1.));
#10323=DIRECTION('',(0.,0.,1.));
#10324=DIRECTION('center_axis',(-0.274503873604518,0.961585993743229,-3.60011917607522E-6));
#10325=DIRECTION('ref_axis',(-2.91250601687189E-6,2.91250601687188E-6,0.999999999991517));
#10326=DIRECTION('',(0.961585993749461,0.274503873606297,0.));
#10327=DIRECTION('center_axis',(-0.740773604206712,0.671754767240693,0.));
#10328=DIRECTION('ref_axis',(0.,0.,1.));
#10329=DIRECTION('center_axis',(-0.740730357723162,0.671802453008601,3.57623135687787E-5));
#10330=DIRECTION('ref_axis',(2.53178639633359E-5,-2.53178639633359E-5,0.999999999359006));
#10331=DIRECTION('center_axis',(-0.54177015112448,0.840488570196009,0.00800416894037181));
#10332=DIRECTION('ref_axis',(0.00579045039695471,-0.00579045039695471,0.999966470122074));
#10333=DIRECTION('',(0.840515495162886,0.541787506676823,0.));
#10334=DIRECTION('center_axis',(-0.485922216329118,0.873966457838589,-0.00788861526930338));
#10335=DIRECTION('ref_axis',(-0.0058007320559931,0.0058007320559931,0.999966350941485));
#10336=DIRECTION('center_axis',(-0.970319249193399,-0.241827530783323,0.));
#10337=DIRECTION('ref_axis',(0.,0.,1.));
#10338=DIRECTION('',(0.,0.,1.));
#10339=DIRECTION('center_axis',(-0.940917334194493,-0.338636339178665,0.));
#10340=DIRECTION('ref_axis',(0.,0.,1.));
#10341=DIRECTION('',(-0.0124643572526432,0.0346328153294178,-0.999322374362066));
#10342=DIRECTION('center_axis',(-0.940930479005466,-0.338599813465017,0.));
#10343=DIRECTION('ref_axis',(0.,0.,1.));
#10344=DIRECTION('',(-0.00707313736392965,0.0196554465278859,0.999781793267721));
#10345=DIRECTION('center_axis',(-0.940922092091456,-0.338623118841536,5.17512301503764E-7));
#10346=DIRECTION('ref_axis',(4.0445018830271E-7,4.0445018830271E-7,0.999999999999836));
#10347=DIRECTION('center_axis',(-0.740700149436561,-0.671835760130056,5.92679458965559E-6));
#10348=DIRECTION('ref_axis',(4.19585410141514E-6,4.19585410141514E-6,0.999999999982395));
#10349=DIRECTION('',(-0.671835760141855,0.74070014944957,0.));
#10350=DIRECTION('center_axis',(-0.51450384017453,-0.857488074812508,0.));
#10351=DIRECTION('ref_axis',(0.,0.,1.));
#10352=DIRECTION('',(0.,0.,1.));
#10353=DIRECTION('',(0.0378728391555851,-0.0227241891242877,0.999024153503277));
#10354=DIRECTION('',(0.857488074812508,-0.51450384017453,0.));
#10355=DIRECTION('center_axis',(-0.51450384017453,-0.857488074812508,0.));
#10356=DIRECTION('ref_axis',(0.,0.,1.));
#10357=DIRECTION('center_axis',(-0.426354287626678,-0.904556256637666,0.));
#10358=DIRECTION('ref_axis',(0.,0.,1.));
#10359=DIRECTION('',(0.0399743627174942,-0.0188415488972452,-0.999023045960644));
#10360=DIRECTION('',(0.,0.,1.));
#10361=DIRECTION('center_axis',(-0.426354287626678,-0.904556256637666,0.));
#10362=DIRECTION('ref_axis',(0.,0.,1.));
#10363=DIRECTION('',(0.904556256637666,-0.426354287626678,0.));
#10364=DIRECTION('center_axis',(-0.338623118841581,-0.940922092091582,0.));
#10365=DIRECTION('ref_axis',(0.,0.,1.));
#10366=DIRECTION('',(0.0415651376921637,-0.0149586418245458,0.999023812710887));
#10367=DIRECTION('center_axis',(-0.338623118841581,-0.940922092091582,0.));
#10368=DIRECTION('ref_axis',(0.,0.,1.));
#10369=DIRECTION('',(0.,0.,1.));
#10370=DIRECTION('',(0.940922092091582,-0.338623118841581,0.));
#10371=DIRECTION('center_axis',(-0.241847467180772,-0.97031428033305,0.));
#10372=DIRECTION('ref_axis',(0.,0.,1.));
#10373=DIRECTION('center_axis',(-0.147071159963243,-0.989125914081249,0.));
#10374=DIRECTION('ref_axis',(0.,0.,1.));
#10375=DIRECTION('',(0.,0.,1.));
#10376=DIRECTION('center_axis',(-0.999217627566283,0.0395491183316323,0.));
#10377=DIRECTION('ref_axis',(0.,0.,1.));
#10378=DIRECTION('center_axis',(-0.306760809753287,-0.951786638695621,0.));
#10379=DIRECTION('ref_axis',(0.,0.,1.));
#10380=DIRECTION('',(0.,0.,1.));
#10381=DIRECTION('center_axis',(-0.740857187885658,-0.671662584307147,0.));
#10382=DIRECTION('ref_axis',(0.,0.,1.));
#10383=DIRECTION('center_axis',(-0.514300813081022,-0.8576098609882,0.));
#10384=DIRECTION('ref_axis',(0.,0.,1.));
#10385=DIRECTION('',(0.,0.,1.));
#10386=DIRECTION('center_axis',(-0.621067133717192,-0.783757370246884,0.));
#10387=DIRECTION('ref_axis',(0.,0.,1.));
#10388=DIRECTION('',(0.0116156151071819,-0.00920447711861022,-0.999890171512179));
#10389=DIRECTION('center_axis',(-0.621061338534949,-0.783761962445975,1.09595434572923E-7));
#10390=DIRECTION('ref_axis',(7.80136793690683E-8,7.80136793690683E-8,0.999999999999994));
#10391=DIRECTION('',(0.141466894999827,-0.112099738927618,0.9835755009919));
#10392=DIRECTION('center_axis',(-0.594534498499059,-0.804046757677715,-0.0061271169750067));
#10393=DIRECTION('ref_axis',(-0.00438086765082917,-0.00438086765082917,
0.999980807814456));
#10394=DIRECTION('center_axis',(-0.671676016336144,-0.74084501015989,0.));
#10395=DIRECTION('ref_axis',(0.,0.,1.));
#10396=DIRECTION('center_axis',(-0.718379037875491,-0.695649120524582,-0.00196444762216339));
#10397=DIRECTION('ref_axis',(-0.00138925368568886,-0.00138925368568886,
0.999998069972334));
#10398=DIRECTION('center_axis',(-0.695640406124418,-0.71838746648598,0.00196808610331331));
#10399=DIRECTION('ref_axis',(0.00139182708409713,0.00139182708409713,0.999998062815492));
#10400=DIRECTION('center_axis',(-0.804056640454442,-0.594520778254648,0.00616142553341895));
#10401=DIRECTION('ref_axis',(0.00440540929030033,0.00440540929030033,0.999980592180653));
#10402=DIRECTION('center_axis',(-0.956858716621241,-0.290537941835418,0.00301674990542105));
#10403=DIRECTION('ref_axis',(0.00241842259288403,0.00241842259288403,0.999994151215058));
#10404=DIRECTION('',(-0.0163698461209095,0.0642729727590318,0.997798082334645));
#10405=DIRECTION('center_axis',(-0.88184753578898,-0.471495505790279,-0.00607549524498248));
#10406=DIRECTION('ref_axis',(-0.00448915952596745,-0.00448915952596745,
0.999979847243684));
#10407=DIRECTION('',(-0.0519425273902429,0.109939130170249,-0.992580153693254));
#10408=DIRECTION('',(-0.0610398282118249,0.126921172254685,-0.990032906223509));
#10409=DIRECTION('center_axis',(-0.989146632331272,0.146931750020667,2.41571493640059E-5));
#10410=DIRECTION('ref_axis',(2.868288111682E-5,2.868288111682E-5,0.999999999177292));
#10411=DIRECTION('',(0.0104162334660459,0.0699582330189075,0.997495537690898));
#10412=DIRECTION('',(0.00897193648003084,0.060563306330121,-0.998124035519716));
#10413=DIRECTION('center_axis',(-0.956894365828462,-0.290420593166807,0.00300860605351219));
#10414=DIRECTION('ref_axis',(0.00241205200635942,0.00241205200635942,0.999994181988194));
#10415=DIRECTION('',(-0.0149024010783972,0.0594412916743477,0.998120559494786));
#10416=DIRECTION('center_axis',(-0.983801907801527,-0.179259047753248,-2.16186028460726E-6));
#10417=DIRECTION('ref_axis',(-1.85876782663433E-6,-1.85876782663433E-6,
0.999999999996545));
#10418=DIRECTION('',(-0.0323664429156649,0.177620278331647,0.983566698347588));
#10419=DIRECTION('',(-0.00265562377652072,0.0145865405020195,-0.99989008420853));
#10420=DIRECTION('center_axis',(-0.983828032670013,-0.179115611080253,0.));
#10421=DIRECTION('ref_axis',(0.,0.,1.));
#10422=DIRECTION('',(0.,0.,1.));
#10423=DIRECTION('center_axis',(-0.989090892407833,-0.147184167059681,-0.00600229313044443));
#10424=DIRECTION('ref_axis',(-0.00528228231278603,-0.00528228231278603,
0.999972097104282));
#10425=DIRECTION('',(-0.0145317869463913,0.0569445725953144,0.998271577688197));
#10426=DIRECTION('center_axis',(-0.989130533331211,-0.146916882284755,-0.00601811695141197));
#10427=DIRECTION('ref_axis',(-0.00529726839885807,-0.00529726839885807,
0.999971938553788));
#10428=DIRECTION('center_axis',(-0.969997706097156,0.243039329340664,0.00602781551604832));
#10429=DIRECTION('ref_axis',(0.00829126028719319,0.00829126028719319,0.99993125263975));
#10430=DIRECTION('center_axis',(-0.707106781186548,0.707106781186547,0.));
#10431=DIRECTION('ref_axis',(0.,0.,1.));
#10432=DIRECTION('',(0.707106781186547,0.707106781186548,0.));
#10433=DIRECTION('center_axis',(0.555198783828343,0.831712824736535,-0.00284387135829733));
#10434=DIRECTION('ref_axis',(-0.00205049794344058,-0.00205049794344058,
-0.999995795449345));
#10435=DIRECTION('',(0.831716188039046,-0.555201028955998,0.));
#10436=DIRECTION('',(0.107683660400406,-0.0684914530170151,0.991823144591004));
#10437=DIRECTION('',(0.0523974004471022,-0.0315642929135557,0.998127350511573));
#10438=DIRECTION('center_axis',(0.555153262932103,0.831743233850561,-0.0028368291540752));
#10439=DIRECTION('ref_axis',(-0.00204544267853009,-0.00204544267853009,
-0.999995816155497));
#10440=DIRECTION('',(0.83174658063904,-0.555155496771188,0.));
#10441=DIRECTION('',(0.704084447112161,-0.46812523500504,0.533969901479698));
#10442=DIRECTION('center_axis',(0.383136902772268,0.923691568488175,6.15860971946864E-6));
#10443=DIRECTION('ref_axis',(4.7126381577774E-6,4.7126381577774E-6,-0.999999999977791));
#10444=DIRECTION('',(0.923691568505692,-0.383136902779534,0.));
#10445=DIRECTION('',(0.219532632128318,-0.0910531972511987,-0.971346868374602));
#10446=DIRECTION('center_axis',(0.410457415430666,0.911850620745766,0.0072907862085753));
#10447=DIRECTION('ref_axis',(0.00551351453238247,0.00551351453238247,-0.999969600695442));
#10448=DIRECTION('',(0.0906100733057039,-0.0487400783616234,0.994693027710981));
#10449=DIRECTION('',(0.911874856678781,-0.410468324913205,0.));
#10450=DIRECTION('center_axis',(0.410503069771311,0.911830109952018,0.00728562236334464));
#10451=DIRECTION('ref_axis',(0.00550950495625687,0.00550950495625688,-0.999969644894421));
#10452=DIRECTION('center_axis',(-0.0397285498906612,-0.999210509514179,
0.));
#10453=DIRECTION('ref_axis',(0.,0.,1.));
#10454=DIRECTION('',(0.00561808643756838,-0.00022337477958824,-0.999984193479321));
#10455=DIRECTION('center_axis',(-0.039811321864828,-0.999207215071608,-4.65763362958837E-7));
#10456=DIRECTION('ref_axis',(-4.48272428644108E-7,-4.48272428644108E-7,
0.999999999999799));
#10457=DIRECTION('',(0.0122709731820727,-0.000488445166673154,-0.999924589475868));
#10458=DIRECTION('center_axis',(-0.0399037431666063,-0.999203528457188,
0.));
#10459=DIRECTION('ref_axis',(0.,0.,1.));
#10460=DIRECTION('',(0.00366211528950456,-0.000146248590799641,0.999993283738924));
#10461=DIRECTION('center_axis',(-0.0398346488859427,-0.999206285382613,
1.1693062180833E-7));
#10462=DIRECTION('ref_axis',(1.12537069476135E-7,1.12537069476135E-7,0.999999999999987));
#10463=DIRECTION('',(0.0283504621294494,-0.00113034475938526,-0.999597405767828));
#10464=DIRECTION('',(0.019546918513967,-0.000779146147246532,0.999808637144074));
#10465=DIRECTION('center_axis',(-0.187456655659489,-0.982272875655721,0.));
#10466=DIRECTION('ref_axis',(0.,0.,1.));
#10467=DIRECTION('',(0.,0.,1.));
#10468=DIRECTION('center_axis',(-0.674995714223297,-0.737821649031822,-3.7845814010935E-7));
#10469=DIRECTION('ref_axis',(-2.67874779821051E-7,-2.67874779821051E-7,
0.999999999999928));
#10470=DIRECTION('center_axis',(-0.0890658223445233,-0.996025742282846,
0.));
#10471=DIRECTION('ref_axis',(0.,0.,1.));
#10472=DIRECTION('center_axis',(-0.186797363123014,-0.982398465557784,0.));
#10473=DIRECTION('ref_axis',(0.,0.,1.));
#10474=DIRECTION('',(0.,0.,1.));
#10475=DIRECTION('center_axis',(-0.0882214952145677,-0.996100882331758,
0.));
#10476=DIRECTION('ref_axis',(0.,0.,1.));
#10477=DIRECTION('center_axis',(0.336079934941258,-0.941833465815417,0.));
#10478=DIRECTION('ref_axis',(0.,0.,-1.));
#10479=DIRECTION('',(0.,0.,1.));
#10480=DIRECTION('',(0.0208807384547524,0.00745099582474799,0.999754208504672));
#10481=DIRECTION('center_axis',(0.336064517546705,-0.941838967152012,3.63006243161517E-7));
#10482=DIRECTION('ref_axis',(2.84063896458559E-7,-2.84063896458558E-7,-0.999999999999919));
#10483=DIRECTION('',(0.0368035808618978,0.0131317723609932,-0.99923623482658));
#10484=DIRECTION('',(3.29810169215814E-6,1.56224285517029E-6,0.999999999993341));
#10485=DIRECTION('center_axis',(0.428082799460865,-0.90373951822732,0.));
#10486=DIRECTION('ref_axis',(0.,0.,-1.));
#10487=DIRECTION('',(0.,0.,1.));
#10488=DIRECTION('',(-4.00379860451489E-6,-1.89651695043739E-6,0.999999999990186));
#10489=DIRECTION('center_axis',(0.514487782385844,-0.857497709487143,0.));
#10490=DIRECTION('ref_axis',(0.,0.,-1.));
#10491=DIRECTION('',(0.0399526612981732,0.0239710915659514,-0.99891399610994));
#10492=DIRECTION('center_axis',(0.904552359326763,0.426362556090924,0.));
#10493=DIRECTION('ref_axis',(0.,0.,-1.));
#10494=DIRECTION('',(-0.426362556090924,0.904552359326763,0.));
#10495=DIRECTION('',(-0.0271352326059424,0.0575689359300851,-0.99797269339762));
#10496=DIRECTION('',(0.,0.,1.));
#10497=DIRECTION('center_axis',(0.857497776513486,0.514487670672901,0.));
#10498=DIRECTION('ref_axis',(0.,0.,-1.));
#10499=DIRECTION('',(-0.514487670672901,0.857497776513486,0.));
#10500=DIRECTION('',(-0.0327255721019821,0.0545437858129407,-0.997974955777844));
#10501=DIRECTION('center_axis',(0.970312267811962,0.241855541457308,0.));
#10502=DIRECTION('ref_axis',(0.,0.,-1.));
#10503=DIRECTION('',(-0.241855541457308,0.970312267811962,0.));
#10504=DIRECTION('',(-0.0106932678044858,0.042900852596436,-0.999022107298012));
#10505=DIRECTION('center_axis',(0.970312267811962,0.241855541457308,0.));
#10506=DIRECTION('ref_axis',(0.,0.,-1.));
#10507=DIRECTION('',(0.,0.,1.));
#10508=DIRECTION('center_axis',(0.940923653046695,0.338618781430183,0.));
#10509=DIRECTION('ref_axis',(0.,0.,-1.));
#10510=DIRECTION('',(-0.0153200985486583,0.0425701227514785,0.998976015342402));
#10511=DIRECTION('',(-0.0345409483085761,0.0959793048836055,-0.994783843819352));
#10512=DIRECTION('center_axis',(0.940923653046695,0.338618781430183,0.));
#10513=DIRECTION('ref_axis',(0.,0.,-1.));
#10514=DIRECTION('',(0.,0.,1.));
#10515=DIRECTION('center_axis',(0.940925069070734,0.33861484668307,1.89390228119742E-7));
#10516=DIRECTION('ref_axis',(1.48014318106024E-7,1.48014318106024E-7,-0.999999999999978));
#10517=DIRECTION('',(-0.338614846683076,0.940925069070751,0.));
#10518=DIRECTION('',(-0.00624923951551649,0.0173656162402446,-0.999829676684021));
#10519=DIRECTION('center_axis',(0.,0.,-1.));
#10520=DIRECTION('ref_axis',(-0.707106781186547,-0.707106781186548,0.));
#10521=DIRECTION('',(0.857499375506391,-0.514485005618384,0.));
#10522=DIRECTION('',(0.803273141470636,-0.595610829478356,0.));
#10523=DIRECTION('',(-0.59585120767431,0.803094850134819,0.));
#10524=DIRECTION('',(0.336053775245316,0.941842800122914,0.));
#10525=DIRECTION('',(-0.338605192714619,0.940928543230938,0.));
#10526=DIRECTION('',(-0.514487670672901,0.857497776513486,0.));
#10527=DIRECTION('',(-0.595610829478356,0.803273141470636,0.));
#10528=DIRECTION('',(-0.671661631778309,0.740858051449061,0.));
#10529=DIRECTION('',(0.740853667047817,-0.671666467840849,0.));
#10530=DIRECTION('',(-0.397978570883331,0.917394711734083,0.));
#10531=DIRECTION('',(-0.397904380110283,0.917426893157734,0.));
#10532=DIRECTION('',(-0.397926617746232,0.917417247978827,0.));
#10533=DIRECTION('',(-0.383094078708422,0.923709330286614,0.));
#10534=DIRECTION('',(-0.514521240174453,0.857477634349341,0.));
#10535=DIRECTION('',(-0.514489162938754,0.857496881171343,0.));
#10536=DIRECTION('',(-0.595661679049886,0.803235435044714,0.));
#10537=DIRECTION('',(-0.6210561852128,0.783766045965838,0.));
#10538=DIRECTION('',(0.74038732938769,-0.672180483562386,0.));
#10539=DIRECTION('',(0.718375733684249,-0.695655306350506,0.));
#10540=DIRECTION('',(0.823085528297296,-0.567917435114965,0.));
#10541=DIRECTION('',(0.823075225470733,-0.567932366762366,0.));
#10542=DIRECTION('center_axis',(-0.450375556492737,-0.892839211792279,0.));
#10543=DIRECTION('ref_axis',(0.,0.,1.));
#10544=DIRECTION('',(0.,0.,1.));
#10545=DIRECTION('',(0.,0.,1.));
#10546=DIRECTION('center_axis',(0.904552359326763,0.426362556090924,0.));
#10547=DIRECTION('ref_axis',(0.,0.,-1.));
#10548=DIRECTION('',(0.,0.,1.));
#10549=DIRECTION('',(-0.426362556090924,0.904552359326763,0.));
#10550=DIRECTION('center_axis',(0.857497776513486,0.514487670672901,0.));
#10551=DIRECTION('ref_axis',(0.,0.,-1.));
#10552=DIRECTION('',(0.,0.,1.));
#10553=DIRECTION('center_axis',(-0.801907831331265,-0.597447763448477,0.));
#10554=DIRECTION('ref_axis',(0.,0.,1.));
#10555=DIRECTION('',(0.,0.,1.));
#10556=DIRECTION('',(0.,0.,1.));
#10557=DIRECTION('center_axis',(0.671710318896621,0.740813908809264,1.59323378134199E-6));
#10558=DIRECTION('ref_axis',(1.12793377280868E-6,1.12793377280868E-6,-0.999999999998728));
#10559=DIRECTION('',(0.00752251856697516,-0.0068186627354039,-0.999948457448138));
#10560=DIRECTION('',(0.0117272160376877,-0.0106311435255397,-0.999874717747851));
#10561=DIRECTION('center_axis',(0.595610829478356,0.803273141470637,0.));
#10562=DIRECTION('ref_axis',(0.,0.,-1.));
#10563=DIRECTION('',(0.0462538212443185,-0.0342962753459362,-0.998340798283679));
#10564=DIRECTION('',(0.,0.,1.));
#10565=DIRECTION('center_axis',(0.857490680170807,0.514499497936389,6.58875212659089E-6));
#10566=DIRECTION('ref_axis',(4.8023318472504E-6,4.8023318472504E-6,-0.999999999976938));
#10567=DIRECTION('',(-0.129401698523113,0.215654969448422,0.967857497037417));
#10568=DIRECTION('',(-0.272643825387073,0.454412740437217,-0.848041511841633));
#10569=DIRECTION('center_axis',(0.857477634349341,0.514521240174453,0.));
#10570=DIRECTION('ref_axis',(0.,0.,-1.));
#10571=DIRECTION('',(0.,0.,1.));
#10572=DIRECTION('center_axis',(0.923709330274198,0.383094078703272,-5.18496727669539E-6));
#10573=DIRECTION('ref_axis',(-3.96767198569739E-6,-3.9676719856974E-6,-0.999999999984258));
#10574=DIRECTION('',(-0.0129785571396297,0.0313071826970261,0.999425543683044));
#10575=DIRECTION('',(-0.0910531972511987,0.219532632128318,-0.971346868374602));
#10576=DIRECTION('center_axis',(0.923767895633106,0.382952836518523,0.));
#10577=DIRECTION('ref_axis',(0.,0.,-1.));
#10578=DIRECTION('center_axis',(0.917409221523707,0.397925642328785,0.00393744085542065));
#10579=DIRECTION('ref_axis',(0.00299346248683831,0.00299346248683831,-0.999991039142192));
#10580=DIRECTION('',(-0.24193026435651,0.549854601122168,0.799455855449924));
#10581=DIRECTION('center_axis',(0.917387592887113,0.397975482628617,0.00393949784973061));
#10582=DIRECTION('ref_axis',(0.00299496206515338,0.00299496206515338,-0.999991030161999));
#10583=DIRECTION('',(0.00707528364324546,-0.00641109631635368,-0.999954418063839));
#10584=DIRECTION('',(-0.014522780001422,0.0235819337411699,0.999616417063094));
#10585=DIRECTION('center_axis',(0.917419766043419,0.397901288953892,0.00394171557440429));
#10586=DIRECTION('ref_axis',(0.00299674376898213,0.00299674376898213,-0.999991019486458));
#10587=DIRECTION('',(-0.045182208211327,0.0943222681393444,0.994515901227425));
#10588=DIRECTION('center_axis',(0.917410130147734,0.397923530411152,0.0039391683695406));
#10589=DIRECTION('ref_axis',(0.0029947785556515,0.0029947785556515,-0.999991031261183));
#10590=DIRECTION('center_axis',(0.671431870074008,0.741066288427683,-2.22249082818738E-6));
#10591=DIRECTION('ref_axis',(-1.57344688543834E-6,-1.57344688543834E-6,
-0.999999999997524));
#10592=DIRECTION('',(0.00517742276499869,-0.0046939243359767,-0.999975580385762));
#10593=DIRECTION('center_axis',(0.671666467838671,0.740853667045415,2.54667394575385E-6));
#10594=DIRECTION('ref_axis',(1.80292930546761E-6,1.80292930546761E-6,-0.999999999996749));
#10595=DIRECTION('',(0.430583383302769,-0.390374652133614,0.813760149549669));
#10596=DIRECTION('center_axis',(-0.892854228460128,-0.450345785725669,0.));
#10597=DIRECTION('ref_axis',(0.,0.,1.));
#10598=DIRECTION('',(0.,0.,1.));
#10599=DIRECTION('center_axis',(-0.847499337095156,-0.530796452157766,0.));
#10600=DIRECTION('ref_axis',(0.,0.,1.));
#10601=DIRECTION('center_axis',(-0.962120292003589,-0.272625280770013,0.));
#10602=DIRECTION('ref_axis',(0.,0.,1.));
#10603=DIRECTION('center_axis',(-0.984126136437487,0.177470413254223,0.));
#10604=DIRECTION('ref_axis',(0.,0.,1.));
#10605=DIRECTION('center_axis',(-0.740780058108656,0.671747650169716,0.));
#10606=DIRECTION('ref_axis',(0.,0.,1.));
#10607=DIRECTION('center_axis',(-0.674875389363399,-0.737931710140986,0.));
#10608=DIRECTION('ref_axis',(0.,0.,1.));
#10609=DIRECTION('',(0.,0.,1.));
#10610=DIRECTION('center_axis',(-0.737846656585192,-0.674968378048968,0.));
#10611=DIRECTION('ref_axis',(0.,0.,1.));
#10612=DIRECTION('center_axis',(0.803273141470636,0.595610829478356,0.));
#10613=DIRECTION('ref_axis',(0.,0.,-1.));
#10614=DIRECTION('',(-0.0378600419431288,0.0510601106002426,-0.997977696308668));
#10615=DIRECTION('',(0.,0.,1.));
#10616=DIRECTION('center_axis',(0.740858051449061,0.671661631778309,0.));
#10617=DIRECTION('ref_axis',(0.,0.,-1.));
#10618=DIRECTION('',(-0.0427176315844979,0.0471185189102119,0.997975475213454));
#10619=DIRECTION('center_axis',(-0.0455910546697796,-0.998960187261783,
0.));
#10620=DIRECTION('ref_axis',(0.,0.,1.));
#10621=DIRECTION('',(0.998960187261783,-0.0455910546697796,0.));
#10622=DIRECTION('',(0.360736531903793,-0.016463477881429,-0.932522443936912));
#10623=DIRECTION('',(0.,0.,1.));
#10624=DIRECTION('center_axis',(0.0535284133479966,-0.998566326772762,0.));
#10625=DIRECTION('ref_axis',(0.,0.,1.));
#10626=DIRECTION('',(0.359900540534244,0.0192925641305631,0.932791186650275));
#10627=DIRECTION('',(0.,0.,1.));
#10628=DIRECTION('center_axis',(0.0535284133479966,-0.998566326772762,0.));
#10629=DIRECTION('ref_axis',(0.,0.,1.));
#10630=DIRECTION('',(0.998566326772762,0.0535284133479965,0.));
#10631=DIRECTION('center_axis',(0.671669109490759,0.740851272089001,0.));
#10632=DIRECTION('ref_axis',(0.,0.,-1.));
#10633=DIRECTION('',(0.,0.,1.));
#10634=DIRECTION('',(0.0445659498911201,-0.0404042930135949,-0.998189044828871));
#10635=DIRECTION('center_axis',(0.15089003827053,-0.988550553260033,0.));
#10636=DIRECTION('ref_axis',(0.,0.,1.));
#10637=DIRECTION('',(0.35738525904341,0.0545504478618186,0.932362603956502));
#10638=DIRECTION('',(0.,0.,1.));
#10639=DIRECTION('center_axis',(0.15089003827053,-0.988550553260033,0.));
#10640=DIRECTION('ref_axis',(0.,0.,1.));
#10641=DIRECTION('',(0.988550553260033,0.15089003827053,0.));
#10642=DIRECTION('center_axis',(0.246805036089846,-0.969065154755185,0.));
#10643=DIRECTION('ref_axis',(0.,0.,1.));
#10644=DIRECTION('',(0.350743474723669,0.0893286230679941,0.932201379552478));
#10645=DIRECTION('',(0.,0.,1.));
#10646=DIRECTION('center_axis',(0.246805036089846,-0.969065154755185,0.));
#10647=DIRECTION('ref_axis',(0.,0.,1.));
#10648=DIRECTION('',(0.969065154755185,0.246805036089846,0.));
#10649=DIRECTION('center_axis',(0.339547052621435,-0.940589070240611,0.));
#10650=DIRECTION('ref_axis',(0.,0.,-1.));
#10651=DIRECTION('',(0.940589070240611,0.339547052621435,0.));
#10652=DIRECTION('',(0.339991094827978,0.122734760395253,0.932385239066124));
#10653=DIRECTION('center_axis',(0.514495755427526,0.857492925712544,0.));
#10654=DIRECTION('ref_axis',(0.,0.,-1.));
#10655=DIRECTION('',(0.,0.,1.));
#10656=DIRECTION('',(0.0183993735679534,-0.011039624140772,-0.999769768372267));
#10657=DIRECTION('center_axis',(0.803273141470636,0.595610829478356,0.));
#10658=DIRECTION('ref_axis',(0.,0.,-1.));
#10659=DIRECTION('',(-0.595610829478356,0.803273141470636,0.));
#10660=DIRECTION('center_axis',(0.339547052621435,-0.940589070240611,0.));
#10661=DIRECTION('ref_axis',(0.,0.,-1.));
#10662=DIRECTION('',(0.,0.,1.));
#10663=DIRECTION('center_axis',(0.430539796938489,-0.902571594529855,0.));
#10664=DIRECTION('ref_axis',(0.,0.,-1.));
#10665=DIRECTION('',(0.327159660902802,0.15605992347336,-0.931993485258053));
#10666=DIRECTION('center_axis',(0.,0.,-1.));
#10667=DIRECTION('ref_axis',(-0.707106781186547,-0.707106781186548,0.));
#10668=DIRECTION('',(0.942875101169557,-0.333146429658939,0.));
#10669=DIRECTION('',(0.970752405660157,-0.240082833424254,0.));
#10670=DIRECTION('',(0.990001740082004,-0.14105514749418,0.));
#10671=DIRECTION('',(0.902571594529855,0.430539796938489,0.));
#10672=DIRECTION('',(0.856571697055556,0.516028030055893,0.));
#10673=DIRECTION('',(0.802177584256268,0.597085524290096,0.));
#10674=DIRECTION('',(0.741227112595688,0.671254324047941,0.));
#10675=DIRECTION('',(0.671187217202535,0.741287878940373,0.));
#10676=DIRECTION('',(0.597085524290096,0.802177584256268,0.));
#10677=DIRECTION('',(0.516406974228995,0.856343293876734,0.));
#10678=DIRECTION('',(0.429985515863358,0.902835785814742,0.));
#10679=DIRECTION('',(0.34028219901169,0.940323361953625,0.));
#10680=DIRECTION('',(0.245897406146603,0.96929586074138,0.));
#10681=DIRECTION('',(0.150890038270529,0.988550553260033,0.));
#10682=DIRECTION('',(0.0547484411097178,0.998500179367062,0.));
#10683=DIRECTION('',(-0.0455845742992602,0.998960482995176,0.));
#10684=DIRECTION('',(-0.14106212118024,0.99000074644827,0.));
#10685=DIRECTION('',(-0.24007552052583,0.970754214229458,0.));
#10686=DIRECTION('',(-0.33342286634593,0.942777382099117,0.));
#10687=DIRECTION('',(0.74085108142651,-0.671669319791495,0.));
#10688=DIRECTION('',(-0.671661631778309,0.740858051449061,0.));
#10689=DIRECTION('',(0.514479585910654,0.857502627215335,0.));
#10690=DIRECTION('',(0.595858917950169,0.803089129486419,0.));
#10691=DIRECTION('',(0.740857412602778,0.671662336439611,0.));
#10692=DIRECTION('',(0.803269112875573,0.595616262622245,0.));
#10693=DIRECTION('',(0.857500201731023,0.514483628535696,0.));
#10694=DIRECTION('',(0.940923493422506,0.338619224979308,0.));
#10695=DIRECTION('',(0.970311861467684,0.241857171684279,0.));
#10696=DIRECTION('',(0.989126211502914,0.147069159642301,0.));
#10697=DIRECTION('',(0.998795249328112,0.0490718852255995,0.));
#10698=DIRECTION('',(0.99880218007977,-0.0489306148326168,0.));
#10699=DIRECTION('center_axis',(-0.333146429658939,-0.942875101169557,0.));
#10700=DIRECTION('ref_axis',(0.,0.,1.));
#10701=DIRECTION('',(0.,0.,1.));
#10702=DIRECTION('',(0.,0.,1.));
#10703=DIRECTION('center_axis',(-0.240082833424254,-0.970752405660157,0.));
#10704=DIRECTION('ref_axis',(0.,0.,1.));
#10705=DIRECTION('',(0.,0.,1.));
#10706=DIRECTION('center_axis',(-0.14105514749418,-0.990001740082004,0.));
#10707=DIRECTION('ref_axis',(0.,0.,1.));
#10708=DIRECTION('',(0.,0.,1.));
#10709=DIRECTION('center_axis',(-0.0455910546697796,-0.998960187261783,
0.));
#10710=DIRECTION('ref_axis',(0.,0.,1.));
#10711=DIRECTION('center_axis',(0.338612890910079,0.940925772901093,0.));
#10712=DIRECTION('ref_axis',(0.,0.,-1.));
#10713=DIRECTION('',(0.0317257990175568,-0.0114172284691965,0.999431398631632));
#10714=DIRECTION('',(0.,0.,1.));
#10715=DIRECTION('center_axis',(0.241851086030993,0.970313378340023,0.));
#10716=DIRECTION('ref_axis',(0.,0.,-1.));
#10717=DIRECTION('',(0.0115089829645996,-0.0028686196554998,-0.999929654691965));
#10718=DIRECTION('center_axis',(0.672116228004076,0.740422070613272,-0.00591044857255189));
#10719=DIRECTION('ref_axis',(-0.00418420166022802,-0.00418420166022802,
-0.999982492303207));
#10720=DIRECTION('',(-0.028656833595919,0.0339878144139981,0.999011318434188));
#10721=DIRECTION('',(-0.0411772050070812,0.0453460528874543,0.998122323803717));
#10722=DIRECTION('center_axis',(0.67216875510915,0.740374410836227,-0.00590732036758671));
#10723=DIRECTION('ref_axis',(-0.00418197276839805,-0.00418197276839806,
-0.999982510950831));
#10724=DIRECTION('',(0.129777581876058,-0.125669610127752,-0.983547115461553));
#10725=DIRECTION('center_axis',(0.567944749740863,0.823066680920682,0.));
#10726=DIRECTION('ref_axis',(0.,0.,-1.));
#10727=DIRECTION('',(0.0209498385385614,-0.0144561201196788,0.999676009943368));
#10728=DIRECTION('',(0.,0.,1.));
#10729=DIRECTION('center_axis',(0.567917435114762,0.823085528297003,8.44970704676695E-7));
#10730=DIRECTION('ref_axis',(6.07454280761481E-7,6.07454280761482E-7,-0.999999999999631));
#10731=DIRECTION('',(0.0668475342878912,-0.0461228350298576,-0.996696589363302));
#10732=DIRECTION('center_axis',(0.567932366760833,0.823075225468512,2.32319326231256E-6));
#10733=DIRECTION('ref_axis',(1.67015138902494E-6,1.67015138902494E-6,-0.999999999997211));
#10734=DIRECTION('',(0.14872729393041,-0.102620947003204,-0.983539085789834));
#10735=DIRECTION('center_axis',(0.695653947794933,0.718377049266375,2.1589828247504E-6));
#10736=DIRECTION('ref_axis',(1.52682849897367E-6,1.52682849897367E-6,-0.999999999997669));
#10737=DIRECTION('',(0.540380329101193,-0.523289451132695,0.658906101241845));
#10738=DIRECTION('center_axis',(0.695655306350506,0.718375733684249,0.));
#10739=DIRECTION('ref_axis',(0.,0.,-1.));
#10740=DIRECTION('center_axis',(0.857496881170962,0.514489162938525,-9.42741339219944E-7));
#10741=DIRECTION('ref_axis',(-6.87136245493956E-7,-6.87136245493956E-7,
-0.999999999999528));
#10742=DIRECTION('',(-0.0626203725200582,0.10436728753343,-0.992565442798793));
#10743=DIRECTION('center_axis',(0.803178039147908,0.595619115518983,0.0119543573188337));
#10744=DIRECTION('ref_axis',(0.00854554519508478,0.00854554519508478,-0.999926970990701));
#10745=DIRECTION('',(-0.0919696692283969,0.143794816331891,-0.985324632158405));
#10746=DIRECTION('',(-0.150773651325711,0.183819631475573,0.971327776371137));
#10747=DIRECTION('center_axis',(0.803150052295065,0.595656690730566,0.0119624531909825));
#10748=DIRECTION('ref_axis',(0.00855127305681762,0.00855127305681762,-0.999926873055333));
#10749=DIRECTION('center_axis',(0.783755292236356,0.621056052989704,0.00412564375030552));
#10750=DIRECTION('ref_axis',(0.00293677025179534,0.00293677025179534,-0.999991375343296));
#10751=DIRECTION('',(-0.453388477553556,0.576678192483152,-0.679618386107993));
#10752=DIRECTION('center_axis',(0.783759398649658,0.621050917879711,0.00411854696404594));
#10753=DIRECTION('ref_axis',(0.00293172075729966,0.00293172075729966,-0.999991404976464));
#10754=DIRECTION('center_axis',(-0.039554480294414,0.999217415324933,0.));
#10755=DIRECTION('ref_axis',(0.,0.,-1.));
#10756=DIRECTION('',(0.0597498411971536,0.0023652249049909,0.998210580082211));
#10757=DIRECTION('',(0.,0.,1.));
#10758=DIRECTION('center_axis',(-0.99861782933251,0.0525588331227635,0.));
#10759=DIRECTION('ref_axis',(0.,0.,1.));
#10760=DIRECTION('',(1.58651815972479E-6,3.01438450347712E-5,-0.999999999544416));
#10761=DIRECTION('center_axis',(-0.089096001615982,0.996023043155007,5.33491408925215E-7));
#10762=DIRECTION('ref_axis',(5.88240712306597E-7,5.88240712306597E-7,-0.999999999999654));
#10763=DIRECTION('center_axis',(0.426356614346459,0.904555159956,0.));
#10764=DIRECTION('ref_axis',(0.,0.,-1.));
#10765=DIRECTION('',(0.,0.,1.));
#10766=DIRECTION('',(0.0521492288295724,-0.0245802242127907,-0.998336752058207));
#10767=DIRECTION('center_axis',(0.338617597081301,0.940924079268293,0.));
#10768=DIRECTION('ref_axis',(0.,0.,-1.));
#10769=DIRECTION('',(0.,0.,1.));
#10770=DIRECTION('',(0.0225660911781695,-0.00812103307655971,-0.999712368809503));
#10771=DIRECTION('center_axis',(0.338614846683075,0.940925069070749,-7.01241255066448E-8));
#10772=DIRECTION('ref_axis',(-5.48041719084097E-8,-5.48041719084097E-8,
-0.999999999999997));
#10773=DIRECTION('center_axis',(-0.999200958719679,-0.0399680383487874,
2.05512288872287E-6));
#10774=DIRECTION('ref_axis',(1.97765993261193E-6,1.97765993261193E-6,0.999999999996089));
#10775=DIRECTION('',(-0.000699951203330999,0.0175501913095279,0.999845738528355));
#10776=DIRECTION('center_axis',(0.51452107387945,-0.857477734133043,0.));
#10777=DIRECTION('ref_axis',(0.,0.,-1.));
#10778=DIRECTION('',(0.0125933851089051,0.0075565367730073,0.999892146885601));
#10779=DIRECTION('center_axis',(0.671766624217416,-0.740762851786952,0.));
#10780=DIRECTION('ref_axis',(0.,0.,-1.));
#10781=DIRECTION('',(0.00593661477969184,0.00538366585232029,-0.999967885857815));
#10782=DIRECTION('center_axis',(0.671735117931241,-0.740791422289558,-3.4086567003089E-7));
#10783=DIRECTION('ref_axis',(-2.41316294119038E-7,2.41316294119038E-7,-0.999999999999942));
#10784=DIRECTION('',(0.0395266719348645,0.0358415506100599,0.998575498125014));
#10785=DIRECTION('',(-2.34473917286271E-6,-2.58630062009663E-6,0.999999999993907));
#10786=DIRECTION('center_axis',(0.671730392193951,-0.740795707467964,0.));
#10787=DIRECTION('ref_axis',(0.,0.,-1.));
#10788=DIRECTION('',(0.,0.,1.));
#10789=DIRECTION('center_axis',(0.941842800122914,-0.336053775245316,0.));
#10790=DIRECTION('ref_axis',(0.,0.,-1.));
#10791=DIRECTION('center_axis',(0.857490500323507,-0.514499797720993,0.));
#10792=DIRECTION('ref_axis',(0.,0.,-1.));
#10793=DIRECTION('',(0.,0.,1.));
#10794=DIRECTION('center_axis',(-0.999206320492898,-0.0398337681712114,
-5.71369572029825E-7));
#10795=DIRECTION('ref_axis',(-5.49901373645996E-7,-5.49901373645997E-7,
0.999999999999698));
#10796=DIRECTION('',(-0.000479174940038401,0.0120341604334182,-0.999927472056868));
#10797=DIRECTION('',(-0.000249504441057643,0.00627301368361814,-0.999980293329253));
#10798=DIRECTION('center_axis',(-0.999209941625739,-0.0397428302500968,
0.));
#10799=DIRECTION('ref_axis',(0.,0.,1.));
#10800=DIRECTION('center_axis',(0.555152167201752,0.831743972336318,-0.00283473691907413));
#10801=DIRECTION('ref_axis',(-0.00204393465065193,-0.00204393465065193,
-0.999995822322417));
#10802=DIRECTION('center_axis',(-0.999201175471865,-0.0399626191588872,
-2.36762620131569E-6));
#10803=DIRECTION('ref_axis',(-2.27839558454275E-6,-2.27839558454275E-6,
0.999999999994809));
#10804=DIRECTION('',(-0.000921926410924681,0.0231105209261411,-0.999732491156617));
#10805=DIRECTION('',(-0.000673831664288015,0.0169073172000621,-0.999856834039746));
#10806=DIRECTION('center_axis',(-0.999203165283185,-0.0399128361024412,
-1.52446676518963E-6));
#10807=DIRECTION('ref_axis',(-1.46708044448697E-6,-1.46708044448697E-6,
0.999999999997848));
#10808=DIRECTION('center_axis',(-0.99921048878702,-0.0397290710324762,-3.59195574786553E-6));
#10809=DIRECTION('ref_axis',(-3.45732888296857E-6,-3.45732888296857E-6,
0.999999999988047));
#10810=DIRECTION('center_axis',(-0.999210070135038,-0.0397395990532767,
2.79606617461377E-6));
#10811=DIRECTION('ref_axis',(2.6912431444133E-6,2.6912431444133E-6,0.999999999992757));
#10812=DIRECTION('center_axis',(-0.0398885975215558,-0.999204133190891,
-1.41558783079394E-6));
#10813=DIRECTION('ref_axis',(-1.36233060722187E-6,-1.36233060722187E-6,
0.999999999998144));
#10814=DIRECTION('center_axis',(-0.857492925712544,-0.514495755427527,0.));
#10815=DIRECTION('ref_axis',(0.,0.,1.));
#10816=DIRECTION('',(0.,0.,1.));
#10817=DIRECTION('center_axis',(-0.80328460047551,-0.595595374930739,1.15340137772625E-7));
#10818=DIRECTION('ref_axis',(8.245177556361E-8,8.24517755636101E-8,0.999999999999993));
#10819=DIRECTION('',(-0.0249360302753966,0.0336312448372202,-0.999123182477918));
#10820=DIRECTION('center_axis',(-0.803282961104559,-0.59559758595808,0.));
#10821=DIRECTION('ref_axis',(0.,0.,1.));
#10822=DIRECTION('center_axis',(-0.982965673508195,0.183789239904246,0.));
#10823=DIRECTION('ref_axis',(0.,0.,1.));
#10824=DIRECTION('',(0.00191284066199848,0.0102305048468279,0.999945837438799));
#10825=DIRECTION('',(0.,0.,1.));
#10826=DIRECTION('center_axis',(-0.959358155938478,0.282191297942235,0.));
#10827=DIRECTION('ref_axis',(0.,0.,1.));
#10828=DIRECTION('',(0.00291150247635953,0.0098981565593931,-0.999946773408493));
#10829=DIRECTION('center_axis',(-0.933351082886576,0.358964839607524,0.));
#10830=DIRECTION('ref_axis',(0.,0.,1.));
#10831=DIRECTION('',(0.00267995111210755,0.0069681901862687,0.999972130705433));
#10832=DIRECTION('',(0.,0.,1.));
#10833=DIRECTION('center_axis',(-0.892839211792279,0.450375556492737,0.));
#10834=DIRECTION('ref_axis',(0.,0.,1.));
#10835=DIRECTION('',(0.00474104681092296,0.00939880603356637,0.999944590925057));
#10836=DIRECTION('',(0.,0.,1.));
#10837=DIRECTION('center_axis',(-0.847601266954709,0.530633670489136,0.));
#10838=DIRECTION('ref_axis',(0.,0.,1.));
#10839=DIRECTION('',(0.00557194119865135,0.00890027279087017,-0.999944867787983));
#10840=DIRECTION('center_axis',(-0.795167051128469,0.606390435940125,0.));
#10841=DIRECTION('ref_axis',(0.,0.,1.));
#10842=DIRECTION('',(0.0064056062794339,0.008399748337077,-0.999944204661473));
#10843=DIRECTION('',(0.,0.,1.));
#10844=DIRECTION('center_axis',(-0.674601324457229,0.738182262751094,-4.75841120593752E-7));
#10845=DIRECTION('ref_axis',(-3.36811047992117E-7,3.36811047992117E-7,0.999999999999887));
#10846=DIRECTION('',(0.00661987742158019,0.00605034030712395,0.999959784493902));
#10847=DIRECTION('',(0.00111611425084697,0.00101933675361646,-0.999998857620128));
#10848=DIRECTION('center_axis',(-0.674640488740294,0.738146469850163,0.));
#10849=DIRECTION('ref_axis',(0.,0.,1.));
#10850=DIRECTION('',(0.,0.,1.));
#10851=DIRECTION('center_axis',(-0.606429543575404,0.795137226319412,0.));
#10852=DIRECTION('ref_axis',(0.,0.,1.));
#10853=DIRECTION('',(0.,0.,1.));
#10854=DIRECTION('center_axis',(-0.959358155938478,0.282191297942235,0.));
#10855=DIRECTION('ref_axis',(0.,0.,1.));
#10856=DIRECTION('center_axis',(-0.933349527637396,0.35896888341338,-3.23469015341755E-8));
#10857=DIRECTION('ref_axis',(-2.50301328663068E-8,2.50301328663068E-8,0.999999999999999));
#10858=DIRECTION('',(0.00106296250747301,0.00276370251942984,-0.999995616019936));
#10859=DIRECTION('center_axis',(-0.892839211792279,0.450375556492737,0.));
#10860=DIRECTION('ref_axis',(0.,0.,1.));
#10861=DIRECTION('',(0.,0.,1.));
#10862=DIRECTION('center_axis',(-0.847601266954709,0.530633670489136,0.));
#10863=DIRECTION('ref_axis',(0.,0.,1.));
#10864=DIRECTION('center_axis',(-0.982965673508195,0.183789239904246,0.));
#10865=DIRECTION('ref_axis',(0.,0.,1.));
#10866=DIRECTION('center_axis',(-0.368602380572573,-0.92958715838604,0.));
#10867=DIRECTION('ref_axis',(0.,0.,1.));
#10868=DIRECTION('',(0.,0.,1.));
#10869=DIRECTION('center_axis',(-0.272538863295014,-0.962144774965733,0.));
#10870=DIRECTION('ref_axis',(0.,0.,1.));
#10871=DIRECTION('center_axis',(-0.530776176870709,-0.847512035352014,0.));
#10872=DIRECTION('ref_axis',(0.,0.,1.));
#10873=DIRECTION('center_axis',(0.0490718852255996,-0.998795249328112,0.));
#10874=DIRECTION('ref_axis',(0.,0.,1.));
#10875=DIRECTION('',(0.0440474627134491,0.00216409923476036,0.999027095579999));
#10876=DIRECTION('',(0.,0.,1.));
#10877=DIRECTION('center_axis',(-0.999206278786726,-0.0398348143349777,
-2.87069137980297E-7));
#10878=DIRECTION('ref_axis',(-2.76282757131195E-7,-2.76282757131195E-7,
0.999999999999924));
#10879=DIRECTION('center_axis',(0.147069159642301,-0.989126211502914,0.));
#10880=DIRECTION('ref_axis',(0.,0.,1.));
#10881=DIRECTION('',(0.0436664562110374,0.00649258804875548,-0.999025068205197));
#10882=DIRECTION('center_axis',(0.147069159642301,-0.989126211502914,0.));
#10883=DIRECTION('ref_axis',(0.,0.,1.));
#10884=DIRECTION('center_axis',(0.,0.,-1.));
#10885=DIRECTION('ref_axis',(-0.707106781186547,-0.707106781186548,0.));
#10886=DIRECTION('center_axis',(0.430539796938489,-0.902571594529855,0.));
#10887=DIRECTION('ref_axis',(0.,0.,-1.));
#10888=DIRECTION('',(0.,0.,1.));
#10889=DIRECTION('center_axis',(0.516028030055893,-0.856571697055556,0.));
#10890=DIRECTION('ref_axis',(0.,0.,-1.));
#10891=DIRECTION('',(0.309858670042311,0.186669440103275,-0.932277922473304));
#10892=DIRECTION('center_axis',(-0.803293614652298,-0.595583217240752,0.));
#10893=DIRECTION('ref_axis',(0.,0.,1.));
#10894=DIRECTION('',(0.,0.,1.));
#10895=DIRECTION('center_axis',(-0.740851378743556,-0.671668991850727,0.));
#10896=DIRECTION('ref_axis',(0.,0.,1.));
#10897=DIRECTION('',(-0.213458777952303,0.235445184859783,-0.948156587827903));
#10898=DIRECTION('center_axis',(-0.740851378743556,-0.671668991850727,0.));
#10899=DIRECTION('ref_axis',(0.,0.,1.));
#10900=DIRECTION('center_axis',(0.336055774804783,-0.94184208666865,0.));
#10901=DIRECTION('ref_axis',(0.,0.,-1.));
#10902=DIRECTION('center_axis',(0.514495755427478,-0.857492925712463,4.33687519119789E-7));
#10903=DIRECTION('ref_axis',(3.16101382672784E-7,-3.16101382672784E-7,-0.9999999999999));
#10904=DIRECTION('center_axis',(0.740858051449061,-0.671661631778308,0.));
#10905=DIRECTION('ref_axis',(0.,0.,-1.));
#10906=DIRECTION('',(0.,0.,1.));
#10907=DIRECTION('center_axis',(0.803278871018425,-0.595603102221072,0.));
#10908=DIRECTION('ref_axis',(0.,0.,-1.));
#10909=DIRECTION('center_axis',(0.941829479363741,-0.336091106400368,0.));
#10910=DIRECTION('ref_axis',(0.,0.,-1.));
#10911=DIRECTION('center_axis',(0.80309485013475,0.595851207674259,-4.1349041165794E-7));
#10912=DIRECTION('ref_axis',(-2.95572805934706E-7,-2.95572805934706E-7,
-0.999999999999913));
#10913=DIRECTION('center_axis',(0.595610829478356,0.803273141470636,0.));
#10914=DIRECTION('ref_axis',(0.,0.,-1.));
#10915=DIRECTION('',(0.,0.,1.));
#10916=DIRECTION('center_axis',(0.514485005618384,0.857499375506392,0.));
#10917=DIRECTION('ref_axis',(0.,0.,-1.));
#10918=DIRECTION('',(0.0735895554027876,-0.0441524785980154,0.996310762748889));
#10919=DIRECTION('center_axis',(0.514560976771309,0.857453789498837,-7.63157327452786E-6));
#10920=DIRECTION('ref_axis',(-5.562311326312E-6,-5.562311326312E-6,-0.999999999969061));
#10921=DIRECTION('center_axis',(-0.929575409848386,-0.368632008112706,0.));
#10922=DIRECTION('ref_axis',(0.,0.,1.));
#10923=DIRECTION('center_axis',(-0.99666125055601,-0.0816477289343045,0.));
#10924=DIRECTION('ref_axis',(0.,0.,1.));
#10925=DIRECTION('center_axis',(-0.795167051128469,0.606390435940125,0.));
#10926=DIRECTION('ref_axis',(0.,0.,1.));
#10927=DIRECTION('',(0.,0.,1.));
#10928=DIRECTION('center_axis',(-0.737846656585192,0.674968378048967,0.));
#10929=DIRECTION('ref_axis',(0.,0.,1.));
#10930=DIRECTION('',(0.00715241552246218,0.00781871573748583,0.999943853742004));
#10931=DIRECTION('center_axis',(-0.674368907719719,0.738394593900113,0.));
#10932=DIRECTION('ref_axis',(0.,0.,1.));
#10933=DIRECTION('center_axis',(-0.737846656585192,0.674968378048967,0.));
#10934=DIRECTION('ref_axis',(0.,0.,1.));
#10935=DIRECTION('center_axis',(-0.93334560620306,0.358979079308869,0.));
#10936=DIRECTION('ref_axis',(0.,0.,1.));
#10937=DIRECTION('center_axis',(-0.0489306148326168,-0.99880218007977,0.));
#10938=DIRECTION('ref_axis',(0.,0.,1.));
#10939=DIRECTION('',(0.,0.,1.));
#10940=DIRECTION('',(0.0441746928060003,-0.00216408706563591,0.999021477868553));
#10941=DIRECTION('center_axis',(-0.0489306148326168,-0.99880218007977,0.));
#10942=DIRECTION('ref_axis',(0.,0.,1.));
#10943=DIRECTION('center_axis',(0.0490718852255996,-0.998795249328112,0.));
#10944=DIRECTION('ref_axis',(0.,0.,1.));
#10945=DIRECTION('center_axis',(0.940928543230938,0.338605192714619,0.));
#10946=DIRECTION('ref_axis',(0.,0.,-1.));
#10947=DIRECTION('center_axis',(-0.039554480294414,0.999217415324933,0.));
#10948=DIRECTION('ref_axis',(0.,0.,-1.));
#10949=DIRECTION('',(0.,0.,1.));
#10950=DIRECTION('center_axis',(0.671635758559989,0.740881507275993,0.));
#10951=DIRECTION('ref_axis',(0.,0.,-1.));
#10952=DIRECTION('',(0.0591980932832207,-0.053665202730954,0.996802704534592));
#10953=DIRECTION('center_axis',(0.671669319791495,0.74085108142651,1.71068148607806E-8));
#10954=DIRECTION('ref_axis',(1.21108444494179E-8,1.21108444494179E-8,-1.));
#10955=DIRECTION('center_axis',(0.514489320218231,0.857496786805282,0.));
#10956=DIRECTION('ref_axis',(0.,0.,-1.));
#10957=DIRECTION('',(0.0310686006614324,-0.0186408433015641,0.999343414955013));
#10958=DIRECTION('center_axis',(0.426356614346459,0.904555159956,0.));
#10959=DIRECTION('ref_axis',(0.,0.,-1.));
#10960=DIRECTION('center_axis',(0.241851086030993,0.970313378340023,0.));
#10961=DIRECTION('ref_axis',(0.,0.,-1.));
#10962=DIRECTION('center_axis',(0.740858051449061,0.671661631778309,0.));
#10963=DIRECTION('ref_axis',(0.,0.,-1.));
#10964=DIRECTION('center_axis',(-0.99861782933251,0.0525588331227635,0.));
#10965=DIRECTION('ref_axis',(0.,0.,1.));
#10966=DIRECTION('center_axis',(-0.904165751004144,-0.427181805219596,6.63116677150539E-7));
#10967=DIRECTION('ref_axis',(4.98079313737768E-7,4.98079313737768E-7,0.999999999999752));
#10968=DIRECTION('',(-0.00108597090800635,0.00230009987347929,0.999996765098647));
#10969=DIRECTION('center_axis',(-0.90427708717688,-0.426946073417823,0.));
#10970=DIRECTION('ref_axis',(0.,0.,1.));
#10971=DIRECTION('',(0.,0.,1.));
#10972=DIRECTION('center_axis',(-0.951953936757911,-0.306241248513513,0.));
#10973=DIRECTION('ref_axis',(0.,0.,1.));
#10974=DIRECTION('center_axis',(-0.881882556467762,-0.471430135768004,-0.0060649557002779));
#10975=DIRECTION('ref_axis',(-0.00448147270599034,-0.00448147270599034,
0.999979916200706));
#10976=DIRECTION('center_axis',(-0.998811957619548,-0.0487306199037749,
0.));
#10977=DIRECTION('ref_axis',(0.,0.,1.));
#10978=DIRECTION('',(-0.000123942331942692,0.00254039623226756,-0.99999676550741));
#10979=DIRECTION('center_axis',(-0.996681198950753,0.0813029562158091,0.00405178586065216));
#10980=DIRECTION('ref_axis',(0.00442626478198784,0.00442626478198784,0.999980407988156));
#10981=DIRECTION('',(0.00927876161136856,0.0640157144032795,0.997905753512022));
#10982=DIRECTION('',(0.00897210979340026,0.0602446749423655,0.998143316556768));
#10983=DIRECTION('center_axis',(-0.996675558423533,0.0813722970283985,0.0040472851963892));
#10984=DIRECTION('ref_axis',(0.00442171052559476,0.00442171052559476,0.999980448284893));
#10985=DIRECTION('',(0.00589497677354091,0.121571761206523,-0.992565139487572));
#10986=DIRECTION('center_axis',(-0.999982358806123,-1.66533453693773E-16,
-0.0059398717615136));
#10987=DIRECTION('ref_axis',(-0.00593976697878123,-0.00593976697878123,
0.999964718545847));
#10988=DIRECTION('',(-0.00588066147071529,0.140844555090881,0.990014257029624));
#10989=DIRECTION('',(-0.00589581422345165,0.121570936096259,0.992565235574631));
#10990=DIRECTION('center_axis',(-0.999982361492063,-3.18466734466893E-6,
-0.00593941871019949));
#10991=DIRECTION('ref_axis',(-0.00593929503779312,-0.00593929503779312,
0.999964724152261));
#10992=DIRECTION('center_axis',(-0.989128223322962,0.147055627544738,1.52769039007615E-5));
#10993=DIRECTION('ref_axis',(1.8142027151014E-5,1.8142027151014E-5,0.999999999670867));
#10994=DIRECTION('center_axis',(-0.998825808949953,-0.0484458808872948,
7.25069036066951E-7));
#10995=DIRECTION('ref_axis',(6.9234091124843E-7,6.9234091124843E-7,0.999999999999521));
#10996=DIRECTION('center_axis',(0.741287878940373,-0.671187217202535,0.));
#10997=DIRECTION('ref_axis',(0.,0.,-1.));
#10998=DIRECTION('',(0.243054923018043,0.26844025591103,0.932128818030595));
#10999=DIRECTION('',(0.,0.,1.));
#11000=DIRECTION('center_axis',(0.741287878940373,-0.671187217202535,0.));
#11001=DIRECTION('ref_axis',(0.,0.,-1.));
#11002=DIRECTION('',(0.,0.,1.));
#11003=DIRECTION('center_axis',(0.802177584256268,-0.597085524290096,0.));
#11004=DIRECTION('ref_axis',(0.,0.,-1.));
#11005=DIRECTION('',(0.,0.,1.));
#11006=DIRECTION('center_axis',(0.516028030055893,-0.856571697055556,0.));
#11007=DIRECTION('ref_axis',(0.,0.,-1.));
#11008=DIRECTION('',(0.,0.,1.));
#11009=DIRECTION('center_axis',(0.597085524290096,-0.802177584256268,0.));
#11010=DIRECTION('ref_axis',(0.,0.,-1.));
#11011=DIRECTION('',(0.29053276672975,0.216252501629199,0.932108130527499));
#11012=DIRECTION('',(0.,0.,1.));
#11013=DIRECTION('center_axis',(0.597085524290096,-0.802177584256268,0.));
#11014=DIRECTION('ref_axis',(0.,0.,-1.));
#11015=DIRECTION('center_axis',(0.671254324047941,-0.741227112595688,0.));
#11016=DIRECTION('ref_axis',(0.,0.,-1.));
#11017=DIRECTION('',(0.26884429831639,0.243465052308397,0.931905312554466));
#11018=DIRECTION('center_axis',(0.671254324047941,-0.741227112595688,0.));
#11019=DIRECTION('ref_axis',(0.,0.,-1.));
#11020=DIRECTION('center_axis',(0.856343293876734,-0.516406974228995,0.));
#11021=DIRECTION('ref_axis',(0.,0.,-1.));
#11022=DIRECTION('',(0.,0.,1.));
#11023=DIRECTION('center_axis',(0.902835785814742,-0.429985515863358,0.));
#11024=DIRECTION('ref_axis',(0.,0.,-1.));
#11025=DIRECTION('',(0.155624595025035,0.326763224243531,0.932205331836965));
#11026=DIRECTION('',(0.,0.,1.));
#11027=DIRECTION('center_axis',(0.902835785814742,-0.429985515863358,0.));
#11028=DIRECTION('ref_axis',(0.,0.,-1.));
#11029=DIRECTION('center_axis',(0.940323361953626,-0.34028219901169,0.));
#11030=DIRECTION('ref_axis',(0.,0.,-1.));
#11031=DIRECTION('',(0.12317878855304,0.340387751430953,0.932181937567118));
#11032=DIRECTION('',(0.,0.,1.));
#11033=DIRECTION('center_axis',(0.940323361953626,-0.34028219901169,0.));
#11034=DIRECTION('ref_axis',(0.,0.,-1.));
#11035=DIRECTION('center_axis',(0.96929586074138,-0.245897406146603,0.));
#11036=DIRECTION('ref_axis',(0.,0.,-1.));
#11037=DIRECTION('',(0.0888783743719039,0.350347088804781,0.932393453395627));
#11038=DIRECTION('',(0.,0.,1.));
#11039=DIRECTION('center_axis',(0.96929586074138,-0.245897406146603,0.));
#11040=DIRECTION('ref_axis',(0.,0.,-1.));
#11041=DIRECTION('center_axis',(0.988550553260033,-0.150890038270529,0.));
#11042=DIRECTION('ref_axis',(0.,0.,-1.));
#11043=DIRECTION('',(0.0545504478618184,0.35738525904341,0.932362603956502));
#11044=DIRECTION('',(0.,0.,1.));
#11045=DIRECTION('center_axis',(0.988550553260033,-0.150890038270529,0.));
#11046=DIRECTION('ref_axis',(0.,0.,-1.));
#11047=DIRECTION('center_axis',(0.998500179367062,-0.0547484411097177,0.));
#11048=DIRECTION('ref_axis',(0.,0.,-1.));
#11049=DIRECTION('',(0.019755675509921,0.360303328101012,0.932625983470588));
#11050=DIRECTION('',(0.,0.,1.));
#11051=DIRECTION('center_axis',(0.998500179367062,-0.0547484411097177,0.));
#11052=DIRECTION('ref_axis',(0.,0.,-1.));
#11053=DIRECTION('center_axis',(0.998960482995176,0.0455845742992602,0.));
#11054=DIRECTION('ref_axis',(0.,0.,-1.));
#11055=DIRECTION('',(-0.0164612224966669,0.360738496053657,0.932521723939373));
#11056=DIRECTION('',(0.,0.,1.));
#11057=DIRECTION('center_axis',(0.998960482995176,0.0455845742992602,0.));
#11058=DIRECTION('ref_axis',(0.,0.,-1.));
#11059=DIRECTION('center_axis',(0.99000074644827,0.14106212118024,0.));
#11060=DIRECTION('ref_axis',(0.,0.,-1.));
#11061=DIRECTION('',(-0.0508151231113517,0.35663018101663,0.932862657228396));
#11062=DIRECTION('',(0.,0.,1.));
#11063=DIRECTION('center_axis',(0.99000074644827,0.14106212118024,0.));
#11064=DIRECTION('ref_axis',(0.,0.,-1.));
#11065=DIRECTION('center_axis',(0.970754214229458,0.24007552052583,0.));
#11066=DIRECTION('ref_axis',(0.,0.,-1.));
#11067=DIRECTION('',(-0.086560357288089,0.350009994515785,-0.932738070567091));
#11068=DIRECTION('',(0.,0.,1.));
#11069=DIRECTION('center_axis',(0.970754214229458,0.24007552052583,0.));
#11070=DIRECTION('ref_axis',(0.,0.,-1.));
#11071=DIRECTION('center_axis',(0.942777382099117,0.33342286634593,0.));
#11072=DIRECTION('ref_axis',(0.,0.,-1.));
#11073=DIRECTION('',(-0.0939948007678579,0.2657771291154,0.959441241070962));
#11074=DIRECTION('',(0.,0.,1.));
#11075=DIRECTION('center_axis',(0.942777382099117,0.33342286634593,0.));
#11076=DIRECTION('ref_axis',(0.,0.,-1.));
#11077=DIRECTION('center_axis',(0.671635758559989,0.740881507275993,0.));
#11078=DIRECTION('ref_axis',(0.,0.,-1.));
#11079=DIRECTION('center_axis',(0.595610829478356,0.803273141470637,0.));
#11080=DIRECTION('ref_axis',(0.,0.,-1.));
#11081=DIRECTION('center_axis',(0.514491713132152,0.857495351076805,-1.01174105992E-7));
#11082=DIRECTION('ref_axis',(-7.37427550385348E-8,-7.37427550385348E-8,
-0.999999999999994));
#11083=DIRECTION('center_axis',(0.671662336439611,-0.740857412602778,0.));
#11084=DIRECTION('ref_axis',(0.,0.,-1.));
#11085=DIRECTION('center_axis',(0.241857171684279,-0.970311861467684,0.));
#11086=DIRECTION('ref_axis',(0.,0.,1.));
#11087=DIRECTION('',(0.,0.,1.));
#11088=DIRECTION('center_axis',(0.338619224979308,-0.940923493422506,0.));
#11089=DIRECTION('ref_axis',(0.,0.,-1.));
#11090=DIRECTION('center_axis',(0.514483628535696,-0.857500201731023,0.));
#11091=DIRECTION('ref_axis',(0.,0.,-1.));
#11092=DIRECTION('',(0.,0.,1.));
#11093=DIRECTION('center_axis',(0.595616262622245,-0.803269112875573,0.));
#11094=DIRECTION('ref_axis',(0.,0.,-1.));
#11095=DIRECTION('center_axis',(0.803089129486419,-0.595858917950169,0.));
#11096=DIRECTION('ref_axis',(0.,0.,-1.));
#11097=DIRECTION('',(0.,0.,1.));
#11098=DIRECTION('center_axis',(0.857502627215335,-0.514479585910654,0.));
#11099=DIRECTION('ref_axis',(0.,0.,-1.));
#11100=DIRECTION('center_axis',(-0.0398113755060617,-0.999207212934435,
-3.3880214702519E-7));
#11101=DIRECTION('ref_axis',(-3.26079004547624E-7,-3.26079004547624E-7,
0.999999999999894));
#11102=CARTESIAN_POINT('',(0.,0.,0.));
#11103=CARTESIAN_POINT('Origin',(32.4150696314691,30.3036807266366,15.5000003814697));
#11104=CARTESIAN_POINT('',(32.5367298750083,30.3564587490834,15.5000003814697));
#11105=CARTESIAN_POINT('',(32.4150696314691,30.3036807266366,15.5000003814697));
#11106=CARTESIAN_POINT('',(35.1026040946169,31.4695731340174,15.5000003814697));
#11107=CARTESIAN_POINT('',(32.4372253867943,30.3141432603109,15.9));
#11108=CARTESIAN_POINT('',(32.4150696314691,30.3036807266366,15.5000003814697));
#11109=CARTESIAN_POINT('',(32.4916083083649,30.3377353802334,15.9));
#11110=CARTESIAN_POINT('',(32.4372253867943,30.3141432603109,15.9));
#11111=CARTESIAN_POINT('',(32.5174230653895,30.3484473136502,15.6711539352375));
#11112=CARTESIAN_POINT('Origin',(36.7341269382108,35.0697104194582,15.5000003814697));
#11113=CARTESIAN_POINT('',(32.5368167039516,30.356482298451,15.5000003814697));
#11114=CARTESIAN_POINT('',(35.1026040946169,31.4695731340174,15.5000003814697));
#11115=CARTESIAN_POINT('',(33.0558863514001,30.5620654571094,15.5000003814697));
#11116=CARTESIAN_POINT('',(32.5368167039516,30.356482298451,15.5000003814697));
#11117=CARTESIAN_POINT('',(33.0619091166833,30.5644550794911,15.5000003814697));
#11118=CARTESIAN_POINT('',(33.0477342885922,30.5588310040258,15.5000003814697));
#11119=CARTESIAN_POINT('',(33.1452486090548,30.6563453244885,15.5000003814697));
#11120=CARTESIAN_POINT('',(33.0619091166833,30.5644550794911,15.5000003814697));
#11121=CARTESIAN_POINT('',(33.5086960566297,30.9858595013903,15.5000003814697));
#11122=CARTESIAN_POINT('',(33.1452486090548,30.6563453244885,15.5000003814697));
#11123=CARTESIAN_POINT('',(33.9025499265944,31.2779000723441,15.5000003814697));
#11124=CARTESIAN_POINT('',(35.72314995038,32.6278654045945,15.5000003814697));
#11125=CARTESIAN_POINT('',(34.323998181216,31.5296280256342,15.5000003814697));
#11126=CARTESIAN_POINT('',(33.9025499265944,31.2779000723441,15.5000003814697));
#11127=CARTESIAN_POINT('',(34.7673493100718,31.7396407141422,15.5000003814697));
#11128=CARTESIAN_POINT('',(34.323998181216,31.5296280256342,15.5000003814697));
#11129=CARTESIAN_POINT('',(35.2290899518699,31.9043978025931,15.5000003814697));
#11130=CARTESIAN_POINT('',(34.7673493100718,31.7396407141422,15.5000003814697));
#11131=CARTESIAN_POINT('',(35.7049717042803,32.0238992909869,15.5000003814697));
#11132=CARTESIAN_POINT('',(35.2290899518699,31.9043978025931,15.5000003814697));
#11133=CARTESIAN_POINT('',(36.1900482131619,32.0960176064109,15.5000003814697));
#11134=CARTESIAN_POINT('',(35.7049717042803,32.0238992909869,15.5000003814697));
#11135=CARTESIAN_POINT('',(36.6807825149876,32.1200615405494,15.5000003814697));
#11136=CARTESIAN_POINT('',(36.1900482131619,32.0960176064109,15.5000003814697));
#11137=CARTESIAN_POINT('',(37.1708020062625,32.0967256734659,15.5000003814697));
#11138=CARTESIAN_POINT('',(36.6807825149876,32.1200615405494,15.5000003814697));
#11139=CARTESIAN_POINT('',(37.6558785151441,32.0246006145461,15.5000003814697));
#11140=CARTESIAN_POINT('',(37.1708020062625,32.0967256734659,15.5000003814697));
#11141=CARTESIAN_POINT('',(38.1317670110503,31.9051058696481,15.5000003814697));
#11142=CARTESIAN_POINT('',(37.6558785151441,32.0246006145461,15.5000003814697));
#11143=CARTESIAN_POINT('',(38.5942157199034,31.7396407141422,15.5000003814697));
#11144=CARTESIAN_POINT('',(38.1317670110503,31.9051058696481,15.5000003814697));
#11145=CARTESIAN_POINT('',(39.037570220507,31.5296313973821,15.5000003814697));
#11146=CARTESIAN_POINT('',(38.5942157199034,31.7396407141422,15.5000003814697));
#11147=CARTESIAN_POINT('',(39.141868497706,31.4670416414695,15.5000003814697));
#11148=CARTESIAN_POINT('',(39.037570220507,31.5296313973821,15.5000003814697));
#11149=CARTESIAN_POINT('',(40.3421197061035,32.667292849867,15.5000003814697));
#11150=CARTESIAN_POINT('',(39.141868497706,31.4670416414695,15.5000003814697));
#11151=CARTESIAN_POINT('',(40.3407608917075,32.6687797906824,15.5000003814697));
#11152=CARTESIAN_POINT('',(40.3421197061035,32.667292849867,15.5000003814697));
#11153=CARTESIAN_POINT('',(39.617396216589,33.3313383645173,15.5000003814697));
#11154=CARTESIAN_POINT('',(39.617396216589,33.3313383645173,15.5000003814697));
#11155=CARTESIAN_POINT('',(38.8402858802494,33.9274330441245,15.5000003814697));
#11156=CARTESIAN_POINT('',(38.8402858802494,33.9274330441245,15.5000003814697));
#11157=CARTESIAN_POINT('',(38.0179165721048,34.4513891778204,15.5000003814697));
#11158=CARTESIAN_POINT('',(38.0179165721048,34.4513891778204,15.5000003814697));
#11159=CARTESIAN_POINT('',(37.156664267398,34.8968645078411,15.5000003814697));
#11160=CARTESIAN_POINT('',(37.156664267398,34.8968645078411,15.5000003814697));
#11161=CARTESIAN_POINT('',(36.7341269382108,35.0697104194582,15.5000003814697));
#11162=CARTESIAN_POINT('',(36.7341269382108,35.0697104194582,15.5000003814697));
#11163=CARTESIAN_POINT('',(31.0621153332948,29.3976988145422,15.5000003814697));
#11164=CARTESIAN_POINT('',(31.0621153332948,29.3976988145422,15.5000003814697));
#11165=CARTESIAN_POINT('',(31.0723654468527,29.3874487009843,15.5000003814697));
#11166=CARTESIAN_POINT('',(31.0723654468527,29.3874487009843,15.5000003814697));
#11167=CARTESIAN_POINT('',(31.0809971214277,29.3969840039914,15.5000003814697));
#11168=CARTESIAN_POINT('',(31.0723654468527,29.3874487009843,15.5000003814697));
#11169=CARTESIAN_POINT('',(31.1822035058199,29.482869166013,15.5000003814697));
#11170=CARTESIAN_POINT('',(31.0809971214277,29.3969840039914,15.5000003814697));
#11171=CARTESIAN_POINT('',(31.3593416524894,29.6232687477725,15.5000003814697));
#11172=CARTESIAN_POINT('',(31.1822035058199,29.482869166013,15.5000003814697));
#11173=CARTESIAN_POINT('',(31.7123771426082,29.9030968479018,15.5000003814697));
#11174=CARTESIAN_POINT('',(31.3593416524894,29.6232687477725,15.5000003814697));
#11175=CARTESIAN_POINT('',(32.1266638047308,30.1334479196272,15.5000003814697));
#11176=CARTESIAN_POINT('',(31.7123771426082,29.9030968479018,15.5000003814697));
#11177=CARTESIAN_POINT('',(32.3034209438898,30.2317242551109,15.5000003814697));
#11178=CARTESIAN_POINT('',(32.1266638047308,30.1334479196272,15.5000003814697));
#11179=CARTESIAN_POINT('',(32.3034209438898,30.2317242551109,15.5000003814697));
#11180=CARTESIAN_POINT('Origin',(33.0607121461856,30.5631232390781,15.9));
#11181=CARTESIAN_POINT('',(33.0607121461856,30.5631232390781,15.9));
#11182=CARTESIAN_POINT('',(32.4916083083649,30.3377353802334,15.9));
#11183=CARTESIAN_POINT('',(33.0613494065351,30.5638279343852,15.6880005836487));
#11184=CARTESIAN_POINT('',(33.0607121461856,30.5631232390781,15.9));
#11185=CARTESIAN_POINT('',(33.0644263942785,30.5648206245299,15.7938890097815));
#11186=CARTESIAN_POINT('Origin',(29.340325534432,24.7587266971154,15.9));
#11187=CARTESIAN_POINT('',(32.3873403768968,30.2819936442668,15.9));
#11188=CARTESIAN_POINT('',(30.0681549335568,28.7873016336873,15.9));
#11189=CARTESIAN_POINT('',(31.7320850089719,29.9176796574866,15.9));
#11190=CARTESIAN_POINT('',(31.7320850089719,29.9176796574866,15.9));
#11191=CARTESIAN_POINT('',(31.1443219183783,29.4517850222993,15.9));
#11192=CARTESIAN_POINT('',(31.1443219183783,29.4517850222993,15.9));
#11193=CARTESIAN_POINT('',(31.0991067792958,29.4134212749107,15.9));
#11194=CARTESIAN_POINT('',(31.0991067792958,29.4134212749107,15.9));
#11195=CARTESIAN_POINT('',(31.0740492982253,29.3857648496117,15.9));
#11196=CARTESIAN_POINT('',(30.4294338174323,28.6742903067012,15.9));
#11197=CARTESIAN_POINT('',(30.4294338174323,28.6742903067012,15.9));
#11198=CARTESIAN_POINT('',(30.4294338174323,28.6742903067012,15.9));
#11199=CARTESIAN_POINT('',(30.3910700700437,28.6290751676187,15.9));
#11200=CARTESIAN_POINT('',(30.3910700700437,28.6290751676187,15.9));
#11201=CARTESIAN_POINT('',(29.9526585518334,27.9488418913923,15.9));
#11202=CARTESIAN_POINT('',(29.9526585518334,27.9488418913923,15.9));
#11203=CARTESIAN_POINT('',(29.6309297407885,27.2070877033315,15.9));
#11204=CARTESIAN_POINT('',(29.6309297407885,27.2070877033315,15.9));
#11205=CARTESIAN_POINT('',(29.6146441985239,27.1500579596744,15.9));
#11206=CARTESIAN_POINT('',(29.6146441985239,27.1500579596744,15.9));
#11207=CARTESIAN_POINT('',(29.3722020388978,26.1815840723559,15.9));
#11208=CARTESIAN_POINT('',(29.3722020388978,26.1815840723559,15.9));
#11209=CARTESIAN_POINT('',(29.3663891455511,26.1424852839293,15.9));
#11210=CARTESIAN_POINT('',(29.3663891455511,26.1424852839293,15.9));
#11211=CARTESIAN_POINT('',(29.305454917848,25.3961421470027,15.9));
#11212=CARTESIAN_POINT('',(29.305454917848,25.3961421470027,15.9));
#11213=CARTESIAN_POINT('',(29.305454917848,25.3170274547259,15.9));
#11214=CARTESIAN_POINT('',(29.305454917848,25.3170274547259,15.9));
#11215=CARTESIAN_POINT('',(29.3297045286072,24.8170646789503,15.9));
#11216=CARTESIAN_POINT('',(29.3297045286072,24.8170646789503,15.9));
#11217=CARTESIAN_POINT('',(29.340325534432,24.7587266971154,15.9));
#11218=CARTESIAN_POINT('',(29.340325534432,24.7587266971154,15.9));
#11219=CARTESIAN_POINT('',(29.4137082553113,24.2646712236271,15.9));
#11220=CARTESIAN_POINT('',(29.4137082553113,24.2646712236271,15.9));
#11221=CARTESIAN_POINT('',(29.7039921456192,23.3086492012326,15.9));
#11222=CARTESIAN_POINT('',(29.7039921456192,23.3086492012326,15.9));
#11223=CARTESIAN_POINT('',(29.722138892714,23.2522398591857,15.9));
#11224=CARTESIAN_POINT('',(29.722138892714,23.2522398591857,15.9));
#11225=CARTESIAN_POINT('',(29.9357526079587,22.8001086988481,15.9));
#11226=CARTESIAN_POINT('',(29.9357526079587,22.8001086988481,15.9));
#11227=CARTESIAN_POINT('',(29.9730373960254,22.7303742091759,15.9));
#11228=CARTESIAN_POINT('',(29.9730373960254,22.7303742091759,15.9));
#11229=CARTESIAN_POINT('',(30.2305512686791,22.3011709344282,15.9));
#11230=CARTESIAN_POINT('',(30.2305512686791,22.3011709344282,15.9));
#11231=CARTESIAN_POINT('',(30.6964324168749,21.7134078438347,15.9));
#11232=CARTESIAN_POINT('',(30.6964324168749,21.7134078438347,15.9));
#11233=CARTESIAN_POINT('',(30.7199807040749,21.6815785438393,15.9));
#11234=CARTESIAN_POINT('',(30.7199807040749,21.6815785438393,15.9));
#11235=CARTESIAN_POINT('',(30.7612576416325,21.6389529071293,15.9));
#11236=CARTESIAN_POINT('',(30.7612576416325,21.6389529071293,15.9));
#11237=CARTESIAN_POINT('',(31.2992200160256,21.1180246030304,15.9));
#11238=CARTESIAN_POINT('',(30.7612576416325,21.6389529071293,15.9));
#11239=CARTESIAN_POINT('',(31.7015437166669,20.8205352875011,15.9));
#11240=CARTESIAN_POINT('',(31.2992200160256,21.1180246030304,15.9));
#11241=CARTESIAN_POINT('',(31.7479996589696,20.7837225441378,15.9));
#11242=CARTESIAN_POINT('',(31.7015437166669,20.8205352875011,15.9));
#11243=CARTESIAN_POINT('',(32.1772029337172,20.5262086714841,15.9));
#11244=CARTESIAN_POINT('',(31.7479996589696,20.7837225441378,15.9));
#11245=CARTESIAN_POINT('',(32.2469306798936,20.4889306269132,15.9));
#11246=CARTESIAN_POINT('',(32.1772029337172,20.5262086714841,15.9));
#11247=CARTESIAN_POINT('',(32.6990618402312,20.2753169116685,15.9));
#11248=CARTESIAN_POINT('',(32.2469306798936,20.4889306269132,15.9));
#11249=CARTESIAN_POINT('',(33.0079173178669,20.1757727989815,15.9));
#11250=CARTESIAN_POINT('',(32.6990618402312,20.2753169116685,15.9));
#11251=CARTESIAN_POINT('',(33.1452486090548,20.0242936536855,15.9));
#11252=CARTESIAN_POINT('',(33.1452486090548,20.0242936536855,15.9));
#11253=CARTESIAN_POINT('',(33.5086960566297,19.6947794767836,15.9));
#11254=CARTESIAN_POINT('',(33.1452486090548,20.0242936536855,15.9));
#11255=CARTESIAN_POINT('',(33.902560041838,19.4027490210735,15.9));
#11256=CARTESIAN_POINT('',(33.5086960566297,19.6947794767836,15.9));
#11257=CARTESIAN_POINT('',(34.3232833706653,19.1503096289805,15.9));
#11258=CARTESIAN_POINT('',(33.902560041838,19.4027490210735,15.9));
#11259=CARTESIAN_POINT('',(34.7673526818197,18.9410016357796,15.9));
#11260=CARTESIAN_POINT('',(34.3232833706653,19.1503096289805,15.9));
#11261=CARTESIAN_POINT('',(35.2290933236177,18.7748284132187,15.9));
#11262=CARTESIAN_POINT('',(34.7673526818197,18.9410016357796,15.9));
#11263=CARTESIAN_POINT('',(35.7056763995874,18.6560417353757,15.9));
#11264=CARTESIAN_POINT('',(35.2290933236177,18.7748284132187,15.9));
#11265=CARTESIAN_POINT('',(36.190752908469,18.5839166764559,15.9));
#11266=CARTESIAN_POINT('',(35.7056763995874,18.6560417353757,15.9));
#11267=CARTESIAN_POINT('',(36.6814838385468,18.5598761140653,15.9));
#11268=CARTESIAN_POINT('',(36.190752908469,18.5839166764559,15.9));
#11269=CARTESIAN_POINT('',(37.1707986345146,18.5839166764559,15.9));
#11270=CARTESIAN_POINT('',(36.6814838385468,18.5598761140653,15.9));
#11271=CARTESIAN_POINT('',(37.655881886892,18.6560417353757,15.9));
#11272=CARTESIAN_POINT('',(37.1707986345146,18.5839166764559,15.9));
#11273=CARTESIAN_POINT('',(38.1324717063574,18.7748351567145,15.9));
#11274=CARTESIAN_POINT('',(37.655881886892,18.6560417353757,15.9));
#11275=CARTESIAN_POINT('',(38.5942089764076,18.9410050075275,15.9));
#11276=CARTESIAN_POINT('',(38.1324717063574,18.7748351567145,15.9));
#11277=CARTESIAN_POINT('',(39.0382681723184,19.1503096289805,15.9));
#11278=CARTESIAN_POINT('',(38.5942089764076,18.9410050075275,15.9));
#11279=CARTESIAN_POINT('',(39.459008359885,19.4027456493256,15.9));
#11280=CARTESIAN_POINT('',(39.0382681723184,19.1503096289805,15.9));
#11281=CARTESIAN_POINT('',(39.8528554863539,19.6947794767836,15.9));
#11282=CARTESIAN_POINT('',(39.459008359885,19.4027456493256,15.9));
#11283=CARTESIAN_POINT('',(40.2163164209203,20.0242936536855,15.9));
#11284=CARTESIAN_POINT('',(39.8528554863539,19.6947794767836,15.9));
#11285=CARTESIAN_POINT('',(40.5458238543264,20.3877478447561,15.9));
#11286=CARTESIAN_POINT('',(40.2163164209203,20.0242936536855,15.9));
#11287=CARTESIAN_POINT('',(40.8385724923352,20.7823097817757,15.9));
#11288=CARTESIAN_POINT('',(40.5458238543264,20.3877478447561,15.9));
#11289=CARTESIAN_POINT('',(41.0910017691845,21.2030432258466,15.9));
#11290=CARTESIAN_POINT('',(40.8385724923352,20.7823097817757,15.9));
#11291=CARTESIAN_POINT('',(41.3003097623853,21.6471057935053,15.9));
#11292=CARTESIAN_POINT('',(41.0910017691845,21.2030432258466,15.9));
#11293=CARTESIAN_POINT('',(41.4657715461434,22.1081349965005,15.9));
#11294=CARTESIAN_POINT('',(41.3003097623853,21.6471057935053,15.9));
#11295=CARTESIAN_POINT('',(41.5845683392301,22.5847281877138,15.9));
#11296=CARTESIAN_POINT('',(41.4657715461434,22.1081349965005,15.9));
#11297=CARTESIAN_POINT('',(41.6566866546541,23.0698046965954,15.9));
#11298=CARTESIAN_POINT('',(41.5845683392301,22.5847281877138,15.9));
#11299=CARTESIAN_POINT('',(41.6814352840997,23.5598275596182,15.9));
#11300=CARTESIAN_POINT('',(41.6566866546541,23.0698046965954,15.9));
#11301=CARTESIAN_POINT('',(41.6566900264019,24.0498537943889,15.9));
#11302=CARTESIAN_POINT('',(41.6814352840997,23.5598275596182,15.9));
#11303=CARTESIAN_POINT('',(41.5845649674822,24.5349303032705,15.9));
#11304=CARTESIAN_POINT('',(41.6566900264019,24.0498537943889,15.9));
#11305=CARTESIAN_POINT('',(41.4657749178912,25.0115100074923,15.9));
#11306=CARTESIAN_POINT('',(41.5845649674822,24.5349303032705,15.9));
#11307=CARTESIAN_POINT('',(41.3477199093383,25.3395507305701,15.9));
#11308=CARTESIAN_POINT('',(41.4657749178912,25.0115100074923,15.9));
#11309=CARTESIAN_POINT('',(41.3003063906375,25.2066836335765,15.9));
#11310=CARTESIAN_POINT('',(41.3003063906375,25.2066836335765,15.9));
#11311=CARTESIAN_POINT('',(41.0903004456252,24.7633257612249,15.9));
#11312=CARTESIAN_POINT('',(41.0903004456252,24.7633257612249,15.9));
#11313=CARTESIAN_POINT('',(40.8378576817844,24.342592317154,15.9));
#11314=CARTESIAN_POINT('',(40.8378576817844,24.342592317154,15.9));
#11315=CARTESIAN_POINT('',(40.5458238543264,23.9487317036937,15.9));
#11316=CARTESIAN_POINT('',(40.5458238543264,23.9487317036937,15.9));
#11317=CARTESIAN_POINT('',(40.2163164209203,23.585277512623,15.9));
#11318=CARTESIAN_POINT('',(40.2163164209203,23.585277512623,15.9));
#11319=CARTESIAN_POINT('',(39.8996519751925,23.2981360913401,15.9));
#11320=CARTESIAN_POINT('',(39.8996519751925,23.2981360913401,15.9));
#11321=CARTESIAN_POINT('',(39.8521575345426,23.2550653839099,15.9));
#11322=CARTESIAN_POINT('',(39.8521575345426,23.2550653839099,15.9));
#11323=CARTESIAN_POINT('',(39.4582969210822,22.9630315564518,15.9));
#11324=CARTESIAN_POINT('',(39.4582969210822,22.9630315564518,15.9));
#11325=CARTESIAN_POINT('',(39.3575389791581,22.9025727451999,15.9));
#11326=CARTESIAN_POINT('',(39.3575389791581,22.9025727451999,15.9));
#11327=CARTESIAN_POINT('',(39.037570220507,22.7105955361067,15.9));
#11328=CARTESIAN_POINT('',(39.037570220507,22.7105955361067,15.9));
#11329=CARTESIAN_POINT('',(38.5942056046597,22.5005828475988,15.9));
#11330=CARTESIAN_POINT('',(38.5942056046597,22.5005828475988,15.9));
#11331=CARTESIAN_POINT('',(38.4271186384231,22.4409602298213,15.9));
#11332=CARTESIAN_POINT('',(38.4271186384231,22.4409602298213,15.9));
#11333=CARTESIAN_POINT('',(38.1324649628616,22.3358257591478,15.9));
#11334=CARTESIAN_POINT('',(38.1324649628616,22.3358257591478,15.9));
#11335=CARTESIAN_POINT('',(37.9484282200279,22.2896125826926,15.9));
#11336=CARTESIAN_POINT('',(37.9484282200279,22.2896125826926,15.9));
#11337=CARTESIAN_POINT('',(37.919131102691,22.2907825792073,15.9));
#11338=CARTESIAN_POINT('',(37.919131102691,22.2907825792073,15.9));
#11339=CARTESIAN_POINT('',(37.7920229510779,22.2958469445244,15.9));
#11340=CARTESIAN_POINT('',(37.7920229510779,22.2958469445244,15.9));
#11341=CARTESIAN_POINT('',(37.6633031039778,22.3009854882948,15.9));
#11342=CARTESIAN_POINT('',(37.6633031039778,22.3009854882948,15.9));
#11343=CARTESIAN_POINT('',(37.6100733201825,22.3031063177119,15.9));
#11344=CARTESIAN_POINT('',(37.6100733201825,22.3031063177119,15.9));
#11345=CARTESIAN_POINT('',(37.5651279209304,22.3048933440887,15.9));
#11346=CARTESIAN_POINT('',(37.5651279209304,22.3048933440887,15.9));
#11347=CARTESIAN_POINT('',(37.5540517291418,22.304714641451,15.9));
#11348=CARTESIAN_POINT('',(37.5540517291418,22.304714641451,15.9));
#11349=CARTESIAN_POINT('',(37.5519578737078,22.3049000875845,15.9));
#11350=CARTESIAN_POINT('',(37.5519578737078,22.3049000875845,15.9));
#11351=CARTESIAN_POINT('',(37.4670808643026,22.3124898920643,15.9));
#11352=CARTESIAN_POINT('',(37.4670808643026,22.3124898920643,15.9));
#11353=CARTESIAN_POINT('',(37.4666391653302,22.3125741857613,15.9));
#11354=CARTESIAN_POINT('',(37.4666391653302,22.3125741857613,15.9));
#11355=CARTESIAN_POINT('',(37.3815227618255,22.3287585755896,15.9));
#11356=CARTESIAN_POINT('',(37.3815227618255,22.3287585755896,15.9));
#11357=CARTESIAN_POINT('',(37.2966760981512,22.3527923944844,15.9));
#11358=CARTESIAN_POINT('',(37.2966760981512,22.3527923944844,15.9));
#11359=CARTESIAN_POINT('',(37.2146448439575,22.3853196462912,15.9));
#11360=CARTESIAN_POINT('',(37.2146448439575,22.3853196462912,15.9));
#11361=CARTESIAN_POINT('',(37.1347411626766,22.4256255204591,15.9));
#11362=CARTESIAN_POINT('',(37.1347411626766,22.4256255204591,15.9));
#11363=CARTESIAN_POINT('',(37.0590825119777,22.473008693429,15.9));
#11364=CARTESIAN_POINT('',(37.0590825119777,22.473008693429,15.9));
#11365=CARTESIAN_POINT('',(36.986957453058,22.5267442394064,15.9));
#11366=CARTESIAN_POINT('',(36.986957453058,22.5267442394064,15.9));
#11367=CARTESIAN_POINT('',(36.9655266235272,22.5463543250816,15.9));
#11368=CARTESIAN_POINT('',(36.9655266235272,22.5463543250816,15.9));
#11369=CARTESIAN_POINT('',(36.9492916574808,22.5612068744968,15.9));
#11370=CARTESIAN_POINT('',(36.9492916574808,22.5612068744968,15.9));
#11371=CARTESIAN_POINT('',(36.9204868153345,22.5875503406901,15.9));
#11372=CARTESIAN_POINT('',(36.9204868153345,22.5875503406901,15.9));
#11373=CARTESIAN_POINT('',(36.8596807140509,22.6540209784136,15.9));
#11374=CARTESIAN_POINT('',(36.9204868153345,22.5875503406901,15.9));
#11375=CARTESIAN_POINT('',(36.8059451680734,22.7261460373333,15.9));
#11376=CARTESIAN_POINT('',(36.8596807140509,22.6540209784136,15.9));
#11377=CARTESIAN_POINT('',(36.7585552516078,22.8018114315279,15.9));
#11378=CARTESIAN_POINT('',(36.8059451680734,22.7261460373333,15.9));
#11379=CARTESIAN_POINT('',(36.7182561209356,22.8817083693131,15.9));
#11380=CARTESIAN_POINT('',(36.7585552516078,22.8018114315279,15.9));
#11381=CARTESIAN_POINT('',(36.6857288691288,22.9637396235068,15.9));
#11382=CARTESIAN_POINT('',(36.7182561209356,22.8817083693131,15.9));
#11383=CARTESIAN_POINT('',(36.672929714173,23.0089210451105,15.9));
#11384=CARTESIAN_POINT('',(36.6857288691288,22.9637396235068,15.9));
#11385=CARTESIAN_POINT('',(36.6616883067382,23.0485930306768,15.9));
#11386=CARTESIAN_POINT('',(36.672929714173,23.0089210451105,15.9));
#11387=CARTESIAN_POINT('',(36.6454263667088,23.1341443896581,15.9));
#11388=CARTESIAN_POINT('',(36.6616883067382,23.0485930306768,15.9));
#11389=CARTESIAN_POINT('',(36.6435902910996,23.1546657962497,15.9));
#11390=CARTESIAN_POINT('',(36.6454263667088,23.1341443896581,15.9));
#11391=CARTESIAN_POINT('',(36.9678667943635,23.4544345839804,15.9));
#11392=CARTESIAN_POINT('Origin',(34.9137314999332,25.3512281977516,15.9));
#11393=CARTESIAN_POINT('',(36.9678667943635,23.7573247526911,15.9));
#11394=CARTESIAN_POINT('',(36.9678667943635,24.5542764752214,15.9));
#11395=CARTESIAN_POINT('',(33.0752538688482,23.5127505666666,15.9));
#11396=CARTESIAN_POINT('Origin',(34.9137314999332,25.3512281977516,15.9));
#11397=CARTESIAN_POINT('',(32.9456691102424,27.0502662874587,15.9));
#11398=CARTESIAN_POINT('Origin',(34.9137314999332,25.3512281977516,15.9));
#11399=CARTESIAN_POINT('',(32.6354234707277,27.0748578666873,15.9));
#11400=CARTESIAN_POINT('Origin',(32.8670492094165,28.0277175389459,15.9));
#11401=CARTESIAN_POINT('',(32.5505700635577,27.098898429078,15.9));
#11402=CARTESIAN_POINT('',(32.5505700635577,27.098898429078,15.9));
#11403=CARTESIAN_POINT('',(32.4678307423089,27.1321337479397,15.9));
#11404=CARTESIAN_POINT('',(32.4678307423089,27.1321337479397,15.9));
#11405=CARTESIAN_POINT('',(32.388635128083,27.1717315550526,15.9));
#11406=CARTESIAN_POINT('',(32.388635128083,27.1717315550526,15.9));
#11407=CARTESIAN_POINT('',(32.3129832208799,27.2191079845268,15.9));
#11408=CARTESIAN_POINT('',(32.3129832208799,27.2191079845268,15.9));
#11409=CARTESIAN_POINT('',(32.2408581619602,27.2728435305042,15.9));
#11410=CARTESIAN_POINT('',(32.2408581619602,27.2728435305042,15.9));
#11411=CARTESIAN_POINT('',(32.1743807807409,27.3336563752836,15.9));
#11412=CARTESIAN_POINT('',(32.1743807807409,27.3336563752836,15.9));
#11413=CARTESIAN_POINT('',(32.113581422953,27.4001202695114,15.9));
#11414=CARTESIAN_POINT('',(32.1743807807409,27.3336563752836,15.9));
#11415=CARTESIAN_POINT('',(32.0598391334799,27.4722520719268,15.9));
#11416=CARTESIAN_POINT('',(32.113581422953,27.4001202695114,15.9));
#11417=CARTESIAN_POINT('',(32.01245596051,27.5479107226257,15.9));
#11418=CARTESIAN_POINT('',(32.0598391334799,27.4722520719268,15.9));
#11419=CARTESIAN_POINT('',(31.9721568298378,27.6278076604109,15.9));
#11420=CARTESIAN_POINT('',(32.01245596051,27.5479107226257,15.9));
#11421=CARTESIAN_POINT('',(31.9456515197463,27.6946458186534,15.9));
#11422=CARTESIAN_POINT('',(31.9721568298378,27.6278076604109,15.9));
#11423=CARTESIAN_POINT('',(31.939629578031,27.7098389146046,15.9));
#11424=CARTESIAN_POINT('',(31.9456515197463,27.6946458186534,15.9));
#11425=CARTESIAN_POINT('',(31.9155890156404,27.7946923217746,15.9));
#11426=CARTESIAN_POINT('',(31.939629578031,27.7098389146046,15.9));
#11427=CARTESIAN_POINT('',(31.8986122650602,27.8809584913067,15.9));
#11428=CARTESIAN_POINT('',(31.9155890156404,27.7946923217746,15.9));
#11429=CARTESIAN_POINT('',(31.8917170406438,27.9651274336569,15.9));
#11430=CARTESIAN_POINT('',(31.8986122650602,27.8809584913067,15.9));
#11431=CARTESIAN_POINT('',(31.8915450815019,27.9672212890909,15.9));
#11432=CARTESIAN_POINT('',(31.8917170406438,27.9651274336569,15.9));
#11433=CARTESIAN_POINT('',(31.8916496056862,27.9801924031886,15.9));
#11434=CARTESIAN_POINT('',(31.8915450815019,27.9672212890909,15.9));
#11435=CARTESIAN_POINT('',(31.8896535309407,28.0303774986475,15.9));
#11436=CARTESIAN_POINT('',(31.8916496056862,27.9801924031886,15.9));
#11437=CARTESIAN_POINT('',(31.8878159283457,28.0764726639269,15.9));
#11438=CARTESIAN_POINT('',(31.8896535309407,28.0303774986475,15.9));
#11439=CARTESIAN_POINT('',(31.8862581808247,28.1154702999171,15.9));
#11440=CARTESIAN_POINT('',(31.8878159283457,28.0764726639269,15.9));
#11441=CARTESIAN_POINT('',(31.8842722213229,28.1651260309587,15.9));
#11442=CARTESIAN_POINT('',(31.8862581808247,28.1154702999171,15.9));
#11443=CARTESIAN_POINT('',(31.8824919384418,28.2098893558251,15.9));
#11444=CARTESIAN_POINT('',(31.8842722213229,28.1651260309587,15.9));
#11445=CARTESIAN_POINT('',(31.8805666704018,28.2583110271423,15.9));
#11446=CARTESIAN_POINT('',(31.8824919384418,28.2098893558251,15.9));
#11447=CARTESIAN_POINT('',(31.8787729005292,28.3033171178562,15.9));
#11448=CARTESIAN_POINT('',(31.8805666704018,28.2583110271423,15.9));
#11449=CARTESIAN_POINT('',(31.8775590712921,28.333662848784,15.9));
#11450=CARTESIAN_POINT('',(31.8787729005292,28.3033171178562,15.9));
#11451=CARTESIAN_POINT('',(31.8720833527335,28.4710143704592,15.9));
#11452=CARTESIAN_POINT('',(31.8775590712921,28.333662848784,15.9));
#11453=CARTESIAN_POINT('',(31.8719585980619,28.4740860327787,15.9));
#11454=CARTESIAN_POINT('',(31.8720833527335,28.4710143704592,15.9));
#11455=CARTESIAN_POINT('',(31.8964914356431,28.5717992863663,15.9));
#11456=CARTESIAN_POINT('',(31.8719585980619,28.4740860327787,15.9));
#11457=CARTESIAN_POINT('',(31.9928593618263,28.841879663372,15.9));
#11458=CARTESIAN_POINT('',(31.8964914356431,28.5717992863663,15.9));
#11459=CARTESIAN_POINT('',(32.0095630008282,28.8886727804628,15.9));
#11460=CARTESIAN_POINT('',(31.9928593618263,28.841879663372,15.9));
#11461=CARTESIAN_POINT('',(32.0612485240941,29.0335399281644,15.9));
#11462=CARTESIAN_POINT('',(32.0095630008282,28.8886727804628,15.9));
#11463=CARTESIAN_POINT('',(32.2636242036518,29.4607842173933,15.9));
#11464=CARTESIAN_POINT('',(32.0612485240941,29.0335399281644,15.9));
#11465=CARTESIAN_POINT('',(32.2712679560978,29.476897800516,15.9));
#11466=CARTESIAN_POINT('',(32.2636242036518,29.4607842173933,15.9));
#11467=CARTESIAN_POINT('',(32.46270568553,29.797406038828,15.9));
#11468=CARTESIAN_POINT('',(32.2712679560978,29.476897800516,15.9));
#11469=CARTESIAN_POINT('',(32.5229891658921,29.8983393116419,15.9));
#11470=CARTESIAN_POINT('',(32.46270568553,29.797406038828,15.9));
#11471=CARTESIAN_POINT('',(32.8150297368459,30.2921931816065,15.9));
#11472=CARTESIAN_POINT('',(32.5229891658921,29.8983393116419,15.9));
#11473=CARTESIAN_POINT('',(32.8150297368459,30.2921931816065,15.9));
#11474=CARTESIAN_POINT('Origin',(32.4150696314691,30.3036807266366,15.5000003814697));
#11475=CARTESIAN_POINT('',(32.3034209438898,30.2317242551109,15.5000003814697));
#11476=CARTESIAN_POINT('Origin',(33.9025499265944,31.2779000723441,15.5000003814697));
#11477=CARTESIAN_POINT('',(33.5086960566298,30.9858595013903,30.8999993093312));
#11478=CARTESIAN_POINT('',(33.5086960566298,30.9858595013903,15.5000003814697));
#11479=CARTESIAN_POINT('',(33.9025499265944,31.2779000723441,30.8999993093312));
#11480=CARTESIAN_POINT('',(32.3806047189024,30.1493857138214,30.8999993093312));
#11481=CARTESIAN_POINT('',(33.9025499265944,31.2779000723441,15.5000003814697));
#11482=CARTESIAN_POINT('Origin',(40.3421197061035,32.667292849867,15.5000003814697));
#11483=CARTESIAN_POINT('',(40.3421197061035,32.667292849867,12.5000002622604));
#11484=CARTESIAN_POINT('',(40.3421197061035,32.6672928498669,14.0000003218651));
#11485=CARTESIAN_POINT('',(39.141868497706,31.4670416414695,12.5000002622604));
#11486=CARTESIAN_POINT('',(39.141868497706,31.4670416414695,12.5000002622604));
#11487=CARTESIAN_POINT('',(38.4937865233977,30.8189596671611,12.5000002622604));
#11488=CARTESIAN_POINT('Origin',(40.3407608917075,32.6687797906824,12.5000002622604));
#11489=CARTESIAN_POINT('',(40.3407608917075,32.6687797906824,12.5000002622604));
#11490=CARTESIAN_POINT('',(40.3421197061035,32.667292849867,12.5000002622604));
#11491=CARTESIAN_POINT('',(40.3407608917075,32.6687797906824,12.5000002622604));
#11492=CARTESIAN_POINT('Origin',(33.8655843428793,24.9656506105318,30.8999993093312));
#11493=CARTESIAN_POINT('',(41.0903004456252,24.7633257612249,30.8999993093312));
#11494=CARTESIAN_POINT('',(40.8378576817844,24.342592317154,30.8999993093312));
#11495=CARTESIAN_POINT('',(40.0524823186119,23.0336473650051,30.8999993093312));
#11496=CARTESIAN_POINT('',(41.3002913925721,25.2066519701378,30.8999993093312));
#11497=CARTESIAN_POINT('',(40.5724762691293,23.670111828019,30.8999993093312));
#11498=CARTESIAN_POINT('',(41.4650722692126,25.6684592796225,30.8999993093312));
#11499=CARTESIAN_POINT('',(40.8660258931031,23.9895994455947,30.8999993093312));
#11500=CARTESIAN_POINT('',(41.5845649674822,26.144306027785,30.8999993093312));
#11501=CARTESIAN_POINT('',(41.2164142746914,24.6782473268339,30.8999993093312));
#11502=CARTESIAN_POINT('',(41.655981959347,26.6300838602258,30.8999993093312));
#11503=CARTESIAN_POINT('',(41.4181047258548,25.0120447373842,30.8999993093312));
#11504=CARTESIAN_POINT('',(41.6807339605404,27.1201100949965,30.8999993093312));
#11505=CARTESIAN_POINT('',(41.6041393633482,25.6037332262135,30.8999993093312));
#11506=CARTESIAN_POINT('',(41.6566900264019,27.6108376533264,30.8999993093312));
#11507=CARTESIAN_POINT('',(41.7120077971618,26.4818229745775,30.8999993093312));
#11508=CARTESIAN_POINT('',(41.5845649674822,28.095914162208,30.8999993093312));
#11509=CARTESIAN_POINT('',(41.7648296929217,26.8835451880904,30.8999993093312));
#11510=CARTESIAN_POINT('',(41.4650702225841,28.5718026581142,30.8999993093312));
#11511=CARTESIAN_POINT('',(41.7253482637194,27.5352438904553,30.8999993093312));
#11512=CARTESIAN_POINT('',(41.3003131341332,29.0335432999123,30.8999993093312));
#11513=CARTESIAN_POINT('',(41.5242583462498,28.4059247437544,30.8999993093312));
#11514=CARTESIAN_POINT('',(41.0903038173732,29.476897800516,30.8999993093312));
#11515=CARTESIAN_POINT('',(41.4059674930803,28.8104944548885,30.8999993093312));
#11516=CARTESIAN_POINT('',(40.8378644252802,29.8976211293432,30.8999993093312));
#11517=CARTESIAN_POINT('',(41.0029792621343,29.6224356156083,30.8999993093312));
#11518=CARTESIAN_POINT('',(40.5529517293465,30.2816362389915,30.8999993093312));
#11519=CARTESIAN_POINT('',(40.6377509125326,30.1673409896254,30.8999993093312));
#11520=CARTESIAN_POINT('',(40.5451191590193,30.2921864381107,30.8999993093312));
#11521=CARTESIAN_POINT('',(40.633084294902,30.1737004673069,30.8999993093312));
#11522=CARTESIAN_POINT('',(40.2163164209202,30.6563453244886,30.8999993093312));
#11523=CARTESIAN_POINT('',(40.2055114608788,30.6683121415497,30.8999993093312));
#11524=CARTESIAN_POINT('',(39.8521322716257,30.9851715274889,30.8999993093312));
#11525=CARTESIAN_POINT('',(39.7002476113432,31.1223099950237,30.8999993093312));
#11526=CARTESIAN_POINT('',(39.4582935493343,31.2771920052891,30.8999993093312));
#11527=CARTESIAN_POINT('',(39.1637756609833,31.4955688423269,30.8999993093312));
#11528=CARTESIAN_POINT('',(39.037570220507,31.5296313973821,30.8999993093312));
#11529=CARTESIAN_POINT('',(38.7944395019627,31.6755129460938,30.8999993093312));
#11530=CARTESIAN_POINT('',(38.5942157199034,31.7396407141422,30.8999993093312));
#11531=CARTESIAN_POINT('',(38.1952049448702,31.928645179261,30.8999993093312));
#11532=CARTESIAN_POINT('',(38.1317670110503,31.9051058696481,30.8999993093312));
#11533=CARTESIAN_POINT('',(37.5725680281639,32.1051884839806,30.8999993093312));
#11534=CARTESIAN_POINT('',(37.6558785151441,32.0246006145461,30.8999993093312));
#11535=CARTESIAN_POINT('',(36.9447592437397,32.2031613838431,30.8999993093312));
#11536=CARTESIAN_POINT('',(37.1708020062625,32.0967256734659,30.8999993093312));
#11537=CARTESIAN_POINT('',(36.0726244847598,32.2600114995005,30.8999993093312));
#11538=CARTESIAN_POINT('',(36.6807825149876,32.1200615405494,30.8999993093312));
#11539=CARTESIAN_POINT('',(35.4463378468482,32.1788486647568,30.8999993093312));
#11540=CARTESIAN_POINT('',(36.1900482131619,32.0960176064109,30.8999993093312));
#11541=CARTESIAN_POINT('',(35.1017059975502,32.0426933768737,30.8999993093312));
#11542=CARTESIAN_POINT('',(35.7049717042803,32.0238992909869,30.8999993093312));
#11543=CARTESIAN_POINT('',(34.5343630619708,31.8498600997287,30.8999993093312));
#11544=CARTESIAN_POINT('',(35.2290899518699,31.9043978025931,30.8999993093312));
#11545=CARTESIAN_POINT('',(34.0061829617983,31.5973063775898,30.8999993093312));
#11546=CARTESIAN_POINT('',(34.7673493100718,31.7396407141422,30.8999993093312));
#11547=CARTESIAN_POINT('',(33.5262123976886,31.2967814863798,30.8999993093312));
#11548=CARTESIAN_POINT('',(34.323998181216,31.5296280256342,30.8999993093312));
#11549=CARTESIAN_POINT('',(32.8670516612296,30.8394814673874,30.8999993093312));
#11550=CARTESIAN_POINT('',(32.4994904196063,30.4398629131788,30.8999993093312));
#11551=CARTESIAN_POINT('',(33.1452545833749,30.6563507410161,30.8999993093312));
#11552=CARTESIAN_POINT('',(31.9270601114082,29.5518929950205,30.8999993093312));
#11553=CARTESIAN_POINT('',(32.8150249712137,30.292186754545,30.8999993093312));
#11554=CARTESIAN_POINT('',(31.7267699053352,29.092102666101,30.8999993093312));
#11555=CARTESIAN_POINT('',(32.5229775885176,29.8983236980792,30.8999993093312));
#11556=CARTESIAN_POINT('',(31.7271597679537,28.8250621050334,30.8999993093312));
#11557=CARTESIAN_POINT('',(32.2713219150709,29.476991910474,30.8999993093312));
#11558=CARTESIAN_POINT('',(31.5835934644698,28.3255699953228,30.8999993093312));
#11559=CARTESIAN_POINT('',(32.0612250266211,29.0334705250379,30.8999993093312));
#11560=CARTESIAN_POINT('',(31.439689013304,27.72138772477,30.8999993093312));
#11561=CARTESIAN_POINT('',(31.8964884280372,28.5717873071993,30.8999993093312));
#11562=CARTESIAN_POINT('',(31.4369799357638,27.2839899315056,30.8999993093312));
#11563=CARTESIAN_POINT('',(31.8719585201945,28.4740857226361,30.8999993093312));
#11564=CARTESIAN_POINT('',(31.5167534784871,27.0593190776826,30.8999993093312));
#11565=CARTESIAN_POINT('',(31.891649590515,27.9801905204882,30.8999993093312));
#11566=CARTESIAN_POINT('',(31.9532137416208,26.436026675629,30.8999993093312));
#11567=CARTESIAN_POINT('',(31.8915450487865,27.9672172292173,30.8999993093312));
#11568=CARTESIAN_POINT('',(31.8795685476017,26.4809720660562,30.8999993093312));
#11569=CARTESIAN_POINT('',(31.898611639179,27.880961671678,30.8999993093312));
#11570=CARTESIAN_POINT('',(32.0203449971373,26.3950712947674,30.8999993093312));
#11571=CARTESIAN_POINT('',(31.9155890156404,27.7946923217746,30.8999993093312));
#11572=CARTESIAN_POINT('',(32.211444529042,26.2913232432483,30.8999993093312));
#11573=CARTESIAN_POINT('',(31.9396241794459,27.7098579694142,30.8999993093312));
#11574=CARTESIAN_POINT('',(32.3710383542413,26.1871414023876,30.8999993093312));
#11575=CARTESIAN_POINT('',(31.9721669164646,27.6277876626943,30.8999993093312));
#11576=CARTESIAN_POINT('',(32.5436263857925,26.1866103610172,30.8999993093312));
#11577=CARTESIAN_POINT('',(32.01245596051,27.5479107226257,30.8999993093312));
#11578=CARTESIAN_POINT('',(32.7195282105795,26.146071362046,30.8999993093312));
#11579=CARTESIAN_POINT('',(32.0598391334799,27.4722520719268,30.8999993093312));
#11580=CARTESIAN_POINT('',(32.8542916372739,26.2037172585323,30.8999993093312));
#11581=CARTESIAN_POINT('',(32.113581422953,27.4001202695114,30.8999993093312));
#11582=CARTESIAN_POINT('',(33.009457764693,26.1976933557249,30.8999993093312));
#11583=CARTESIAN_POINT('',(32.1743807807409,27.3336563752836,30.8999993093312));
#11584=CARTESIAN_POINT('',(33.1188787140603,26.3011617401022,30.8999993093312));
#11585=CARTESIAN_POINT('',(32.2408581619602,27.2728435305042,30.8999993093312));
#11586=CARTESIAN_POINT('',(33.2576374277653,26.3427040073727,30.8999993093312));
#11587=CARTESIAN_POINT('',(32.3129832208799,27.2191079845268,30.8999993093312));
#11588=CARTESIAN_POINT('',(33.3159390628205,26.4718728270771,30.8999993093312));
#11589=CARTESIAN_POINT('',(32.388635128083,27.1717315550526,30.8999993093312));
#11590=CARTESIAN_POINT('',(33.4152594112761,26.5288159333944,30.8999993093312));
#11591=CARTESIAN_POINT('',(32.4678307423089,27.1321337479397,30.8999993093312));
#11592=CARTESIAN_POINT('',(33.4206310029057,26.6557336176413,30.8999993093312));
#11593=CARTESIAN_POINT('',(32.5505700635577,27.098898429078,30.8999993093312));
#11594=CARTESIAN_POINT('',(33.4856489334288,26.7232892999236,30.8999993093312));
#11595=CARTESIAN_POINT('',(32.6354234707277,27.0748578666873,30.8999993093312));
#11596=CARTESIAN_POINT('',(33.4389610506048,26.8472005932023,30.8999993093312));
#11597=CARTESIAN_POINT('',(32.9456691102424,27.0502662874587,30.8999993093312));
#11598=CARTESIAN_POINT('Origin',(32.8670492094165,28.0277175389459,30.8999993093312));
#11599=CARTESIAN_POINT('',(36.9678667943635,26.9451316428121,30.8999993093312));
#11600=CARTESIAN_POINT('Origin',(34.9137314999332,25.3512281977516,30.8999993093312));
#11601=CARTESIAN_POINT('',(36.9678667943635,23.4544345839804,30.8999993093312));
#11602=CARTESIAN_POINT('',(36.9678667943635,24.3614876816114,30.8999993093312));
#11603=CARTESIAN_POINT('',(36.6435902910996,23.1546657962497,30.8999993093312));
#11604=CARTESIAN_POINT('Origin',(34.9137314999332,25.3512281977516,30.8999993093312));
#11605=CARTESIAN_POINT('',(36.6454263667088,23.1341443896581,30.8999993093312));
#11606=CARTESIAN_POINT('',(36.5531053835408,24.1659953783066,30.8999993093312));
#11607=CARTESIAN_POINT('',(36.6616911423543,23.0485781129727,30.8999993093312));
#11608=CARTESIAN_POINT('',(36.4370883123548,24.2301762066026,30.8999993093312));
#11609=CARTESIAN_POINT('',(36.6857239973595,22.9637519097384,30.8999993093312));
#11610=CARTESIAN_POINT('',(36.3120343930856,24.282724221261,30.8999993093312));
#11611=CARTESIAN_POINT('',(36.7182561209356,22.8817083693131,30.8999993093312));
#11612=CARTESIAN_POINT('',(36.167433761198,24.2708404507949,30.8999993093312));
#11613=CARTESIAN_POINT('',(36.7585552516078,22.8018114315279,30.8999993093312));
#11614=CARTESIAN_POINT('',(36.0301591735785,24.2459273506195,30.8999993093312));
#11615=CARTESIAN_POINT('',(36.8059451680734,22.7261460373333,30.8999993093312));
#11616=CARTESIAN_POINT('',(35.864314250778,24.2296066858588,30.8999993093312));
#11617=CARTESIAN_POINT('',(36.8596807140509,22.6540209784136,30.8999993093312));
#11618=CARTESIAN_POINT('',(35.7715699875716,24.1145076791802,30.8999993093312));
#11619=CARTESIAN_POINT('',(36.9205195188042,22.5875145906512,30.8999993093312));
#11620=CARTESIAN_POINT('',(35.6324325438017,23.9955963598204,30.8999993093312));
#11621=CARTESIAN_POINT('',(36.986923087412,22.5267698429453,30.8999993093312));
#11622=CARTESIAN_POINT('',(35.5299732506098,23.8595604159843,30.8999993093312));
#11623=CARTESIAN_POINT('',(37.0590825119777,22.473008693429,30.8999993093312));
#11624=CARTESIAN_POINT('',(35.4351732324431,23.6828746271368,30.8999993093312));
#11625=CARTESIAN_POINT('',(37.1347411626766,22.4256255204591,30.8999993093312));
#11626=CARTESIAN_POINT('',(35.3893602334649,23.5187151500421,30.8999993093312));
#11627=CARTESIAN_POINT('',(37.2146448439575,22.3853196462912,30.8999993093312));
#11628=CARTESIAN_POINT('',(35.3210291004631,23.3405176629057,30.8999993093312));
#11629=CARTESIAN_POINT('',(37.2966760981512,22.3527923944844,30.8999993093312));
#11630=CARTESIAN_POINT('',(35.3665721461749,23.1181223638508,30.8999993093312));
#11631=CARTESIAN_POINT('',(37.3815256337294,22.3287577620889,30.8999993093312));
#11632=CARTESIAN_POINT('',(35.4084056457925,22.8876672865688,30.8999993093312));
#11633=CARTESIAN_POINT('',(37.4670630468851,22.3124930125923,30.8999993093312));
#11634=CARTESIAN_POINT('',(35.4855036364097,22.6892821418748,30.8999993093312));
#11635=CARTESIAN_POINT('',(37.5540662043926,22.3047148749939,30.8999993093312));
#11636=CARTESIAN_POINT('',(35.606439726519,22.4788339204299,30.8999993093312));
#11637=CARTESIAN_POINT('',(37.5651425488073,22.304893580094,30.8999993093312));
#11638=CARTESIAN_POINT('',(35.7372961759044,22.2754032124338,30.8999993093312));
#11639=CARTESIAN_POINT('',(37.9484310352709,22.2896132896238,30.8999993093312));
#11640=CARTESIAN_POINT('',(35.7787858120043,22.376108998208,30.8999993093312));
#11641=CARTESIAN_POINT('',(38.1324394403352,22.3358193502265,30.8999993093312));
#11642=CARTESIAN_POINT('',(36.3441524433197,21.8867654207058,30.8999993093312));
#11643=CARTESIAN_POINT('',(38.5942286913708,22.5005937832984,30.8999993093312));
#11644=CARTESIAN_POINT('',(36.8034938483354,21.8616284590047,30.8999993093312));
#11645=CARTESIAN_POINT('',(39.0375421939178,22.7105822604885,30.8999993093312));
#11646=CARTESIAN_POINT('',(37.1400034103534,21.811757213923,30.8999993093312));
#11647=CARTESIAN_POINT('',(39.458321947325,22.9630501125328,30.8999993093312));
#11648=CARTESIAN_POINT('',(37.8439052320538,21.9944000833701,30.8999993093312));
#11649=CARTESIAN_POINT('',(39.8521770182636,23.2550798304055,30.8999993093312));
#11650=CARTESIAN_POINT('',(38.1329905174988,21.98036335261,30.8999993093312));
#11651=CARTESIAN_POINT('',(40.2163000077466,23.5852594085192,30.8999993093312));
#11652=CARTESIAN_POINT('',(38.8172138727106,22.31659556923,30.8999993093312));
#11653=CARTESIAN_POINT('',(40.5458238543264,23.9487317036937,30.8999993093312));
#11654=CARTESIAN_POINT('',(39.2920102460536,22.5657467857583,30.8999993093312));
#11655=CARTESIAN_POINT('',(39.6042045624998,22.6787872073555,30.8999993093312));
#11656=CARTESIAN_POINT('Origin',(31.939629578031,27.7098389146046,15.9));
#11657=CARTESIAN_POINT('',(31.9155890156404,27.7946923217746,15.9));
#11658=CARTESIAN_POINT('',(31.9396295780343,27.7098389145963,23.899999518771));
#11659=CARTESIAN_POINT('',(31.939629578031,27.7098389146046,15.9));
#11660=CARTESIAN_POINT('',(31.9396357478424,27.70981713768,15.8999999770632));
#11661=CARTESIAN_POINT('Origin',(31.8986122650602,27.8809584913067,23.8999995231628));
#11662=CARTESIAN_POINT('',(31.8986122650602,27.8809584913067,23.8999995231628));
#11663=CARTESIAN_POINT('',(31.8986126227066,27.8809566739517,19.8999997810111));
#11664=CARTESIAN_POINT('',(31.8986122650602,27.8809584913067,15.9));
#11665=CARTESIAN_POINT('Origin',(31.8917170406438,27.9651274336569,15.9));
#11666=CARTESIAN_POINT('',(31.8915450815019,27.9672212890909,23.8999995231628));
#11667=CARTESIAN_POINT('',(31.8915451001964,27.9672236090186,19.8999997584278));
#11668=CARTESIAN_POINT('',(31.8917170406438,27.9651274336569,15.9));
#11669=CARTESIAN_POINT('',(31.8986122650602,27.8809584913067,23.8999995231628));
#11670=CARTESIAN_POINT('Origin',(31.8916496056862,27.9801924031886,23.8999995231628));
#11671=CARTESIAN_POINT('',(31.8916496056862,27.9801924031886,23.8999995231628));
#11672=CARTESIAN_POINT('',(31.8916496056862,27.9801924031886,23.8999995231628));
#11673=CARTESIAN_POINT('',(31.8916496056862,27.9801924031886,15.9));
#11674=CARTESIAN_POINT('',(31.8915450815019,27.9672212890909,15.9));
#11675=CARTESIAN_POINT('Origin',(31.8916496056862,27.9801924031886,23.8999995231628));
#11676=CARTESIAN_POINT('',(31.8719585980937,28.4740860319824,23.8999994990491));
#11677=CARTESIAN_POINT('',(31.8719585980619,28.4740860327787,23.8999995339946));
#11678=CARTESIAN_POINT('',(31.8824919384418,28.2098893558251,15.9));
#11679=CARTESIAN_POINT('',(31.8916496056862,27.9801924031886,23.8999995231628));
#11680=CARTESIAN_POINT('Origin',(31.8719585980619,28.4740860327787,23.8999995231628));
#11681=CARTESIAN_POINT('',(31.8964914356431,28.5717992863663,23.8999995231628));
#11682=CARTESIAN_POINT('',(31.8964914356431,28.5717992863661,23.899999612042));
#11683=CARTESIAN_POINT('',(31.8964914356431,28.5717992863663,15.9));
#11684=CARTESIAN_POINT('',(31.8719585980619,28.4740860327787,15.9));
#11685=CARTESIAN_POINT('Origin',(31.8964914356431,28.5717992863663,23.8999995231628));
#11686=CARTESIAN_POINT('',(32.0612485240941,29.0335399281646,23.8999995231601));
#11687=CARTESIAN_POINT('',(32.0612485240854,29.0335399281389,23.9000020887072));
#11688=CARTESIAN_POINT('',(31.9928593618263,28.841879663372,15.9));
#11689=CARTESIAN_POINT('',(31.8964914356431,28.5717992863663,23.8999995231628));
#11690=CARTESIAN_POINT('Origin',(32.0612485240941,29.0335399281644,23.8999995231628));
#11691=CARTESIAN_POINT('',(32.2712679560978,29.4768978005159,23.8999995231628));
#11692=CARTESIAN_POINT('',(32.2712371223928,29.4768440233866,19.8999988651118));
#11693=CARTESIAN_POINT('',(32.2636242036518,29.4607842173933,15.9));
#11694=CARTESIAN_POINT('',(32.0612485240941,29.0335399281644,23.8999995231628));
#11695=CARTESIAN_POINT('Origin',(32.46270568553,29.797406038828,15.9));
#11696=CARTESIAN_POINT('',(32.5229891658922,29.898339311642,23.89999952317));
#11697=CARTESIAN_POINT('',(32.5229957815354,29.8983482336786,19.8999992432785));
#11698=CARTESIAN_POINT('',(32.46270568553,29.797406038828,15.9));
#11699=CARTESIAN_POINT('',(32.2712679560978,29.476897800516,23.8999995231628));
#11700=CARTESIAN_POINT('Origin',(32.8150297368459,30.2921931816065,23.8999995231628));
#11701=CARTESIAN_POINT('',(32.8150297368459,30.2921931816065,23.8999995231632));
#11702=CARTESIAN_POINT('',(32.8150297368459,30.2921931816065,23.8999995231628));
#11703=CARTESIAN_POINT('',(32.8150297368459,30.2921931816065,15.9));
#11704=CARTESIAN_POINT('',(32.5229891658921,29.8983393116419,15.9));
#11705=CARTESIAN_POINT('Origin',(32.8150297368459,30.2921931816065,23.8999995231628));
#11706=CARTESIAN_POINT('',(33.1452486090547,30.6563453244884,23.8999995231535));
#11707=CARTESIAN_POINT('',(33.1452450244628,30.6563420745718,19.6999996705166));
#11708=CARTESIAN_POINT('',(33.0607121461856,30.5631232390781,15.9));
#11709=CARTESIAN_POINT('',(32.8150297368459,30.2921931816065,23.8999995231628));
#11710=CARTESIAN_POINT('Origin',(33.1452486090548,30.6563453244885,15.5000003814697));
#11711=CARTESIAN_POINT('',(33.1452486090548,30.6563453244885,15.5000003814697));
#11712=CARTESIAN_POINT('Origin',(33.9025499265944,31.2779000723441,23.8999995231628));
#11713=CARTESIAN_POINT('',(34.323998181216,31.5296280256342,15.5000003814697));
#11714=CARTESIAN_POINT('Origin',(34.323998181216,31.5296280256342,15.5000003814697));
#11715=CARTESIAN_POINT('',(34.7673493100718,31.7396407141422,15.5000003814697));
#11716=CARTESIAN_POINT('Origin',(35.2290899518699,31.9043978025931,23.8999995231628));
#11717=CARTESIAN_POINT('',(35.2290899518699,31.9043978025931,15.5000003814697));
#11718=CARTESIAN_POINT('Origin',(35.7049717042803,32.0238992909869,23.8999995231628));
#11719=CARTESIAN_POINT('',(35.7049717042803,32.0238992909869,15.5000003814697));
#11720=CARTESIAN_POINT('Origin',(36.1900482131619,32.0960176064109,23.8999995231628));
#11721=CARTESIAN_POINT('',(36.1900482131619,32.0960176064109,15.5000003814697));
#11722=CARTESIAN_POINT('Origin',(36.6807825149876,32.1200615405494,15.5000003814697));
#11723=CARTESIAN_POINT('',(36.6807825149876,32.1200615405494,15.5000003814697));
#11724=CARTESIAN_POINT('Origin',(36.6807825149876,32.1200615405494,15.5000003814697));
#11725=CARTESIAN_POINT('',(37.1708020062625,32.0967256734659,15.5000003814697));
#11726=CARTESIAN_POINT('Origin',(37.1708020062625,32.0967256734659,23.8999995231628));
#11727=CARTESIAN_POINT('',(37.6558785151441,32.0246006145461,15.5000003814697));
#11728=CARTESIAN_POINT('Origin',(38.1317670110503,31.9051058696481,23.8999995231628));
#11729=CARTESIAN_POINT('',(38.1317670110503,31.9051058696481,15.5000003814697));
#11730=CARTESIAN_POINT('Origin',(38.5942157199034,31.7396407141422,23.8999995231628));
#11731=CARTESIAN_POINT('',(38.5942157199034,31.7396407141422,15.5000003814697));
#11732=CARTESIAN_POINT('Origin',(39.037570220507,31.5296313973821,15.5000003814697));
#11733=CARTESIAN_POINT('',(39.037570220507,31.5296313973821,15.5000003814697));
#11734=CARTESIAN_POINT('Origin',(39.4582935493343,31.2771920052891,19.7840007781982));
#11735=CARTESIAN_POINT('',(39.4582935493343,31.2771920052891,19.7840007781982));
#11736=CARTESIAN_POINT('',(39.4582935493343,31.2771920052891,19.7840007781982));
#11737=CARTESIAN_POINT('',(39.037570220507,31.5296313973821,15.5000003814697));
#11738=CARTESIAN_POINT('Origin',(39.4582935493343,31.2771920052891,23.8999995231628));
#11739=CARTESIAN_POINT('',(39.8521322716257,30.9851715274889,22.1053056151481));
#11740=CARTESIAN_POINT('',(39.8521322716257,30.9851715274889,18.1999998927116));
#11741=CARTESIAN_POINT('',(39.4582935493343,31.2771920052891,19.7840007781982));
#11742=CARTESIAN_POINT('Origin',(39.8521507910468,30.9851548060832,12.5000002622604));
#11743=CARTESIAN_POINT('',(40.2163164209203,30.6563453244885,12.5000002622604));
#11744=CARTESIAN_POINT('',(40.2163164209202,30.6563453244886,17.2740006089211));
#11745=CARTESIAN_POINT('',(39.8521507910468,30.9851548060832,12.5000002622604));
#11746=CARTESIAN_POINT('',(39.8521507910468,30.9851548060832,12.5000002622604));
#11747=CARTESIAN_POINT('',(39.8521507910468,30.9851548060832,22.0480009555817));
#11748=CARTESIAN_POINT('',(39.8521507910468,30.9851548060832,12.5000002622604));
#11749=CARTESIAN_POINT('',(39.8536936264473,30.9837617616369,17.2740041422514));
#11750=CARTESIAN_POINT('Origin',(40.2163164209203,30.6563453244885,22.0480009555817));
#11751=CARTESIAN_POINT('',(40.5451191590193,30.2921864381107,12.5000002622604));
#11752=CARTESIAN_POINT('',(40.5451191590193,30.2921864381107,12.5000002622604));
#11753=CARTESIAN_POINT('',(40.5451191590193,30.2921864381107,12.5000002622604));
#11754=CARTESIAN_POINT('Origin',(40.5451191590193,30.2921864381107,12.5000002622604));
#11755=CARTESIAN_POINT('',(40.5529517293465,30.2816362389915,22.0480009555817));
#11756=CARTESIAN_POINT('',(40.5529517293465,30.2816362389915,18.1999998927116));
#11757=CARTESIAN_POINT('',(40.5529517293465,30.2816362389915,22.0480009555817));
#11758=CARTESIAN_POINT('Origin',(40.5529517293465,30.2816362389915,22.0480009555817));
#11759=CARTESIAN_POINT('',(40.8378644252802,29.8976211293432,12.5000002622604));
#11760=CARTESIAN_POINT('',(40.8378644252802,29.8976211293432,12.5000002622604));
#11761=CARTESIAN_POINT('',(40.8378644252802,29.8976211293432,12.5000002622604));
#11762=CARTESIAN_POINT('Origin',(40.8378644252802,29.8976211293432,12.5000002622604));
#11763=CARTESIAN_POINT('',(41.0903038173732,29.476897800516,12.5000002622604));
#11764=CARTESIAN_POINT('',(41.0903038173732,29.476897800516,12.5000002622604));
#11765=CARTESIAN_POINT('',(41.0903038173732,29.476897800516,12.5000002622604));
#11766=CARTESIAN_POINT('Origin',(41.3003131341332,29.0335432999123,12.5000002622604));
#11767=CARTESIAN_POINT('',(41.3003131341332,29.0335432999123,12.5000002622604));
#11768=CARTESIAN_POINT('',(41.3003131341332,29.0335432999123,12.5000002622604));
#11769=CARTESIAN_POINT('',(41.3003131341332,29.0335432999123,12.5000002622604));
#11770=CARTESIAN_POINT('Origin',(41.3003131341332,29.0335432999123,23.8999995231628));
#11771=CARTESIAN_POINT('',(41.4650702225841,28.5718026581142,12.5000002622604));
#11772=CARTESIAN_POINT('',(41.4650702225841,28.5718026581142,12.5000002622604));
#11773=CARTESIAN_POINT('',(41.4650702225841,28.5718026581142,12.5000002622604));
#11774=CARTESIAN_POINT('Origin',(41.5845649674822,28.095914162208,23.8999995231628));
#11775=CARTESIAN_POINT('',(41.5845649674822,28.095914162208,12.5000002622604));
#11776=CARTESIAN_POINT('',(41.5845649674822,28.095914162208,12.5000002622604));
#11777=CARTESIAN_POINT('',(41.5845649674822,28.095914162208,12.5000002622604));
#11778=CARTESIAN_POINT('Origin',(41.6566900264019,27.6108376533264,23.8999995231628));
#11779=CARTESIAN_POINT('',(41.6566900264019,27.6108376533264,12.5000002622604));
#11780=CARTESIAN_POINT('',(41.6566900264019,27.6108376533264,12.5000002622604));
#11781=CARTESIAN_POINT('',(41.6566900264019,27.6108376533264,12.5000002622604));
#11782=CARTESIAN_POINT('Origin',(41.6566900264019,27.6108376533264,23.8999995231628));
#11783=CARTESIAN_POINT('',(41.6807339605404,27.1201100949965,12.5000002622604));
#11784=CARTESIAN_POINT('',(41.6807339605404,27.1201100949965,12.5000002622604));
#11785=CARTESIAN_POINT('',(41.6807339605404,27.1201100949965,12.5000002622604));
#11786=CARTESIAN_POINT('Origin',(41.655981959347,26.6300838602258,12.5000002622604));
#11787=CARTESIAN_POINT('',(41.655981959347,26.6300838602258,12.5000002622604));
#11788=CARTESIAN_POINT('',(41.655981959347,26.6300838602258,12.5000002622604));
#11789=CARTESIAN_POINT('',(41.655981959347,26.6300838602258,12.5000002622604));
#11790=CARTESIAN_POINT('Origin',(41.5845649674822,26.144306027785,12.5000002622604));
#11791=CARTESIAN_POINT('',(41.5845649674822,26.144306027785,12.5000002622604));
#11792=CARTESIAN_POINT('',(41.5845649674822,26.144306027785,12.5000002622604));
#11793=CARTESIAN_POINT('',(41.5845649674822,26.144306027785,12.5000002622604));
#11794=CARTESIAN_POINT('Origin',(41.5845649674822,26.144306027785,12.5000002622604));
#11795=CARTESIAN_POINT('',(41.4650634790884,25.6684242753746,23.8999995231632));
#11796=CARTESIAN_POINT('',(41.4650512984884,25.6683757694912,14.2000005003081));
#11797=CARTESIAN_POINT('',(41.4650634790884,25.6684242753746,12.5000002622604));
#11798=CARTESIAN_POINT('',(41.4650634790884,25.6684242753746,12.5000002622604));
#11799=CARTESIAN_POINT('',(41.4650634790884,25.6684242753746,12.5000002622604));
#11800=CARTESIAN_POINT('Origin',(41.3477199093383,25.3395507305701,15.9));
#11801=CARTESIAN_POINT('',(41.3003063906375,25.2066836335766,23.89999952316));
#11802=CARTESIAN_POINT('',(41.3003235312839,25.2067198203641,15.8999996489047));
#11803=CARTESIAN_POINT('',(41.3003063906375,25.2066836335765,23.8999995231628));
#11804=CARTESIAN_POINT('',(41.3477199093383,25.3395507305701,15.9));
#11805=CARTESIAN_POINT('Origin',(41.3003063906375,25.2066836335765,15.9));
#11806=CARTESIAN_POINT('',(41.0903004456252,24.7633257612249,15.9));
#11807=CARTESIAN_POINT('',(41.3003063906375,25.2066836335765,15.9));
#11808=CARTESIAN_POINT('Origin',(34.9137314999332,25.3512281977516,3.4));
#11809=CARTESIAN_POINT('',(32.9456691102424,27.0502662874587,15.9));
#11810=CARTESIAN_POINT('',(33.0752538688482,23.5127505666666,3.4));
#11811=CARTESIAN_POINT('',(33.0752538688482,23.5127505666666,3.4));
#11812=CARTESIAN_POINT('',(33.0003705552456,23.5908163438537,3.4));
#11813=CARTESIAN_POINT('Origin',(34.9137314999332,25.3512281977516,3.4));
#11814=CARTESIAN_POINT('',(33.0003705552456,23.5908163438537,11.901));
#11815=CARTESIAN_POINT('',(33.0003705552456,23.5908163438537,3.4));
#11816=CARTESIAN_POINT('',(36.6044938075446,27.3264048529297,11.901));
#11817=CARTESIAN_POINT('Origin',(34.9137314999332,25.3512281977516,11.901));
#11818=CARTESIAN_POINT('',(36.6044938075446,27.3264048529297,3.4));
#11819=CARTESIAN_POINT('',(36.6044938075446,27.3264048529297,3.4));
#11820=CARTESIAN_POINT('Origin',(34.9137314999332,25.3512281977516,3.4));
#11821=CARTESIAN_POINT('',(36.9678667943635,23.7573247526911,6.40000000000003));
#11822=CARTESIAN_POINT('',(36.9678667943635,23.7573247526911,3.4));
#11823=CARTESIAN_POINT('',(36.9678667943636,26.9451316428121,6.40000000000003));
#11824=CARTESIAN_POINT('Origin',(34.9137314999332,25.3512281977516,6.40000000000003));
#11825=CARTESIAN_POINT('',(36.9678667943635,26.9451316428121,3.4));
#11826=CARTESIAN_POINT('Origin',(36.672929714173,23.0089210451105,15.9));
#11827=CARTESIAN_POINT('',(36.6616883067434,23.0485930306584,23.8999995194469));
#11828=CARTESIAN_POINT('',(36.6616866863862,23.0486015550788,19.8999998061496));
#11829=CARTESIAN_POINT('',(36.672929714173,23.0089210451105,15.9));
#11830=CARTESIAN_POINT('',(36.6857288691288,22.9637396235068,23.8999995231642));
#11831=CARTESIAN_POINT('',(36.6857288691288,22.9637396235068,23.8999995231628));
#11832=CARTESIAN_POINT('',(36.685734436865,22.9637255820996,15.8999999608245));
#11833=CARTESIAN_POINT('Origin',(36.6616883067382,23.0485930306768,23.8999995231628));
#11834=CARTESIAN_POINT('',(36.6454263667088,23.1341443896581,15.9));
#11835=CARTESIAN_POINT('',(36.6616883067382,23.0485930306768,15.9));
#11836=CARTESIAN_POINT('Origin',(36.6454263667088,23.1341443896581,15.9));
#11837=CARTESIAN_POINT('',(36.6435902910996,23.1546657962497,3.4));
#11838=CARTESIAN_POINT('Origin',(34.9137314999332,25.3512281977516,3.4));
#11839=CARTESIAN_POINT('',(36.9678667943635,23.4544345839804,3.4));
#11840=CARTESIAN_POINT('Origin',(36.9678667943635,23.7573247526911,3.4));
#11841=CARTESIAN_POINT('',(36.9678667943635,24.5542764752214,6.40000000000003));
#11842=CARTESIAN_POINT('Origin',(32.8670492094165,28.0277175389459,15.9));
#11843=CARTESIAN_POINT('',(32.6354234707277,27.0748578666873,15.9));
#11844=CARTESIAN_POINT('Origin',(32.5505700635577,27.098898429078,23.8999995231628));
#11845=CARTESIAN_POINT('',(32.5505700635577,27.098898429078,15.9));
#11846=CARTESIAN_POINT('Origin',(32.5505700635577,27.098898429078,23.8999995231628));
#11847=CARTESIAN_POINT('',(32.4678307423089,27.1321337479397,15.9));
#11848=CARTESIAN_POINT('Origin',(32.388635128083,27.1717315550526,23.8999995231628));
#11849=CARTESIAN_POINT('',(32.388635128083,27.1717315550526,15.9));
#11850=CARTESIAN_POINT('Origin',(32.388635128083,27.1717315550526,23.8999995231628));
#11851=CARTESIAN_POINT('',(32.3129832208799,27.2191079845268,15.9));
#11852=CARTESIAN_POINT('Origin',(32.2408581619602,27.2728435305042,23.8999995231628));
#11853=CARTESIAN_POINT('',(32.2408581619602,27.2728435305042,15.9));
#11854=CARTESIAN_POINT('Origin',(32.2408581619602,27.2728435305042,15.9));
#11855=CARTESIAN_POINT('',(32.1743807807409,27.3336563752836,15.9));
#11856=CARTESIAN_POINT('Origin',(32.113581422953,27.4001202695114,23.8999995231628));
#11857=CARTESIAN_POINT('',(32.113581422953,27.4001202695114,15.9));
#11858=CARTESIAN_POINT('Origin',(32.113581422953,27.4001202695114,23.8999995231628));
#11859=CARTESIAN_POINT('',(32.0598391334799,27.4722520719268,15.9));
#11860=CARTESIAN_POINT('Origin',(32.01245596051,27.5479107226257,23.8999995231628));
#11861=CARTESIAN_POINT('',(32.01245596051,27.5479107226257,15.9));
#11862=CARTESIAN_POINT('Origin',(32.01245596051,27.5479107226257,23.8999995231628));
#11863=CARTESIAN_POINT('',(31.9721568298377,27.627807660411,23.8999995231499));
#11864=CARTESIAN_POINT('',(31.9721510660513,27.627819087677,19.8999997902137));
#11865=CARTESIAN_POINT('',(31.9721568298378,27.6278076604109,15.9));
#11866=CARTESIAN_POINT('Origin',(31.9456515197463,27.6946458186534,15.9));
#11867=CARTESIAN_POINT('',(31.9456515197463,27.6946458186534,15.9));
#11868=CARTESIAN_POINT('',(31.9721568298378,27.6278076604109,23.8999995231628));
#11869=CARTESIAN_POINT('Origin',(39.842409811419,30.9923804617919,22.0480009555817));
#11870=CARTESIAN_POINT('',(39.4582935493343,31.2771920052891,19.7840007781982));
#11871=CARTESIAN_POINT('Origin',(36.986957453058,22.5267442394064,23.8999995231628));
#11872=CARTESIAN_POINT('',(36.9204868153343,22.5875503406902,23.8999995232051));
#11873=CARTESIAN_POINT('',(36.920486815336,22.5875503406884,23.8999998337086));
#11874=CARTESIAN_POINT('',(36.9204868153345,22.5875503406901,23.8999995231628));
#11875=CARTESIAN_POINT('',(36.986957453058,22.5267442394064,23.8999995231628));
#11876=CARTESIAN_POINT('',(36.9492916574808,22.5612068744968,15.9));
#11877=CARTESIAN_POINT('',(36.9869574530593,22.5267442394055,23.8999992478454));
#11878=CARTESIAN_POINT('Origin',(37.0590825119777,22.473008693429,23.8999995231628));
#11879=CARTESIAN_POINT('',(36.986957453058,22.5267442394064,15.9));
#11880=CARTESIAN_POINT('',(37.0590825119777,22.473008693429,15.9));
#11881=CARTESIAN_POINT('Origin',(37.4666391653302,22.3125741857613,15.9));
#11882=CARTESIAN_POINT('',(37.3815227678897,22.3287585744365,23.8999989531881));
#11883=CARTESIAN_POINT('',(37.3815211207379,22.328759040447,19.899999779983));
#11884=CARTESIAN_POINT('',(37.3815227618255,22.3287585755896,23.8999995231628));
#11885=CARTESIAN_POINT('',(37.4670808643026,22.3124898920643,23.8999995231628));
#11886=CARTESIAN_POINT('',(37.4666391653302,22.3125741857613,15.9));
#11887=CARTESIAN_POINT('',(37.4670910456839,22.3124881089055,19.8999996497705));
#11888=CARTESIAN_POINT('Origin',(37.5540517291418,22.304714641451,23.8999995231628));
#11889=CARTESIAN_POINT('',(37.4670808643026,22.3124898920643,23.8999995231628));
#11890=CARTESIAN_POINT('',(37.5540517291418,22.304714641451,23.8999995241356));
#11891=CARTESIAN_POINT('',(37.5519578737078,22.3049000875845,15.9));
#11892=CARTESIAN_POINT('',(37.5540517291418,22.304714641451,23.899999534618));
#11893=CARTESIAN_POINT('Origin',(37.5651279209304,22.3048933440887,23.8999995231628));
#11894=CARTESIAN_POINT('',(37.5540517291418,22.304714641451,15.9));
#11895=CARTESIAN_POINT('',(37.5651279209315,22.3048933440887,23.8999995231252));
#11896=CARTESIAN_POINT('',(37.5651279209304,22.3048933440887,15.9));
#11897=CARTESIAN_POINT('',(37.5651195621447,22.3048932092286,19.8999999985173));
#11898=CARTESIAN_POINT('Origin',(37.9484282200279,22.2896125826926,23.8999995231628));
#11899=CARTESIAN_POINT('',(37.9484282200279,22.2896125826926,23.8999995231628));
#11900=CARTESIAN_POINT('',(37.9484266113177,22.2896121787319,19.8999997304456));
#11901=CARTESIAN_POINT('',(37.9484282200279,22.2896125826926,15.9));
#11902=CARTESIAN_POINT('',(38.1324649628616,22.3358257591478,23.8999995048247));
#11903=CARTESIAN_POINT('',(38.1324649628616,22.3358257591478,15.9));
#11904=CARTESIAN_POINT('',(38.1324795471628,22.3358294213887,19.8999995330061));
#11905=CARTESIAN_POINT('Origin',(39.4582969210822,22.9630315564518,15.9));
#11906=CARTESIAN_POINT('',(39.4582969210822,22.9630315564518,23.8999995231628));
#11907=CARTESIAN_POINT('',(39.4582826203725,22.9630209529773,19.8999997616607));
#11908=CARTESIAN_POINT('',(39.4582969210822,22.9630315564518,15.9));
#11909=CARTESIAN_POINT('',(39.8521575345425,23.2550653839098,23.8999995231697));
#11910=CARTESIAN_POINT('',(39.8521575345426,23.2550653839099,15.9));
#11911=CARTESIAN_POINT('',(39.8521464009879,23.2550571287697,19.8999997596896));
#11912=CARTESIAN_POINT('Origin',(37.5975203345627,27.3637323346403,3.4));
#11913=CARTESIAN_POINT('',(36.6239935732854,27.5630829537247,3.4));
#11914=CARTESIAN_POINT('Origin',(37.5975203345627,27.3637323346403,3.40000000000003));
#11915=CARTESIAN_POINT('',(36.6239935732854,27.5630829537247,11.901));
#11916=CARTESIAN_POINT('Origin',(37.5975203345627,27.3637323346403,11.901));
#11917=CARTESIAN_POINT('',(36.6239935732854,27.5630829537247,3.4));
#11918=CARTESIAN_POINT('Origin',(32.8342235920663,22.6348304949411,3.4));
#11919=CARTESIAN_POINT('',(32.7341869139945,23.5999762972607,3.4));
#11920=CARTESIAN_POINT('Origin',(32.8342235920663,22.6348304949411,3.40000000000003));
#11921=CARTESIAN_POINT('',(32.7341869139945,23.5999762972607,11.901));
#11922=CARTESIAN_POINT('',(32.7341869139945,23.5999762972607,3.4));
#11923=CARTESIAN_POINT('Origin',(32.8342235920663,22.6348304949411,11.901));
#11924=CARTESIAN_POINT('Origin',(34.9137314999332,25.3512281977516,3.4));
#11925=CARTESIAN_POINT('',(36.6270741117289,27.5606975719844,11.9010004043579));
#11926=CARTESIAN_POINT('Origin',(34.9137314999332,25.3512281977516,11.9010004043579));
#11927=CARTESIAN_POINT('',(36.6270741117289,27.5606975719844,7.48402308954399));
#11928=CARTESIAN_POINT('',(36.6270741117289,27.5606975719844,3.4));
#11929=CARTESIAN_POINT('',(36.6270741117289,27.5606975719844,3.4));
#11930=CARTESIAN_POINT('',(36.6270741117289,27.5606975719844,3.4));
#11931=CARTESIAN_POINT('Origin',(34.9137314999332,25.3512281977516,3.4));
#11932=CARTESIAN_POINT('Origin',(34.9137314999332,25.3512281977516,3.4));
#11933=CARTESIAN_POINT('',(32.7354133096596,23.5984510633187,3.4));
#11934=CARTESIAN_POINT('Origin',(34.9137314999332,25.3512281977516,3.4));
#11935=CARTESIAN_POINT('',(32.7354133096596,23.5984510633187,7.33024880866322));
#11936=CARTESIAN_POINT('',(32.7354133096596,23.5984510633187,3.4));
#11937=CARTESIAN_POINT('',(32.7354133096596,23.5984510633187,11.9010004043579));
#11938=CARTESIAN_POINT('',(32.7354133096596,23.5984510633187,3.4));
#11939=CARTESIAN_POINT('Origin',(34.9137314999332,25.3512281977516,11.9010004043579));
#11940=CARTESIAN_POINT('Origin',(34.1868152469349,22.9326217623142,3.40000000000003));
#11941=CARTESIAN_POINT('',(36.6355235431826,27.6058879274373,3.40000000000003));
#11942=CARTESIAN_POINT('',(36.6192616031532,27.5189136908502,3.40000000000003));
#11943=CARTESIAN_POINT('',(36.6602755443761,27.6900366393002,3.40000000000003));
#11944=CARTESIAN_POINT('',(36.6355235431826,27.6058879274373,3.40000000000003));
#11945=CARTESIAN_POINT('',(36.6920947291279,27.7727692170532,3.40000000000003));
#11946=CARTESIAN_POINT('',(36.6602755443761,27.6900366393002,3.40000000000003));
#11947=CARTESIAN_POINT('',(36.7324006032958,27.8526728983341,3.40000000000003));
#11948=CARTESIAN_POINT('',(36.6920947291279,27.7727692170532,3.40000000000003));
#11949=CARTESIAN_POINT('',(36.7797702892742,27.9283382925287,3.40000000000003));
#11950=CARTESIAN_POINT('',(36.7324006032958,27.8526728983341,3.40000000000003));
#11951=CARTESIAN_POINT('',(36.8342273892982,27.9997485408977,3.40000000000003));
#11952=CARTESIAN_POINT('',(36.7797702892742,27.9283382925287,3.40000000000003));
#11953=CARTESIAN_POINT('',(36.8950334905818,28.0662191786212,3.40000000000003));
#11954=CARTESIAN_POINT('',(36.8342273892982,27.9997485408977,3.40000000000003));
#11955=CARTESIAN_POINT('',(36.9607994329982,28.1263205845977,3.40000000000003));
#11956=CARTESIAN_POINT('',(36.8950334905818,28.0662191786212,3.40000000000003));
#11957=CARTESIAN_POINT('',(37.0322063096193,28.1807743128738,3.40000000000003));
#11958=CARTESIAN_POINT('',(36.9607994329982,28.1263205845977,3.40000000000003));
#11959=CARTESIAN_POINT('',(37.1085797708689,28.2288520659072,3.40000000000003));
#11960=CARTESIAN_POINT('',(37.0322063096193,28.1807743128738,3.40000000000003));
#11961=CARTESIAN_POINT('',(37.1877753850948,28.2684498730201,3.40000000000003));
#11962=CARTESIAN_POINT('',(37.1085797708689,28.2288520659072,3.40000000000003));
#11963=CARTESIAN_POINT('',(37.2712160299028,28.3009771248269,3.40000000000003));
#11964=CARTESIAN_POINT('',(37.1877753850948,28.2684498730201,3.40000000000003));
#11965=CARTESIAN_POINT('',(37.3553613700178,28.3257257542725,3.40000000000003));
#11966=CARTESIAN_POINT('',(37.2712160299028,28.3009771248269,3.40000000000003));
#11967=CARTESIAN_POINT('',(37.4416309112978,28.3412829989948,3.40000000000003));
#11968=CARTESIAN_POINT('',(37.3553613700178,28.3257257542725,3.40000000000003));
#11969=CARTESIAN_POINT('',(37.5257627644213,28.3488087402649,3.40000000000003));
#11970=CARTESIAN_POINT('',(37.4416309112978,28.3412829989948,3.40000000000003));
#11971=CARTESIAN_POINT('',(37.5257762514128,28.3490649931039,3.40000000000003));
#11972=CARTESIAN_POINT('',(37.5257627644213,28.3488087402649,3.40000000000003));
#11973=CARTESIAN_POINT('',(38.0346202111066,28.3692078149442,3.40000000000003));
#11974=CARTESIAN_POINT('',(37.5257762514128,28.3490649931039,3.40000000000003));
#11975=CARTESIAN_POINT('',(38.1324649628616,28.3448199625218,3.40000000000003));
#11976=CARTESIAN_POINT('',(38.0346202111066,28.3692078149442,3.40000000000003));
#11977=CARTESIAN_POINT('',(38.5942089764076,28.1786501117088,3.40000000000003));
#11978=CARTESIAN_POINT('',(38.1324649628616,28.3448199625218,3.40000000000003));
#11979=CARTESIAN_POINT('',(39.0382681723184,27.9693454902559,3.40000000000003));
#11980=CARTESIAN_POINT('',(38.5942089764076,28.1786501117088,3.40000000000003));
#11981=CARTESIAN_POINT('',(39.4590049881372,27.7169060981629,3.40000000000003));
#11982=CARTESIAN_POINT('',(39.0382681723184,27.9693454902559,3.40000000000003));
#11983=CARTESIAN_POINT('',(39.8528622298496,27.424868898957,3.40000000000003));
#11984=CARTESIAN_POINT('',(39.4590049881372,27.7169060981629,3.40000000000003));
#11985=CARTESIAN_POINT('',(39.9361241720199,27.3493889508958,3.40000000000003));
#11986=CARTESIAN_POINT('',(39.8528622298496,27.424868898957,3.40000000000003));
#11987=CARTESIAN_POINT('',(40.0734756936951,26.9610175429855,3.40000000000003));
#11988=CARTESIAN_POINT('',(40.0734756936951,26.9610175429855,3.40000000000003));
#11989=CARTESIAN_POINT('',(40.2035847009221,26.4349169776373,3.40000000000003));
#11990=CARTESIAN_POINT('',(40.2035847009221,26.4349169776373,3.40000000000003));
#11991=CARTESIAN_POINT('',(40.2799547904239,25.8989371909982,3.40000000000003));
#11992=CARTESIAN_POINT('',(40.2799547904239,25.8989371909982,3.40000000000003));
#11993=CARTESIAN_POINT('',(40.3047034198695,25.3565848008643,3.40000000000003));
#11994=CARTESIAN_POINT('',(40.3047034198695,25.3565848008643,3.40000000000003));
#11995=CARTESIAN_POINT('',(40.2750050645348,24.8149472212811,3.40000000000003));
#11996=CARTESIAN_POINT('',(40.2750050645348,24.8149472212811,3.40000000000003));
#11997=CARTESIAN_POINT('',(40.1929771820889,24.2775445570362,3.40000000000003));
#11998=CARTESIAN_POINT('',(40.1929771820889,24.2775445570362,3.40000000000003));
#11999=CARTESIAN_POINT('',(40.0593345830827,23.7507426681289,3.40000000000003));
#12000=CARTESIAN_POINT('',(40.0593345830827,23.7507426681289,3.40000000000003));
#12001=CARTESIAN_POINT('',(39.8740738957682,23.2388000721325,3.40000000000003));
#12002=CARTESIAN_POINT('',(39.8740738957682,23.2388000721325,3.40000000000003));
#12003=CARTESIAN_POINT('',(39.6400206448696,22.7473610749998,3.40000000000003));
#12004=CARTESIAN_POINT('',(39.6400206448696,22.7473610749998,3.40000000000003));
#12005=CARTESIAN_POINT('',(39.3585909644969,22.2806740790604,3.40000000000003));
#12006=CARTESIAN_POINT('',(39.3585909644969,22.2806740790604,3.40000000000003));
#12007=CARTESIAN_POINT('',(39.0333218181771,21.8436786949601,3.40000000000003));
#12008=CARTESIAN_POINT('',(39.0333218181771,21.8436786949601,3.40000000000003));
#12009=CARTESIAN_POINT('',(38.6677467976894,21.4399220014694,3.40000000000003));
#12010=CARTESIAN_POINT('',(38.6677467976894,21.4399220014694,3.40000000000003));
#12011=CARTESIAN_POINT('',(38.2632854088916,21.0736422856745,3.40000000000003));
#12012=CARTESIAN_POINT('',(38.2632854088916,21.0736422856745,3.40000000000003));
#12013=CARTESIAN_POINT('',(37.8262900247912,20.7483731393547,3.40000000000003));
#12014=CARTESIAN_POINT('',(37.8262900247912,20.7483731393547,3.40000000000003));
#12015=CARTESIAN_POINT('',(37.3603110959069,20.467651526037,3.40000000000003));
#12016=CARTESIAN_POINT('',(37.3603110959069,20.467651526037,3.40000000000003));
#12017=CARTESIAN_POINT('',(36.8681640317191,20.2328902080835,3.40000000000003));
#12018=CARTESIAN_POINT('',(36.8681640317191,20.2328902080835,3.40000000000003));
#12019=CARTESIAN_POINT('',(36.3569295027778,20.0483375878239,3.40000000000003));
#12020=CARTESIAN_POINT('',(36.3569295027778,20.0483375878239,3.40000000000003));
#12021=CARTESIAN_POINT('',(35.8294229185633,19.9139902935106,3.40000000000003));
#12022=CARTESIAN_POINT('',(35.8294229185633,19.9139902935106,3.40000000000003));
#12023=CARTESIAN_POINT('',(35.2920202543184,19.8319624110648,3.40000000000003));
#12024=CARTESIAN_POINT('',(35.2920202543184,19.8319624110648,3.40000000000003));
#12025=CARTESIAN_POINT('',(34.7510839982945,19.8029653792893,3.40000000000003));
#12026=CARTESIAN_POINT('',(34.7510839982945,19.8029653792893,3.40000000000003));
#12027=CARTESIAN_POINT('',(34.2087349799084,19.8277173804828,3.40000000000003));
#12028=CARTESIAN_POINT('',(34.2087349799084,19.8277173804828,3.40000000000003));
#12029=CARTESIAN_POINT('',(33.6727518215214,19.9040840982366,3.40000000000003));
#12030=CARTESIAN_POINT('',(33.6727518215214,19.9040840982366,3.40000000000003));
#12031=CARTESIAN_POINT('',(33.1466546279212,20.0341964772116,3.40000000000003));
#12032=CARTESIAN_POINT('',(33.1466546279212,20.0341964772116,3.40000000000003));
#12033=CARTESIAN_POINT('',(33.1313671230293,20.0395980173167,3.40000000000003));
#12034=CARTESIAN_POINT('',(33.1313671230293,20.0395980173167,3.40000000000003));
#12035=CARTESIAN_POINT('',(32.815734432153,20.3877411012603,3.40000000000003));
#12036=CARTESIAN_POINT('',(33.1313671230293,20.0395980173167,3.40000000000003));
#12037=CARTESIAN_POINT('',(32.5237039764429,20.7816050864686,3.40000000000003));
#12038=CARTESIAN_POINT('',(32.815734432153,20.3877411012603,3.40000000000003));
#12039=CARTESIAN_POINT('',(32.2712578408541,21.2023351587916,3.40000000000003));
#12040=CARTESIAN_POINT('',(32.5237039764429,20.7816050864686,3.40000000000003));
#12041=CARTESIAN_POINT('',(32.061956591149,21.6463977264503,3.40000000000003));
#12042=CARTESIAN_POINT('',(32.2712578408541,21.2023351587916,3.40000000000003));
#12043=CARTESIAN_POINT('',(31.8957833685882,22.1081383682484,3.40000000000003));
#12044=CARTESIAN_POINT('',(32.061956591149,21.6463977264503,3.40000000000003));
#12045=CARTESIAN_POINT('',(31.8497185490397,22.292970843582,3.40000000000003));
#12046=CARTESIAN_POINT('',(31.8957833685882,22.1081383682484,3.40000000000003));
#12047=CARTESIAN_POINT('',(31.8653803179463,22.6886690596374,3.40000000000003));
#12048=CARTESIAN_POINT('',(31.8497185490397,22.292970843582,3.40000000000003));
#12049=CARTESIAN_POINT('',(31.8662637158911,22.6887027771162,3.40000000000003));
#12050=CARTESIAN_POINT('',(31.8653803179463,22.6886690596374,3.40000000000003));
#12051=CARTESIAN_POINT('',(31.8731623120554,22.7728143997524,3.40000000000003));
#12052=CARTESIAN_POINT('',(31.8662637158911,22.6887027771162,3.40000000000003));
#12053=CARTESIAN_POINT('',(31.8887195567777,22.8590839410324,3.40000000000003));
#12054=CARTESIAN_POINT('',(31.8731623120554,22.7728143997524,3.40000000000003));
#12055=CARTESIAN_POINT('',(31.9141762532783,22.9439373482024,3.40000000000003));
#12056=CARTESIAN_POINT('',(31.8887195567777,22.8590839410324,3.40000000000003));
#12057=CARTESIAN_POINT('',(31.9459954380301,23.0266699259554,3.40000000000003));
#12058=CARTESIAN_POINT('',(31.9141762532783,22.9439373482024,3.40000000000003));
#12059=CARTESIAN_POINT('',(31.986301312198,23.1065736072363,3.40000000000003));
#12060=CARTESIAN_POINT('',(31.9459954380301,23.0266699259554,3.40000000000003));
#12061=CARTESIAN_POINT('',(32.0336709981764,23.1822390014309,3.40000000000003));
#12062=CARTESIAN_POINT('',(31.986301312198,23.1065736072363,3.40000000000003));
#12063=CARTESIAN_POINT('',(32.0881247264525,23.253645878052,3.40000000000003));
#12064=CARTESIAN_POINT('',(32.0336709981764,23.1822390014309,3.40000000000003));
#12065=CARTESIAN_POINT('',(32.148934199484,23.3201198875234,3.40000000000003));
#12066=CARTESIAN_POINT('',(32.0881247264525,23.253645878052,3.40000000000003));
#12067=CARTESIAN_POINT('',(32.2146967701525,23.380217921752,3.40000000000003));
#12068=CARTESIAN_POINT('',(32.148934199484,23.3201198875234,3.40000000000003));
#12069=CARTESIAN_POINT('',(32.2861070185215,23.434675021776,3.40000000000003));
#12070=CARTESIAN_POINT('',(32.2146967701525,23.380217921752,3.40000000000003));
#12071=CARTESIAN_POINT('',(32.3624804797711,23.4827527748093,3.40000000000003));
#12072=CARTESIAN_POINT('',(32.2861070185215,23.434675021776,3.40000000000003));
#12073=CARTESIAN_POINT('',(32.441676093997,23.5223505819223,3.40000000000003));
#12074=CARTESIAN_POINT('',(32.3624804797711,23.4827527748093,3.40000000000003));
#12075=CARTESIAN_POINT('',(32.52440867175,23.5541697666741,3.40000000000003));
#12076=CARTESIAN_POINT('',(32.441676093997,23.5223505819223,3.40000000000003));
#12077=CARTESIAN_POINT('',(32.6092587071721,23.5796230914268,3.40000000000003));
#12078=CARTESIAN_POINT('',(32.52440867175,23.5541697666741,3.40000000000003));
#12079=CARTESIAN_POINT('',(32.6955316202,23.595183707897,3.40000000000003));
#12080=CARTESIAN_POINT('',(32.6092587071721,23.5796230914268,3.40000000000003));
#12081=CARTESIAN_POINT('',(32.6955316202,23.595183707897,3.40000000000003));
#12082=CARTESIAN_POINT('Origin',(30.9044692611246,29.2340510311441,11.9010004043579));
#12083=CARTESIAN_POINT('',(30.9029814375183,29.2324089202847,11.9010004043579));
#12084=CARTESIAN_POINT('',(30.6662308503521,28.9533769837494,13.9003040903826));
#12085=CARTESIAN_POINT('',(31.0719225918348,29.3878915560022,15.3947999813136));
#12086=CARTESIAN_POINT('',(31.0714820489078,29.3883320989291,15.2895995616913));
#12087=CARTESIAN_POINT('',(31.0719225918348,29.3878915560022,15.3947999813136));
#12088=CARTESIAN_POINT('',(30.9044692611246,29.2340510311441,11.9010004043579));
#12089=CARTESIAN_POINT('',(30.9044692611246,29.2340510311441,11.9010004043579));
#12090=CARTESIAN_POINT('',(31.028003352868,29.3703956036377,11.9010004043579));
#12091=CARTESIAN_POINT('Origin',(30.4294338174323,28.6742903067012,15.9));
#12092=CARTESIAN_POINT('',(30.3910700700437,28.6290751676187,11.9010004043579));
#12093=CARTESIAN_POINT('',(30.7549394710729,29.0579281002783,11.9010004043579));
#12094=CARTESIAN_POINT('',(30.3910700700437,28.6290751676187,11.9010004043579));
#12095=CARTESIAN_POINT('Origin',(31.0723654468527,29.3874487009843,15.5000003814697));
#12096=CARTESIAN_POINT('',(31.0723654468527,29.3874487009843,15.5000003814697));
#12097=CARTESIAN_POINT('Origin',(36.7341269382108,35.0697104194582,15.5000003814697));
#12098=CARTESIAN_POINT('',(36.7341269382108,35.0697104194582,12.5000002622604));
#12099=CARTESIAN_POINT('',(37.156664267398,34.8968645078411,12.5000002622604));
#12100=CARTESIAN_POINT('',(36.6278685371406,35.1131771830583,12.5000002622604));
#12101=CARTESIAN_POINT('',(36.7341269382108,35.0697104194582,12.5000002622604));
#12102=CARTESIAN_POINT('',(37.1566642673981,34.8968645078411,14.0000003218651));
#12103=CARTESIAN_POINT('Origin',(37.156664267398,34.8968645078411,12.5000002622604));
#12104=CARTESIAN_POINT('',(38.0179165721048,34.4513891778204,12.5000002622604));
#12105=CARTESIAN_POINT('',(38.0179165721048,34.4513891778204,14.0000003218651));
#12106=CARTESIAN_POINT('',(37.156664267398,34.8968645078411,12.5000002622604));
#12107=CARTESIAN_POINT('Origin',(40.3407608917075,32.6687797906824,15.5000003814697));
#12108=CARTESIAN_POINT('',(39.617396216589,33.3313383645173,12.5000002622604));
#12109=CARTESIAN_POINT('',(39.617396216589,33.3313383645174,15.5000003814697));
#12110=CARTESIAN_POINT('',(39.2756988755326,33.6443125955805,12.5000002622604));
#12111=CARTESIAN_POINT('Origin',(38.8402858802494,33.9274330441245,15.5000003814697));
#12112=CARTESIAN_POINT('',(38.8402858802494,33.9274330441245,12.5000002622604));
#12113=CARTESIAN_POINT('',(38.8402858802494,33.9274330441245,12.5000002622604));
#12114=CARTESIAN_POINT('',(38.8402858802494,33.9274330441245,12.5000002622604));
#12115=CARTESIAN_POINT('Origin',(38.8402858802494,33.9274330441245,15.5000003814697));
#12116=CARTESIAN_POINT('',(38.0861062697149,34.4079434777391,12.5000002622604));
#12117=CARTESIAN_POINT('Origin',(34.798335673097,30.856209051875,11.9010004043579));
#12118=CARTESIAN_POINT('',(35.4429936374324,30.7982082448283,12.5000002622604));
#12119=CARTESIAN_POINT('',(34.7616982606235,30.8543815645236,12.5000002622604));
#12120=CARTESIAN_POINT('',(34.7798184446832,30.8528875416273,12.5000002622604));
#12121=CARTESIAN_POINT('',(34.798335673097,30.856209051875,11.9010004043579));
#12122=CARTESIAN_POINT('',(34.798335673097,30.856209051875,11.9010004043579));
#12123=CARTESIAN_POINT('',(34.7616982606235,30.8543815645236,12.5000002622604));
#12124=CARTESIAN_POINT('Origin',(33.0079173178669,20.1757727989815,13.5848030090332));
#12125=CARTESIAN_POINT('',(32.6990618402312,20.2753169116685,11.9010004043579));
#12126=CARTESIAN_POINT('',(32.6990618402312,20.2753169116685,11.9010004043579));
#12127=CARTESIAN_POINT('',(33.0079173178669,20.1757727989815,13.5848030090332));
#12128=CARTESIAN_POINT('',(32.6990618402312,20.2753169116685,11.9010004043579));
#12129=CARTESIAN_POINT('',(32.6990618402312,20.2753169116685,15.9));
#12130=CARTESIAN_POINT('Origin',(32.6990618402312,20.2753169116685,11.9010004043579));
#12131=CARTESIAN_POINT('',(32.7135738431105,20.2706369256098,11.9010004043579));
#12132=CARTESIAN_POINT('',(32.7135738431105,20.2706369256098,11.9010004043579));
#12133=CARTESIAN_POINT('',(32.6990618402312,20.2753169116685,11.9010004043579));
#12134=CARTESIAN_POINT('Origin',(33.331311772365,27.53177016552,11.9010004043579));
#12135=CARTESIAN_POINT('',(32.6955316202,23.595183707897,11.9010004043579));
#12136=CARTESIAN_POINT('',(32.6955316202,23.595183707897,11.9010004043579));
#12137=CARTESIAN_POINT('',(32.6092587071721,23.5796230914268,11.9010004043579));
#12138=CARTESIAN_POINT('',(32.6092587071721,23.5796230914268,11.9010004043579));
#12139=CARTESIAN_POINT('',(32.52440867175,23.5541697666741,11.9010004043579));
#12140=CARTESIAN_POINT('',(32.52440867175,23.5541697666741,11.9010004043579));
#12141=CARTESIAN_POINT('',(32.441676093997,23.5223505819223,11.9010004043579));
#12142=CARTESIAN_POINT('',(32.441676093997,23.5223505819223,11.9010004043579));
#12143=CARTESIAN_POINT('',(32.3624804797711,23.4827527748093,11.9010004043579));
#12144=CARTESIAN_POINT('',(32.3624804797711,23.4827527748093,11.9010004043579));
#12145=CARTESIAN_POINT('',(32.2861070185215,23.434675021776,11.9010004043579));
#12146=CARTESIAN_POINT('',(32.2861070185215,23.434675021776,11.9010004043579));
#12147=CARTESIAN_POINT('',(32.2146967701525,23.380217921752,11.9010004043579));
#12148=CARTESIAN_POINT('',(32.2146967701525,23.380217921752,11.9010004043579));
#12149=CARTESIAN_POINT('',(32.148934199484,23.3201198875234,11.9010004043579));
#12150=CARTESIAN_POINT('',(32.148934199484,23.3201198875234,11.9010004043579));
#12151=CARTESIAN_POINT('',(32.0881247264525,23.253645878052,11.9010004043579));
#12152=CARTESIAN_POINT('',(32.0881247264525,23.253645878052,11.9010004043579));
#12153=CARTESIAN_POINT('',(32.0336709981764,23.1822390014309,11.9010004043579));
#12154=CARTESIAN_POINT('',(32.0336709981764,23.1822390014309,11.9010004043579));
#12155=CARTESIAN_POINT('',(31.986301312198,23.1065736072363,11.9010004043579));
#12156=CARTESIAN_POINT('',(31.986301312198,23.1065736072363,11.9010004043579));
#12157=CARTESIAN_POINT('',(31.9616403481973,23.0576900064594,11.9010004043579));
#12158=CARTESIAN_POINT('',(31.9616403481973,23.0576900064594,11.9010004043579));
#12159=CARTESIAN_POINT('',(31.9459954380301,23.0266699259554,11.9010004043579));
#12160=CARTESIAN_POINT('',(31.9459954380301,23.0266699259554,11.9010004043579));
#12161=CARTESIAN_POINT('',(31.9141762532783,22.9439373482024,11.9010004043579));
#12162=CARTESIAN_POINT('',(31.9141762532783,22.9439373482024,11.9010004043579));
#12163=CARTESIAN_POINT('',(31.8887195567777,22.8590839410324,11.9010004043579));
#12164=CARTESIAN_POINT('',(31.8887195567777,22.8590839410324,11.9010004043579));
#12165=CARTESIAN_POINT('',(31.8731623120554,22.7728143997524,11.9010004043579));
#12166=CARTESIAN_POINT('',(31.8731623120554,22.7728143997524,11.9010004043579));
#12167=CARTESIAN_POINT('',(31.8662637158911,22.6887027771162,11.9010004043579));
#12168=CARTESIAN_POINT('',(31.8662637158911,22.6887027771162,11.9010004043579));
#12169=CARTESIAN_POINT('',(31.8660850132535,22.6886994053683,11.9010004043579));
#12170=CARTESIAN_POINT('',(31.8660850132535,22.6886994053683,11.9010004043579));
#12171=CARTESIAN_POINT('',(31.8653803179463,22.6886690596374,11.9010004043579));
#12172=CARTESIAN_POINT('',(31.8653803179463,22.6886690596374,11.9010004043579));
#12173=CARTESIAN_POINT('',(31.8497185490397,22.292970843582,11.9010004043579));
#12174=CARTESIAN_POINT('',(31.8497185490397,22.292970843582,11.9010004043579));
#12175=CARTESIAN_POINT('',(31.8957833685882,22.1081383682484,11.9010004043579));
#12176=CARTESIAN_POINT('',(31.8957833685882,22.1081383682484,11.9010004043579));
#12177=CARTESIAN_POINT('',(32.0018147241979,21.8135251536614,11.9010004043579));
#12178=CARTESIAN_POINT('',(32.0018147241979,21.8135251536614,11.9010004043579));
#12179=CARTESIAN_POINT('',(32.061956591149,21.6463977264503,11.9010004043579));
#12180=CARTESIAN_POINT('',(32.061956591149,21.6463977264503,11.9010004043579));
#12181=CARTESIAN_POINT('',(32.2712578408541,21.2023351587916,11.9010004043579));
#12182=CARTESIAN_POINT('',(32.2712578408541,21.2023351587916,11.9010004043579));
#12183=CARTESIAN_POINT('',(32.4298345154394,20.938054188141,11.9010004043579));
#12184=CARTESIAN_POINT('',(32.4298345154394,20.938054188141,11.9010004043579));
#12185=CARTESIAN_POINT('',(32.5237039764429,20.7816050864686,11.9010004043579));
#12186=CARTESIAN_POINT('',(32.5237039764429,20.7816050864686,11.9010004043579));
#12187=CARTESIAN_POINT('',(32.7358712118467,20.4954549590627,11.9010004043579));
#12188=CARTESIAN_POINT('',(32.7358712118467,20.4954549590627,11.9010004043579));
#12189=CARTESIAN_POINT('',(32.7555217584964,20.468953020719,11.9010004043579));
#12190=CARTESIAN_POINT('',(32.7555217584964,20.468953020719,11.9010004043579));
#12191=CARTESIAN_POINT('',(32.815734432153,20.3877411012603,11.9010004043579));
#12192=CARTESIAN_POINT('',(32.815734432153,20.3877411012603,11.9010004043579));
#12193=CARTESIAN_POINT('',(33.0079173178669,20.1757727989815,11.9010004043579));
#12194=CARTESIAN_POINT('',(33.0079173178669,20.1757727989815,11.9010004043579));
#12195=CARTESIAN_POINT('',(33.0225709341572,20.1596086396406,11.9010004043579));
#12196=CARTESIAN_POINT('',(33.0225709341572,20.1596086396406,11.9010004043579));
#12197=CARTESIAN_POINT('',(32.7135738431105,20.2706369256098,11.9010004043579));
#12198=CARTESIAN_POINT('',(32.689870455508,20.2796529794433,11.9010004043579));
#12199=CARTESIAN_POINT('',(32.689870455508,20.2796529794433,11.9010004043579));
#12200=CARTESIAN_POINT('',(31.7567257424852,20.7784895914267,11.9010004043579));
#12201=CARTESIAN_POINT('',(31.7567257424852,20.7784895914267,11.9010004043579));
#12202=CARTESIAN_POINT('',(31.7479996589696,20.7837225441378,11.9010004043579));
#12203=CARTESIAN_POINT('',(31.7479996589696,20.7837225441378,11.9010004043579));
#12204=CARTESIAN_POINT('',(31.1263707326606,21.2763079355501,11.9010004043579));
#12205=CARTESIAN_POINT('',(31.1263707326606,21.2763079355501,11.9010004043579));
#12206=CARTESIAN_POINT('',(31.1181976157973,21.2823635947441,11.9010004043579));
#12207=CARTESIAN_POINT('',(31.1181976157973,21.2823635947441,11.9010004043579));
#12208=CARTESIAN_POINT('',(31.107252922176,21.2929576265858,11.9010004043579));
#12209=CARTESIAN_POINT('',(31.107252922176,21.2929576265858,11.9010004043579));
#12210=CARTESIAN_POINT('',(30.5550010802638,21.8632415761649,11.9010004043579));
#12211=CARTESIAN_POINT('',(31.107252922176,21.2929576265858,11.9010004043579));
#12212=CARTESIAN_POINT('',(30.2400258802243,22.2892282034342,11.9010004043579));
#12213=CARTESIAN_POINT('',(30.5550010802638,21.8632415761649,11.9010004043579));
#12214=CARTESIAN_POINT('',(30.2305512686791,22.3011709344282,11.9010004043579));
#12215=CARTESIAN_POINT('',(30.2400258802243,22.2892282034342,11.9010004043579));
#12216=CARTESIAN_POINT('',(30.2253115724722,22.3099037614397,11.9010004043579));
#12217=CARTESIAN_POINT('',(30.2305512686791,22.3011709344282,11.9010004043579));
#12218=CARTESIAN_POINT('',(29.7264817039846,23.2430417309667,11.9010004043579));
#12219=CARTESIAN_POINT('',(30.2253115724722,22.3099037614397,11.9010004043579));
#12220=CARTESIAN_POINT('',(29.722138892714,23.2522398591857,11.9010004043579));
#12221=CARTESIAN_POINT('',(29.7264817039846,23.2430417309667,11.9010004043579));
#12222=CARTESIAN_POINT('',(29.4793157255773,24.0070764290243,11.9010004043579));
#12223=CARTESIAN_POINT('',(29.722138892714,23.2522398591857,11.9010004043579));
#12224=CARTESIAN_POINT('',(29.4734151667858,24.0265179273054,11.9010004043579));
#12225=CARTESIAN_POINT('',(29.4793157255773,24.0070764290243,11.9010004043579));
#12226=CARTESIAN_POINT('',(29.4719214824745,24.0365556207467,11.9010004043579));
#12227=CARTESIAN_POINT('',(29.4734151667858,24.0265179273054,11.9010004043579));
#12228=CARTESIAN_POINT('',(29.3297045286072,24.8170646789503,11.9010004043579));
#12229=CARTESIAN_POINT('',(29.4719214824745,24.0365556207467,11.9010004043579));
#12230=CARTESIAN_POINT('',(29.3292088816688,24.8272237553153,11.9010004043579));
#12231=CARTESIAN_POINT('',(29.3297045286072,24.8170646789503,11.9010004043579));
#12232=CARTESIAN_POINT('',(29.3292055099209,25.8859492181611,11.9010004043579));
#12233=CARTESIAN_POINT('',(29.3292088816688,24.8272237553153,11.9010004043579));
#12234=CARTESIAN_POINT('',(29.3304429413932,25.9011187118772,11.9010004043579));
#12235=CARTESIAN_POINT('',(29.3292055099209,25.8859492181611,11.9010004043579));
#12236=CARTESIAN_POINT('',(29.4081482430557,26.4242319086028,11.9010004043579));
#12237=CARTESIAN_POINT('',(29.3304429413932,25.9011187118772,11.9010004043579));
#12238=CARTESIAN_POINT('',(29.4130811102054,26.4439195444793,11.9010004043579));
#12239=CARTESIAN_POINT('',(29.4081482430557,26.4242319086028,11.9010004043579));
#12240=CARTESIAN_POINT('',(29.6309297407885,27.2070877033315,11.9010004043579));
#12241=CARTESIAN_POINT('',(29.4130811102054,26.4439195444793,11.9010004043579));
#12242=CARTESIAN_POINT('',(29.9526585518334,27.9488418913923,11.9010004043579));
#12243=CARTESIAN_POINT('',(29.6309297407885,27.2070877033315,11.9010004043579));
#12244=CARTESIAN_POINT('',(29.9526585518334,27.9488418913923,11.9010004043579));
#12245=CARTESIAN_POINT('',(30.9180843790676,29.249082283197,11.9010004043579));
#12246=CARTESIAN_POINT('',(31.028003352868,29.3703956036377,11.9010004043579));
#12247=CARTESIAN_POINT('',(31.523060242593,29.7624814742779,11.9010004043579));
#12248=CARTESIAN_POINT('',(30.9180843790676,29.249082283197,11.9010004043579));
#12249=CARTESIAN_POINT('',(31.5350063453349,29.771959457571,11.9010004043579));
#12250=CARTESIAN_POINT('',(31.523060242593,29.7624814742779,11.9010004043579));
#12251=CARTESIAN_POINT('',(31.5483416082038,29.7793604441696,11.9010004043579));
#12252=CARTESIAN_POINT('',(31.5350063453349,29.771959457571,11.9010004043579));
#12253=CARTESIAN_POINT('',(32.2157554989871,30.2095111800718,11.9010004043579));
#12254=CARTESIAN_POINT('',(31.5483416082038,29.7793604441696,11.9010004043579));
#12255=CARTESIAN_POINT('',(32.9435337920817,30.5251809601747,11.9010004043579));
#12256=CARTESIAN_POINT('',(32.2157554989871,30.2095111800718,11.9010004043579));
#12257=CARTESIAN_POINT('',(32.9576917614335,30.5307881769006,11.9010004043579));
#12258=CARTESIAN_POINT('',(32.9435337920817,30.5251809601747,11.9010004043579));
#12259=CARTESIAN_POINT('',(32.9675743544723,30.5332529246015,11.9010004043579));
#12260=CARTESIAN_POINT('',(32.9576917614335,30.5307881769006,11.9010004043579));
#12261=CARTESIAN_POINT('',(33.7307323980809,30.7511049269325,11.9010004043579));
#12262=CARTESIAN_POINT('',(32.9675743544723,30.5332529246015,11.9010004043579));
#12263=CARTESIAN_POINT('',(33.7458681743181,30.7528346335954,11.9010004043579));
#12264=CARTESIAN_POINT('',(33.7307323980809,30.7511049269325,11.9010004043579));
#12265=CARTESIAN_POINT('',(33.7458681743181,30.7528346335954,11.9010004043579));
#12266=CARTESIAN_POINT('',(35.5892499452609,30.7909960761111,11.9010004043579));
#12267=CARTESIAN_POINT('',(34.798335673097,30.856209051875,11.9010004043579));
#12268=CARTESIAN_POINT('',(35.6044902456825,30.7907533102637,11.9010004043579));
#12269=CARTESIAN_POINT('',(35.5892499452609,30.7909960761111,11.9010004043579));
#12270=CARTESIAN_POINT('',(35.6244105321626,30.7868016217473,11.9010004043579));
#12271=CARTESIAN_POINT('',(35.6044902456825,30.7907533102637,11.9010004043579));
#12272=CARTESIAN_POINT('',(36.400057529922,30.6202878526504,11.9010004043579));
#12273=CARTESIAN_POINT('',(35.6244105321626,30.7868016217473,11.9010004043579));
#12274=CARTESIAN_POINT('',(37.3769034672287,30.2151217685455,11.9010004043579));
#12275=CARTESIAN_POINT('',(36.400057529922,30.6202878526504,11.9010004043579));
#12276=CARTESIAN_POINT('',(37.4000235424478,30.2047131828373,11.9010004043579));
#12277=CARTESIAN_POINT('',(37.3769034672287,30.2151217685455,11.9010004043579));
#12278=CARTESIAN_POINT('',(38.2804341186137,29.6170782186632,11.9010004043579));
#12279=CARTESIAN_POINT('',(37.4000235424478,30.2047131828373,11.9010004043579));
#12280=CARTESIAN_POINT('',(38.2929871359742,29.6084161983573,11.9010004043579));
#12281=CARTESIAN_POINT('',(38.2804341186137,29.6170782186632,11.9010004043579));
#12282=CARTESIAN_POINT('',(38.8632744573011,29.0561677281929,11.9010004043579));
#12283=CARTESIAN_POINT('',(38.2929871359742,29.6084161983573,11.9010004043579));
#12284=CARTESIAN_POINT('',(38.8708035703191,29.0493331952384,11.9010004043579));
#12285=CARTESIAN_POINT('',(38.8632744573011,29.0561677281929,11.9010004043579));
#12286=CARTESIAN_POINT('',(39.3633889617314,28.4277042689294,11.9010004043579));
#12287=CARTESIAN_POINT('',(39.3633889617314,28.4277042689294,11.9010004043579));
#12288=CARTESIAN_POINT('',(39.3815087348432,28.4032725837846,11.9010004043579));
#12289=CARTESIAN_POINT('',(39.3815087348432,28.4032725837846,11.9010004043579));
#12290=CARTESIAN_POINT('',(39.6541718707256,27.9488385196444,11.9010004043579));
#12291=CARTESIAN_POINT('',(39.6541718707256,27.9488385196444,11.9010004043579));
#12292=CARTESIAN_POINT('',(39.6619504930868,27.9300747426874,11.9010004043579));
#12293=CARTESIAN_POINT('',(39.6619504930868,27.9300747426874,11.9010004043579));
#12294=CARTESIAN_POINT('',(39.8993687483705,27.3827119352024,11.9010004043579));
#12295=CARTESIAN_POINT('',(39.8993687483705,27.3827119352024,11.9010004043579));
#12296=CARTESIAN_POINT('',(39.8827190573348,27.3977971352215,11.9010004043579));
#12297=CARTESIAN_POINT('',(39.8827190573348,27.3977971352215,11.9010004043579));
#12298=CARTESIAN_POINT('',(39.8528622298496,27.424868898957,11.9010004043579));
#12299=CARTESIAN_POINT('',(39.8528622298496,27.424868898957,11.9010004043579));
#12300=CARTESIAN_POINT('',(39.4590049881372,27.7169060981629,11.9010004043579));
#12301=CARTESIAN_POINT('',(39.4590049881372,27.7169060981629,11.9010004043579));
#12302=CARTESIAN_POINT('',(39.3025558864647,27.8107755591664,11.9010004043579));
#12303=CARTESIAN_POINT('',(39.3025558864647,27.8107755591664,11.9010004043579));
#12304=CARTESIAN_POINT('',(39.0382681723184,27.9693454902559,11.9010004043579));
#12305=CARTESIAN_POINT('',(39.0382681723184,27.9693454902559,11.9010004043579));
#12306=CARTESIAN_POINT('',(38.5942089764076,28.1786501117088,11.9010004043579));
#12307=CARTESIAN_POINT('',(38.5942089764076,28.1786501117088,11.9010004043579));
#12308=CARTESIAN_POINT('',(38.4023194327593,28.247706880057,11.9010004043579));
#12309=CARTESIAN_POINT('',(38.4023194327593,28.247706880057,11.9010004043579));
#12310=CARTESIAN_POINT('',(38.1324649628616,28.3448199625218,11.9010004043579));
#12311=CARTESIAN_POINT('',(38.1324649628616,28.3448199625218,11.9010004043579));
#12312=CARTESIAN_POINT('',(38.0346202111066,28.3692078149442,11.9010004043579));
#12313=CARTESIAN_POINT('',(38.0346202111066,28.3692078149442,11.9010004043579));
#12314=CARTESIAN_POINT('',(37.5257762514128,28.3490649931039,11.9010004043579));
#12315=CARTESIAN_POINT('',(37.5257762514128,28.3490649931039,11.9010004043579));
#12316=CARTESIAN_POINT('',(37.5257627644213,28.3488087402649,11.9010004043579));
#12317=CARTESIAN_POINT('',(37.5257627644213,28.3488087402649,11.9010004043579));
#12318=CARTESIAN_POINT('',(37.465428707841,28.3434072001598,11.9010004043579));
#12319=CARTESIAN_POINT('',(37.465428707841,28.3434072001598,11.9010004043579));
#12320=CARTESIAN_POINT('',(37.4416309112978,28.3412829989948,11.9010004043579));
#12321=CARTESIAN_POINT('',(37.4416309112978,28.3412829989948,11.9010004043579));
#12322=CARTESIAN_POINT('',(37.3553613700178,28.3257257542725,11.9010004043579));
#12323=CARTESIAN_POINT('',(37.3553613700178,28.3257257542725,11.9010004043579));
#12324=CARTESIAN_POINT('',(37.2712160299028,28.3009771248269,11.9010004043579));
#12325=CARTESIAN_POINT('',(37.2712160299028,28.3009771248269,11.9010004043579));
#12326=CARTESIAN_POINT('',(37.1877753850948,28.2684498730201,11.9010004043579));
#12327=CARTESIAN_POINT('',(37.1877753850948,28.2684498730201,11.9010004043579));
#12328=CARTESIAN_POINT('',(37.1085797708689,28.2288520659072,11.9010004043579));
#12329=CARTESIAN_POINT('',(37.1085797708689,28.2288520659072,11.9010004043579));
#12330=CARTESIAN_POINT('',(37.0322063096193,28.1807743128738,11.9010004043579));
#12331=CARTESIAN_POINT('',(37.0322063096193,28.1807743128738,11.9010004043579));
#12332=CARTESIAN_POINT('',(37.0001207567849,28.1562954232587,11.9010004043579));
#12333=CARTESIAN_POINT('',(37.0001207567849,28.1562954232587,11.9010004043579));
#12334=CARTESIAN_POINT('',(36.9666527873194,28.130784778792,11.9010004043579));
#12335=CARTESIAN_POINT('',(36.9666527873194,28.130784778792,11.9010004043579));
#12336=CARTESIAN_POINT('',(36.9607994329982,28.1263205845977,11.9010004043579));
#12337=CARTESIAN_POINT('',(36.9607994329982,28.1263205845977,11.9010004043579));
#12338=CARTESIAN_POINT('',(36.9513113344614,28.1176551925439,11.9010004043579));
#12339=CARTESIAN_POINT('',(36.9513113344614,28.1176551925439,11.9010004043579));
#12340=CARTESIAN_POINT('',(36.8950334905818,28.0662191786212,11.9010004043579));
#12341=CARTESIAN_POINT('',(36.8950334905818,28.0662191786212,11.9010004043579));
#12342=CARTESIAN_POINT('',(36.8342273892982,27.9997485408977,11.9010004043579));
#12343=CARTESIAN_POINT('',(36.8342273892982,27.9997485408977,11.9010004043579));
#12344=CARTESIAN_POINT('',(36.7797702892742,27.9283382925287,11.9010004043579));
#12345=CARTESIAN_POINT('',(36.7797702892742,27.9283382925287,11.9010004043579));
#12346=CARTESIAN_POINT('',(36.7324006032958,27.8526728983341,11.9010004043579));
#12347=CARTESIAN_POINT('',(36.7324006032958,27.8526728983341,11.9010004043579));
#12348=CARTESIAN_POINT('',(36.6920947291279,27.7727692170532,11.9010004043579));
#12349=CARTESIAN_POINT('',(36.6920947291279,27.7727692170532,11.9010004043579));
#12350=CARTESIAN_POINT('',(36.6830584448072,27.7492748778193,11.9010004043579));
#12351=CARTESIAN_POINT('',(36.6830584448072,27.7492748778193,11.9010004043579));
#12352=CARTESIAN_POINT('',(36.6602755443761,27.6900366393002,11.9010004043579));
#12353=CARTESIAN_POINT('',(36.6602755443761,27.6900366393002,11.9010004043579));
#12354=CARTESIAN_POINT('',(36.6355235431826,27.6058879274373,11.9010004043579));
#12355=CARTESIAN_POINT('',(36.6355235431826,27.6058879274373,11.9010004043579));
#12356=CARTESIAN_POINT('',(36.6192616031532,27.5189136908502,11.9010004043579));
#12357=CARTESIAN_POINT('Origin',(33.0225709341572,20.1596086396406,11.9010004043579));
#12358=CARTESIAN_POINT('',(33.1313671230293,20.0395980173167,4.8020000398159));
#12359=CARTESIAN_POINT('',(33.1313671230293,20.0395980173167,4.8020000398159));
#12360=CARTESIAN_POINT('',(33.1313671230293,20.0395980173167,4.8020000398159));
#12361=CARTESIAN_POINT('Origin',(33.0079173178669,20.1757727989815,11.9010004043579));
#12362=CARTESIAN_POINT('',(33.1313671230293,20.0395980173167,4.8020000398159));
#12363=CARTESIAN_POINT('Origin',(33.0079173178669,20.1757727989815,13.5848030090332));
#12364=CARTESIAN_POINT('',(33.0225709341572,20.1596086396406,11.9010004043579));
#12365=CARTESIAN_POINT('Origin',(33.0225709341572,20.1596086396406,11.9010004043579));
#12366=CARTESIAN_POINT('',(33.1452486090548,20.0242936536855,4.8020000398159));
#12367=CARTESIAN_POINT('',(33.1452486090548,20.0242936536855,4.8020000398159));
#12368=CARTESIAN_POINT('',(33.1452486090548,20.0242936536855,15.9));
#12369=CARTESIAN_POINT('',(33.1452486090548,20.0242936536855,4.8020000398159));
#12370=CARTESIAN_POINT('Origin',(32.689870455508,20.2796529794433,11.9010004043579));
#12371=CARTESIAN_POINT('',(32.689870455508,20.2796529794433,11.9010004043579));
#12372=CARTESIAN_POINT('Origin',(32.6990618402312,20.2753169116685,15.9));
#12373=CARTESIAN_POINT('',(32.2469306798936,20.4889306269132,15.9));
#12374=CARTESIAN_POINT('Origin',(33.1452486090548,20.0242936536855,15.9));
#12375=CARTESIAN_POINT('',(33.1452486090548,20.0242936536855,15.9));
#12376=CARTESIAN_POINT('Origin',(33.5086960566297,19.6947794767836,15.9));
#12377=CARTESIAN_POINT('',(33.5086960566297,19.6947794767836,4.8020000398159));
#12378=CARTESIAN_POINT('',(33.5086960566297,19.6947794767836,4.8020000398159));
#12379=CARTESIAN_POINT('',(33.5086960566297,19.6947794767836,4.8020000398159));
#12380=CARTESIAN_POINT('Origin',(32.7555217584964,20.468953020719,11.9010004043579));
#12381=CARTESIAN_POINT('',(32.815734432153,20.3877411012603,3.40000000000003));
#12382=CARTESIAN_POINT('',(32.815734432153,20.3877411012603,3.40000000000003));
#12383=CARTESIAN_POINT('Origin',(33.5086960566297,19.6947794767836,4.8020000398159));
#12384=CARTESIAN_POINT('',(33.1452486090548,20.0242936536855,4.8020000398159));
#12385=CARTESIAN_POINT('',(33.1452486090548,20.0242936536855,4.8020000398159));
#12386=CARTESIAN_POINT('Origin',(32.2712578408541,21.2023351587916,3.40000000000003));
#12387=CARTESIAN_POINT('',(32.2712578408541,21.2023351587916,3.40000000000003));
#12388=CARTESIAN_POINT('',(32.2712578408541,21.2023351587916,3.40000000000003));
#12389=CARTESIAN_POINT('Origin',(32.2712578408541,21.2023351587916,3.40000000000003));
#12390=CARTESIAN_POINT('',(32.4298345154394,20.938054188141,11.9010004043579));
#12391=CARTESIAN_POINT('Origin',(31.7567257424852,20.7784895914267,11.9010004043579));
#12392=CARTESIAN_POINT('',(31.7479996589696,20.7837225441378,15.9));
#12393=CARTESIAN_POINT('',(31.7567257424852,20.7784895914267,11.9010004043579));
#12394=CARTESIAN_POINT('Origin',(32.1772029337172,20.5262086714841,15.9));
#12395=CARTESIAN_POINT('',(32.1772029337172,20.5262086714841,15.9));
#12396=CARTESIAN_POINT('Origin',(32.689870455508,20.2796529794433,11.9010004043579));
#12397=CARTESIAN_POINT('Origin',(31.1263707326606,21.2763079355501,11.9010004043579));
#12398=CARTESIAN_POINT('',(31.1181976157973,21.2823635947441,11.9010004043579));
#12399=CARTESIAN_POINT('',(31.1263707326606,21.2763079355501,11.9010004043579));
#12400=CARTESIAN_POINT('Origin',(30.5550010802638,21.8632415761649,11.9010004043579));
#12401=CARTESIAN_POINT('',(31.107252922176,21.2929576265858,11.9010004043579));
#12402=CARTESIAN_POINT('',(30.7612576416325,21.6389529071293,15.9));
#12403=CARTESIAN_POINT('Origin',(31.1181976157973,21.2823635947441,11.9010004043579));
#12404=CARTESIAN_POINT('',(31.107252922176,21.2929576265858,11.9010004043579));
#12405=CARTESIAN_POINT('Origin',(30.5550010802638,21.8632415761649,11.9010004043579));
#12406=CARTESIAN_POINT('',(30.6964324168749,21.7134078438347,15.9));
#12407=CARTESIAN_POINT('',(30.7199807040749,21.6815785438393,15.9));
#12408=CARTESIAN_POINT('Origin',(32.4298345154394,20.938054188141,11.9010004043579));
#12409=CARTESIAN_POINT('',(32.5237039764429,20.7816050864686,3.40000000000003));
#12410=CARTESIAN_POINT('Origin',(31.8662637158911,22.6887027771162,11.9010004043579));
#12411=CARTESIAN_POINT('',(31.8660850132535,22.6886994053683,11.9010004043579));
#12412=CARTESIAN_POINT('',(31.8662637158911,22.6887027771162,3.40000000000003));
#12413=CARTESIAN_POINT('Origin',(31.8660850132535,22.6886994053683,11.9010004043579));
#12414=CARTESIAN_POINT('',(31.8653803179463,22.6886690596374,3.40000000000003));
#12415=CARTESIAN_POINT('Origin',(32.7817944179842,23.6022508914553,11.9010004043579));
#12416=CARTESIAN_POINT('',(32.6955316202,23.595183707897,3.40000000000003));
#12417=CARTESIAN_POINT('Origin',(32.6955316202,23.595183707897,3.40000000000003));
#12418=CARTESIAN_POINT('',(32.6092587071721,23.5796230914268,3.40000000000003));
#12419=CARTESIAN_POINT('',(32.6092587071721,23.5796230914268,11.9010004043579));
#12420=CARTESIAN_POINT('Origin',(32.6092587071721,23.5796230914268,3.40000000000003));
#12421=CARTESIAN_POINT('',(32.52440867175,23.5541697666741,3.40000000000003));
#12422=CARTESIAN_POINT('',(32.52440867175,23.5541697666741,11.9010004043579));
#12423=CARTESIAN_POINT('Origin',(32.3624804797711,23.4827527748093,11.9010004043579));
#12424=CARTESIAN_POINT('',(32.2861070185215,23.434675021776,11.9010004043579));
#12425=CARTESIAN_POINT('',(32.3624804797711,23.4827527748093,3.40000000000003));
#12426=CARTESIAN_POINT('Origin',(32.2861070185215,23.434675021776,11.9010004043579));
#12427=CARTESIAN_POINT('',(32.2146967701525,23.380217921752,3.40000000000003));
#12428=CARTESIAN_POINT('',(32.2146967701525,23.380217921752,3.40000000000003));
#12429=CARTESIAN_POINT('Origin',(31.9459954380301,23.0266699259554,11.9010004043579));
#12430=CARTESIAN_POINT('',(31.9459954380301,23.0266699259554,3.40000000000003));
#12431=CARTESIAN_POINT('',(31.9459954380301,23.0266699259554,3.40000000000003));
#12432=CARTESIAN_POINT('Origin',(31.9141762532783,22.9439373482024,11.9010004043579));
#12433=CARTESIAN_POINT('',(31.9141762532783,22.9439373482024,11.9010004043579));
#12434=CARTESIAN_POINT('Origin',(31.8887195567777,22.8590839410324,11.9010004043579));
#12435=CARTESIAN_POINT('',(31.8731623120554,22.7728143997524,3.40000000000003));
#12436=CARTESIAN_POINT('',(31.8731623120554,22.7728143997524,3.40000000000003));
#12437=CARTESIAN_POINT('Origin',(31.8731623120554,22.7728143997524,11.9010004043579));
#12438=CARTESIAN_POINT('',(31.8662637158911,22.6887027771162,3.40000000000003));
#12439=CARTESIAN_POINT('Origin',(31.8662637158911,22.6887027771162,3.40000000000003));
#12440=CARTESIAN_POINT('Origin',(32.6955316202,23.595183707897,3.40000000000003));
#12441=CARTESIAN_POINT('',(32.6955316202,23.595183707897,3.40000000000003));
#12442=CARTESIAN_POINT('Origin',(30.2305512686791,22.3011709344282,15.9));
#12443=CARTESIAN_POINT('',(30.2400258802243,22.2892282034342,11.9010004043579));
#12444=CARTESIAN_POINT('',(30.2305512686791,22.3011709344282,11.9010004043579));
#12445=CARTESIAN_POINT('Origin',(30.2253115724722,22.3099037614397,11.9010004043579));
#12446=CARTESIAN_POINT('',(30.2305512686791,22.3011709344282,15.9));
#12447=CARTESIAN_POINT('Origin',(30.2305512686791,22.3011709344282,15.9));
#12448=CARTESIAN_POINT('',(30.2253115724722,22.3099037614397,11.9010004043579));
#12449=CARTESIAN_POINT('Origin',(32.0612485240941,29.0335399281644,23.8999995231628));
#12450=CARTESIAN_POINT('',(32.0095630008282,28.8886727804628,15.9));
#12451=CARTESIAN_POINT('',(32.0612485240941,29.0335399281644,15.9));
#12452=CARTESIAN_POINT('Origin',(31.9928593618263,28.841879663372,15.9));
#12453=CARTESIAN_POINT('Origin',(29.6309297407885,27.2070877033315,15.9));
#12454=CARTESIAN_POINT('',(29.6309297407885,27.2070877033315,11.9010004043579));
#12455=CARTESIAN_POINT('',(29.6309297407885,27.2070877033315,11.9010004043579));
#12456=CARTESIAN_POINT('Origin',(29.6146441985239,27.1500579596744,15.9));
#12457=CARTESIAN_POINT('',(29.6146441985239,27.1500579596744,15.9));
#12458=CARTESIAN_POINT('Origin',(29.6309297407885,27.2070877033315,11.9010004043579));
#12459=CARTESIAN_POINT('',(29.4130811102054,26.4439195444793,11.9010004043579));
#12460=CARTESIAN_POINT('Origin',(29.4130811102054,26.4439195444793,11.9010004043579));
#12461=CARTESIAN_POINT('',(29.3722020388978,26.1815840723559,15.9));
#12462=CARTESIAN_POINT('Origin',(32.46270568553,29.797406038828,15.9));
#12463=CARTESIAN_POINT('',(32.2712679560978,29.476897800516,15.9));
#12464=CARTESIAN_POINT('Origin',(32.2636242036518,29.4607842173933,15.9));
#12465=CARTESIAN_POINT('Origin',(32.1266638047308,30.1334479196272,15.5000003814697));
#12466=CARTESIAN_POINT('',(31.7123771426082,29.9030968479018,15.5000003814697));
#12467=CARTESIAN_POINT('',(31.7320850089719,29.9176796574866,15.9));
#12468=CARTESIAN_POINT('Origin',(31.1443219183783,29.4517850222993,15.9));
#12469=CARTESIAN_POINT('',(31.0809971214277,29.3969840039914,15.5000003814697));
#12470=CARTESIAN_POINT('',(31.1443219183783,29.4517850222993,15.9));
#12471=CARTESIAN_POINT('Origin',(31.7320850089719,29.9176796574866,15.9));
#12472=CARTESIAN_POINT('',(31.3593416524894,29.6232687477725,15.5000003814697));
#12473=CARTESIAN_POINT('Origin',(32.2712679560978,29.476897800516,23.8999995231628));
#12474=CARTESIAN_POINT('Origin',(31.8719585980619,28.4740860327787,23.8999995231628));
#12475=CARTESIAN_POINT('',(31.8787729005292,28.3033171178562,15.9));
#12476=CARTESIAN_POINT('',(31.8805666704018,28.2583110271423,15.9));
#12477=CARTESIAN_POINT('Origin',(31.8719585980619,28.4740860327787,23.8999995231628));
#12478=CARTESIAN_POINT('',(31.8720833527335,28.4710143704592,15.9));
#12479=CARTESIAN_POINT('Origin',(31.8915450815019,27.9672212890909,23.8999995231628));
#12480=CARTESIAN_POINT('Origin',(36.9655266235272,22.5463543250816,15.9));
#12481=CARTESIAN_POINT('',(36.9655266235272,22.5463543250816,15.9));
#12482=CARTESIAN_POINT('Origin',(32.6092587071721,23.5796230914268,11.9010004043579));
#12483=CARTESIAN_POINT('Origin',(32.52440867175,23.5541697666741,11.9010004043579));
#12484=CARTESIAN_POINT('Origin',(32.52440867175,23.5541697666741,11.9010004043579));
#12485=CARTESIAN_POINT('',(32.441676093997,23.5223505819223,11.9010004043579));
#12486=CARTESIAN_POINT('Origin',(32.441676093997,23.5223505819223,11.9010004043579));
#12487=CARTESIAN_POINT('',(32.3624804797711,23.4827527748093,3.40000000000003));
#12488=CARTESIAN_POINT('Origin',(32.2146967701525,23.380217921752,3.40000000000003));
#12489=CARTESIAN_POINT('',(32.148934199484,23.3201198875234,3.40000000000003));
#12490=CARTESIAN_POINT('',(32.148934199484,23.3201198875234,11.9010004043579));
#12491=CARTESIAN_POINT('Origin',(32.148934199484,23.3201198875234,11.9010004043579));
#12492=CARTESIAN_POINT('Origin',(32.148934199484,23.3201198875234,3.40000000000003));
#12493=CARTESIAN_POINT('',(32.0881247264525,23.253645878052,3.40000000000003));
#12494=CARTESIAN_POINT('',(32.0881247264525,23.253645878052,11.9010004043579));
#12495=CARTESIAN_POINT('Origin',(32.0881247264525,23.253645878052,11.9010004043579));
#12496=CARTESIAN_POINT('Origin',(32.0881247264525,23.253645878052,11.9010004043579));
#12497=CARTESIAN_POINT('',(32.0336709981764,23.1822390014309,11.9010004043579));
#12498=CARTESIAN_POINT('Origin',(31.9616403481973,23.0576900064594,11.9010004043579));
#12499=CARTESIAN_POINT('',(31.986301312198,23.1065736072363,3.40000000000003));
#12500=CARTESIAN_POINT('',(31.9616403481973,23.0576900064594,11.9010004043579));
#12501=CARTESIAN_POINT('Origin',(31.8497185490397,22.292970843582,11.9010004043579));
#12502=CARTESIAN_POINT('',(31.8957833685882,22.1081383682484,3.40000000000003));
#12503=CARTESIAN_POINT('',(31.8497185490397,22.292970843582,3.40000000000003));
#12504=CARTESIAN_POINT('Origin',(32.2712578408541,21.2023351587916,3.40000000000003));
#12505=CARTESIAN_POINT('',(32.061956591149,21.6463977264503,3.40000000000003));
#12506=CARTESIAN_POINT('Origin',(41.3003097623853,21.6471057935053,4.8020000398159));
#12507=CARTESIAN_POINT('',(41.3003097623853,21.6471057935053,4.8020000398159));
#12508=CARTESIAN_POINT('',(41.3003097623853,21.6471057935053,4.8020000398159));
#12509=CARTESIAN_POINT('',(41.4657715461434,22.1081349965005,4.8020000398159));
#12510=CARTESIAN_POINT('',(41.3003097623853,21.6471057935053,4.8020000398159));
#12511=CARTESIAN_POINT('',(41.4657715461434,22.1081349965005,4.8020000398159));
#12512=CARTESIAN_POINT('Origin',(41.5845683392301,22.5847281877138,4.8020000398159));
#12513=CARTESIAN_POINT('',(41.5845683392301,22.5847281877138,4.8020000398159));
#12514=CARTESIAN_POINT('',(41.4657715461434,22.1081349965005,15.9));
#12515=CARTESIAN_POINT('',(41.5845683392301,22.5847281877138,4.8020000398159));
#12516=CARTESIAN_POINT('Origin',(41.4657715461434,22.1081349965005,15.9));
#12517=CARTESIAN_POINT('',(41.4657715461434,22.1081349965005,4.8020000398159));
#12518=CARTESIAN_POINT('Origin',(41.6566866546541,23.0698046965954,4.8020000398159));
#12519=CARTESIAN_POINT('',(41.5845683392301,22.5847281877138,4.8020000398159));
#12520=CARTESIAN_POINT('',(41.6566866546541,23.0698046965954,4.8020000398159));
#12521=CARTESIAN_POINT('',(41.5845683392301,22.5847281877138,4.8020000398159));
#12522=CARTESIAN_POINT('',(41.6566866546541,23.0698046965954,4.8020000398159));
#12523=CARTESIAN_POINT('Origin',(41.5845683392301,22.5847281877138,4.8020000398159));
#12524=CARTESIAN_POINT('Origin',(41.6814352840997,23.5598275596182,4.8020000398159));
#12525=CARTESIAN_POINT('',(41.6814352840997,23.5598275596182,4.8020000398159));
#12526=CARTESIAN_POINT('',(41.6566866546541,23.0698046965954,15.9));
#12527=CARTESIAN_POINT('',(41.6814352840997,23.5598275596182,4.8020000398159));
#12528=CARTESIAN_POINT('Origin',(41.6566866546541,23.0698046965954,15.9));
#12529=CARTESIAN_POINT('',(41.6566866546541,23.0698046965954,4.8020000398159));
#12530=CARTESIAN_POINT('Origin',(36.400057529922,30.6202878526504,12.5000002622604));
#12531=CARTESIAN_POINT('',(36.3336947881307,30.634536859195,12.5000002622604));
#12532=CARTESIAN_POINT('',(36.3336947881307,30.634536859195,12.5000002622604));
#12533=CARTESIAN_POINT('',(36.400057529922,30.6202878526504,12.5000002622604));
#12534=CARTESIAN_POINT('',(36.3336947881307,30.634536859195,12.5000002622604));
#12535=CARTESIAN_POINT('',(36.400057529922,30.6202878526504,11.9010004043579));
#12536=CARTESIAN_POINT('Origin',(41.6566900264019,24.0498537943889,4.8020000398159));
#12537=CARTESIAN_POINT('',(41.6814352840997,23.5598275596182,4.8020000398159));
#12538=CARTESIAN_POINT('',(41.6566900264019,24.0498537943889,4.8020000398159));
#12539=CARTESIAN_POINT('',(41.6814352840997,23.5598275596182,4.8020000398159));
#12540=CARTESIAN_POINT('',(41.6566900264019,24.0498537943889,4.8020000398159));
#12541=CARTESIAN_POINT('Origin',(41.6814352840997,23.5598275596182,4.8020000398159));
#12542=CARTESIAN_POINT('Origin',(36.9671113450312,30.3850949509681,12.5000002622604));
#12543=CARTESIAN_POINT('',(36.9671113450312,30.3850949509681,12.5000002622604));
#12544=CARTESIAN_POINT('',(36.400057529922,30.6202878526504,11.9010004043579));
#12545=CARTESIAN_POINT('',(36.9671113450312,30.3850949509681,12.5000002622604));
#12546=CARTESIAN_POINT('Origin',(36.400057529922,30.6202878526504,11.9010004043579));
#12547=CARTESIAN_POINT('',(36.400057529922,30.6202878526504,12.5000002622604));
#12548=CARTESIAN_POINT('Origin',(41.6566900264019,24.0498537943889,4.8020000398159));
#12549=CARTESIAN_POINT('',(41.5845649674822,24.5349303032705,4.8020000398159));
#12550=CARTESIAN_POINT('',(41.5845649674822,24.5349303032705,4.8020000398159));
#12551=CARTESIAN_POINT('',(41.6566900264019,24.0498537943889,4.8020000398159));
#12552=CARTESIAN_POINT('',(41.6566900264019,24.0498537943889,4.8020000398159));
#12553=CARTESIAN_POINT('Origin',(40.5458238543264,20.3877478447561,15.9));
#12554=CARTESIAN_POINT('',(40.2163164209203,20.0242936536855,4.8020000398159));
#12555=CARTESIAN_POINT('',(40.2163164209203,20.0242936536855,4.8020000398159));
#12556=CARTESIAN_POINT('',(40.2163164209203,20.0242936536855,4.8020000398159));
#12557=CARTESIAN_POINT('Origin',(40.2163164209203,20.0242936536855,4.8020000398159));
#12558=CARTESIAN_POINT('',(40.5458238543264,20.3877478447561,4.8020000398159));
#12559=CARTESIAN_POINT('',(40.5458238543264,20.3877478447561,4.8020000398159));
#12560=CARTESIAN_POINT('',(40.2163164209203,20.0242936536855,4.8020000398159));
#12561=CARTESIAN_POINT('Origin',(37.655881886892,18.6560417353757,4.8020000398159));
#12562=CARTESIAN_POINT('',(37.655881886892,18.6560417353757,4.8020000398159));
#12563=CARTESIAN_POINT('',(37.655881886892,18.6560417353757,4.8020000398159));
#12564=CARTESIAN_POINT('',(37.655881886892,18.6560417353757,4.8020000398159));
#12565=CARTESIAN_POINT('Origin',(33.7307323980809,30.7511049269325,12.5000002622604));
#12566=CARTESIAN_POINT('',(33.4833270255741,30.6804870393155,12.5000002622604));
#12567=CARTESIAN_POINT('',(33.4833270255741,30.6804870393155,12.5000002622604));
#12568=CARTESIAN_POINT('',(33.7307323980809,30.7511049269325,12.5000002622604));
#12569=CARTESIAN_POINT('',(33.4833270255741,30.6804870393155,12.5000002622604));
#12570=CARTESIAN_POINT('',(33.7307323980809,30.7511049269325,11.9010004043579));
#12571=CARTESIAN_POINT('Origin',(33.4833270255741,30.6804870393155,12.5000002622604));
#12572=CARTESIAN_POINT('',(32.9675743544723,30.5332529246015,11.9010004043579));
#12573=CARTESIAN_POINT('Origin',(38.5942089764076,18.9410050075275,4.8020000398159));
#12574=CARTESIAN_POINT('',(38.5942089764076,18.9410050075275,4.8020000398159));
#12575=CARTESIAN_POINT('',(38.1324717063574,18.7748351567145,15.9));
#12576=CARTESIAN_POINT('',(38.5942089764076,18.9410050075275,4.8020000398159));
#12577=CARTESIAN_POINT('Origin',(39.0382681723184,19.1503096289805,4.8020000398159));
#12578=CARTESIAN_POINT('',(39.0382681723184,19.1503096289805,4.8020000398159));
#12579=CARTESIAN_POINT('',(38.5942089764076,18.9410050075275,15.9));
#12580=CARTESIAN_POINT('',(39.0382681723184,19.1503096289805,4.8020000398159));
#12581=CARTESIAN_POINT('Origin',(38.5942089764076,18.9410050075275,15.9));
#12582=CARTESIAN_POINT('',(38.5942089764076,18.9410050075275,4.8020000398159));
#12583=CARTESIAN_POINT('Origin',(35.5682405842152,30.7962324005701,12.5000002622604));
#12584=CARTESIAN_POINT('',(35.5682405842152,30.7962324005701,12.5000002622604));
#12585=CARTESIAN_POINT('',(35.5682405842152,30.7962324005701,12.5000002622604));
#12586=CARTESIAN_POINT('',(35.5682405842152,30.7962324005701,12.5000002622604));
#12587=CARTESIAN_POINT('Origin',(35.5892499452609,30.7909960761111,11.9010004043579));
#12588=CARTESIAN_POINT('',(35.4429936374324,30.7982082448283,12.5000002622604));
#12589=CARTESIAN_POINT('',(35.4429936374324,30.7982082448283,12.5000002622604));
#12590=CARTESIAN_POINT('Origin',(39.0382681723184,19.1503096289805,15.9));
#12591=CARTESIAN_POINT('',(39.0382681723184,19.1503096289805,4.8020000398159));
#12592=CARTESIAN_POINT('Origin',(39.8528554863539,19.6947794767836,4.8020000398159));
#12593=CARTESIAN_POINT('',(39.8528554863539,19.6947794767836,4.8020000398159));
#12594=CARTESIAN_POINT('',(39.459008359885,19.4027456493256,15.9));
#12595=CARTESIAN_POINT('',(39.8528554863539,19.6947794767836,4.8020000398159));
#12596=CARTESIAN_POINT('Origin',(35.4429936374324,30.7982082448283,12.5000002622604));
#12597=CARTESIAN_POINT('Origin',(39.8528554863539,19.6947794767836,15.9));
#12598=CARTESIAN_POINT('',(39.8528554863539,19.6947794767836,4.8020000398159));
#12599=CARTESIAN_POINT('Origin',(35.6244105321626,30.7868016217473,11.9010004043579));
#12600=CARTESIAN_POINT('',(35.7319085981006,30.7637186357548,12.5000002622604));
#12601=CARTESIAN_POINT('',(35.7319085981006,30.7637186357548,12.5000002622604));
#12602=CARTESIAN_POINT('',(35.6244105321626,30.7868016217473,11.9010004043579));
#12603=CARTESIAN_POINT('Origin',(36.400057529922,30.6202878526504,11.9010004043579));
#12604=CARTESIAN_POINT('',(35.7319085981006,30.7637186357548,12.5000002622604));
#12605=CARTESIAN_POINT('Origin',(40.5458238543264,20.3877478447561,15.9));
#12606=CARTESIAN_POINT('',(40.5458238543264,20.3877478447561,4.8020000398159));
#12607=CARTESIAN_POINT('Origin',(35.7319085981006,30.7637186357548,12.5000002622604));
#12608=CARTESIAN_POINT('',(35.5682405842152,30.7962324005701,12.5000002622604));
#12609=CARTESIAN_POINT('',(35.5682405842152,30.7962324005701,12.5000002622604));
#12610=CARTESIAN_POINT('Origin',(35.5682405842152,30.7962324005701,12.5000002622604));
#12611=CARTESIAN_POINT('Origin',(33.855095946919,30.7653337029898,12.5000002622604));
#12612=CARTESIAN_POINT('',(33.7307323980809,30.7511049269325,12.5000002622604));
#12613=CARTESIAN_POINT('',(33.855095946919,30.7653337029898,12.5000002622604));
#12614=CARTESIAN_POINT('',(33.7307323980809,30.7511049269325,12.5000002622604));
#12615=CARTESIAN_POINT('',(33.7458681743181,30.7528346335954,11.9010004043579));
#12616=CARTESIAN_POINT('Origin',(33.7307323980809,30.7511049269325,12.5000002622604));
#12617=CARTESIAN_POINT('Origin',(41.3003097623853,21.6471057935053,4.8020000398159));
#12618=CARTESIAN_POINT('',(41.0910017691845,21.2030432258466,4.8020000398159));
#12619=CARTESIAN_POINT('',(41.0910017691845,21.2030432258466,4.8020000398159));
#12620=CARTESIAN_POINT('',(41.0910017691845,21.2030432258466,4.8020000398159));
#12621=CARTESIAN_POINT('Origin',(34.3627935123333,30.8152018541479,12.5000002622604));
#12622=CARTESIAN_POINT('',(34.3627935123333,30.8152018541479,12.5000002622604));
#12623=CARTESIAN_POINT('',(33.7458681743181,30.7528346335954,11.9010004043579));
#12624=CARTESIAN_POINT('',(34.3627935123333,30.8152018541479,12.5000002622604));
#12625=CARTESIAN_POINT('Origin',(33.7458681743181,30.7528346335954,11.9010004043579));
#12626=CARTESIAN_POINT('',(33.855095946919,30.7653337029898,12.5000002622604));
#12627=CARTESIAN_POINT('Origin',(34.798335673097,30.856209051875,11.9010004043579));
#12628=CARTESIAN_POINT('',(34.3627935123333,30.8152018541479,12.5000002622604));
#12629=CARTESIAN_POINT('Origin',(41.5845649674822,24.5349303032705,15.9));
#12630=CARTESIAN_POINT('Origin',(32.8758459533732,30.4971044155707,12.5000002622604));
#12631=CARTESIAN_POINT('',(32.8758459533732,30.4971044155707,12.5000002622604));
#12632=CARTESIAN_POINT('',(32.2157554989871,30.2095111800718,11.9010004043579));
#12633=CARTESIAN_POINT('',(32.8758459533732,30.4971044155707,12.5000002622604));
#12634=CARTESIAN_POINT('Origin',(32.2157554989871,30.2095111800718,11.9010004043579));
#12635=CARTESIAN_POINT('',(32.2489233828912,30.2251864359699,12.5000002622604));
#12636=CARTESIAN_POINT('',(32.2489233828912,30.2251864359699,12.5000002622604));
#12637=CARTESIAN_POINT('',(32.2157554989871,30.2095111800718,11.9010004043579));
#12638=CARTESIAN_POINT('Origin',(33.0613494065351,30.5638279343852,15.6880005836487));
#12639=CARTESIAN_POINT('',(33.0613494065351,30.5638279343852,15.6880005836487));
#12640=CARTESIAN_POINT('Origin',(32.9922150879857,30.5431928373543,12.5000002622604));
#12641=CARTESIAN_POINT('',(32.9922150879857,30.5431928373543,12.5000002622604));
#12642=CARTESIAN_POINT('',(32.9435337920817,30.5251809601747,11.9010004043579));
#12643=CARTESIAN_POINT('',(32.9576917614335,30.5307881769006,11.9010004043579));
#12644=CARTESIAN_POINT('Origin',(32.9435337920817,30.5251809601747,11.9010004043579));
#12645=CARTESIAN_POINT('',(32.8758459533732,30.4971044155707,12.5000002622604));
#12646=CARTESIAN_POINT('Origin',(33.0613494065351,30.5638279343852,15.6880005836487));
#12647=CARTESIAN_POINT('',(33.0607121461856,30.5631232390781,15.9));
#12648=CARTESIAN_POINT('',(33.0613494065351,30.5638279343852,15.6880005836487));
#12649=CARTESIAN_POINT('Origin',(33.0733359702516,30.5634469268747,12.5000002622604));
#12650=CARTESIAN_POINT('',(33.057390974523,30.5594648926274,12.5000002622604));
#12651=CARTESIAN_POINT('',(32.9675743544723,30.5332529246015,11.9010004043579));
#12652=CARTESIAN_POINT('',(33.0733359702516,30.5634469268747,12.5000002622604));
#12653=CARTESIAN_POINT('',(33.057390974523,30.5594648926274,12.5000002622604));
#12654=CARTESIAN_POINT('',(32.9675743544723,30.5332529246015,11.9010004043579));
#12655=CARTESIAN_POINT('Origin',(33.057390974523,30.5594648926274,12.5000002622604));
#12656=CARTESIAN_POINT('',(33.045360578084,30.5564572935177,12.5000002622604));
#12657=CARTESIAN_POINT('',(32.9675743544723,30.5332529246015,11.9010004043579));
#12658=CARTESIAN_POINT('',(33.045360578084,30.5564572935177,12.5000002622604));
#12659=CARTESIAN_POINT('Origin',(33.045360578084,30.5564572935177,12.5000002622604));
#12660=CARTESIAN_POINT('',(32.9675743544723,30.5332529246015,11.9010004043579));
#12661=CARTESIAN_POINT('',(32.9922150879857,30.5431928373543,12.5000002622604));
#12662=CARTESIAN_POINT('Origin',(32.9922150879857,30.5431928373543,12.5000002622604));
#12663=CARTESIAN_POINT('Origin',(33.5086960566297,19.6947794767836,4.8020000398159));
#12664=CARTESIAN_POINT('',(33.902560041838,19.4027490210735,4.8020000398159));
#12665=CARTESIAN_POINT('',(33.902560041838,19.4027490210735,4.8020000398159));
#12666=CARTESIAN_POINT('',(33.5086960566297,19.6947794767836,4.8020000398159));
#12667=CARTESIAN_POINT('Origin',(35.7056763995874,18.6560417353757,15.9));
#12668=CARTESIAN_POINT('',(35.2290933236177,18.7748284132187,4.8020000398159));
#12669=CARTESIAN_POINT('',(35.7056763995874,18.6560417353757,4.8020000398159));
#12670=CARTESIAN_POINT('',(35.2290933236177,18.7748284132187,4.8020000398159));
#12671=CARTESIAN_POINT('',(35.7056763995874,18.6560417353757,4.8020000398159));
#12672=CARTESIAN_POINT('',(35.2290933236177,18.7748284132187,4.8020000398159));
#12673=CARTESIAN_POINT('Origin',(36.190752908469,18.5839166764559,4.8020000398159));
#12674=CARTESIAN_POINT('',(36.190752908469,18.5839166764559,4.8020000398159));
#12675=CARTESIAN_POINT('',(35.7056763995874,18.6560417353757,4.8020000398159));
#12676=CARTESIAN_POINT('',(35.7056763995874,18.6560417353757,15.9));
#12677=CARTESIAN_POINT('Origin',(31.939629578031,27.7098389146046,23.8999995231628));
#12678=CARTESIAN_POINT('Origin',(31.8653803179463,22.6886690596374,3.40000000000003));
#12679=CARTESIAN_POINT('',(31.8497185490397,22.292970843582,11.9010004043579));
#12680=CARTESIAN_POINT('Origin',(31.8653803179463,22.6886690596374,3.40000000000003));
#12681=CARTESIAN_POINT('',(31.8653803179463,22.6886690596374,3.40000000000003));
#12682=CARTESIAN_POINT('Origin',(31.9141762532783,22.9439373482024,3.40000000000003));
#12683=CARTESIAN_POINT('',(31.9141762532783,22.9439373482024,3.40000000000003));
#12684=CARTESIAN_POINT('Origin',(31.9141762532783,22.9439373482024,11.9010004043579));
#12685=CARTESIAN_POINT('',(31.8887195567777,22.8590839410324,3.40000000000003));
#12686=CARTESIAN_POINT('Origin',(32.52440867175,23.5541697666741,3.40000000000003));
#12687=CARTESIAN_POINT('',(32.441676093997,23.5223505819223,3.40000000000003));
#12688=CARTESIAN_POINT('Origin',(32.3624804797711,23.4827527748093,3.40000000000003));
#12689=CARTESIAN_POINT('Origin',(32.2861070185215,23.434675021776,3.40000000000003));
#12690=CARTESIAN_POINT('',(32.2861070185215,23.434675021776,3.40000000000003));
#12691=CARTESIAN_POINT('Origin',(32.2146967701525,23.380217921752,3.40000000000003));
#12692=CARTESIAN_POINT('Origin',(32.0336709981764,23.1822390014309,3.40000000000003));
#12693=CARTESIAN_POINT('',(32.0336709981764,23.1822390014309,3.40000000000003));
#12694=CARTESIAN_POINT('Origin',(31.986301312198,23.1065736072363,11.9010004043579));
#12695=CARTESIAN_POINT('',(31.986301312198,23.1065736072363,11.9010004043579));
#12696=CARTESIAN_POINT('Origin',(32.0336709981764,23.1822390014309,3.40000000000003));
#12697=CARTESIAN_POINT('Origin',(31.986301312198,23.1065736072363,3.40000000000003));
#12698=CARTESIAN_POINT('Origin',(31.9141762532783,22.9439373482024,11.9010004043579));
#12699=CARTESIAN_POINT('',(31.8887195567777,22.8590839410324,3.40000000000003));
#12700=CARTESIAN_POINT('Origin',(32.5229891658921,29.8983393116419,23.8999995231628));
#12701=CARTESIAN_POINT('Origin',(32.0095630008282,28.8886727804628,15.9));
#12702=CARTESIAN_POINT('Origin',(37.0322063096193,28.1807743128738,3.40000000000003));
#12703=CARTESIAN_POINT('',(36.9607994329982,28.1263205845977,3.40000000000003));
#12704=CARTESIAN_POINT('',(37.0001207567849,28.1562954232587,11.9010004043579));
#12705=CARTESIAN_POINT('Origin',(37.1085797708689,28.2288520659072,11.9010004043579));
#12706=CARTESIAN_POINT('',(37.0322063096193,28.1807743128738,3.40000000000003));
#12707=CARTESIAN_POINT('',(37.1085797708689,28.2288520659072,3.40000000000003));
#12708=CARTESIAN_POINT('Origin',(37.0322063096193,28.1807743128738,3.40000000000003));
#12709=CARTESIAN_POINT('',(37.0322063096193,28.1807743128738,3.40000000000003));
#12710=CARTESIAN_POINT('Origin',(37.1085797708689,28.2288520659072,11.9010004043579));
#12711=CARTESIAN_POINT('',(37.1085797708689,28.2288520659072,11.9010004043579));
#12712=CARTESIAN_POINT('Origin',(37.4416309112978,28.3412829989948,3.40000000000003));
#12713=CARTESIAN_POINT('',(37.3553613700178,28.3257257542725,3.40000000000003));
#12714=CARTESIAN_POINT('',(37.3553613700178,28.3257257542725,11.9010004043579));
#12715=CARTESIAN_POINT('Origin',(37.4416309112978,28.3412829989948,3.40000000000003));
#12716=CARTESIAN_POINT('',(37.4416309112978,28.3412829989948,3.40000000000003));
#12717=CARTESIAN_POINT('',(37.4416309112978,28.3412829989948,3.40000000000003));
#12718=CARTESIAN_POINT('Origin',(37.3553613700178,28.3257257542725,11.9010004043579));
#12719=CARTESIAN_POINT('Origin',(37.1877753850948,28.2684498730201,3.40000000000003));
#12720=CARTESIAN_POINT('',(37.1877753850948,28.2684498730201,3.40000000000003));
#12721=CARTESIAN_POINT('',(37.1877753850948,28.2684498730201,3.40000000000003));
#12722=CARTESIAN_POINT('Origin',(37.2712160299028,28.3009771248269,11.9010004043579));
#12723=CARTESIAN_POINT('',(37.2712160299028,28.3009771248269,11.9010004043579));
#12724=CARTESIAN_POINT('Origin',(37.3553613700178,28.3257257542725,3.40000000000003));
#12725=CARTESIAN_POINT('',(37.2712160299028,28.3009771248269,3.40000000000003));
#12726=CARTESIAN_POINT('Origin',(37.465428707841,28.3434072001598,11.9010004043579));
#12727=CARTESIAN_POINT('',(37.5257627644213,28.3488087402649,3.40000000000003));
#12728=CARTESIAN_POINT('',(37.465428707841,28.3434072001598,11.9010004043579));
#12729=CARTESIAN_POINT('Origin',(37.2712160299028,28.3009771248269,11.9010004043579));
#12730=CARTESIAN_POINT('Origin',(37.0001207567849,28.1562954232587,11.9010004043579));
#12731=CARTESIAN_POINT('Origin',(37.1877753850948,28.2684498730201,11.9010004043579));
#12732=CARTESIAN_POINT('Origin',(36.9666527873194,28.130784778792,11.9010004043579));
#12733=CARTESIAN_POINT('',(36.9607994329982,28.1263205845977,3.40000000000003));
#12734=CARTESIAN_POINT('Origin',(29.9526585518334,27.9488418913923,11.9010004043579));
#12735=CARTESIAN_POINT('',(29.9526585518334,27.9488418913923,11.9010004043579));
#12736=CARTESIAN_POINT('Origin',(32.1188008886726,30.1413108356854,12.5000002622604));
#12737=CARTESIAN_POINT('',(31.6740066517238,29.8546515743494,12.5000002622604));
#12738=CARTESIAN_POINT('',(31.6740066517238,29.8546515743494,12.5000002622604));
#12739=CARTESIAN_POINT('',(32.1188008886726,30.1413108356854,12.5000002622604));
#12740=CARTESIAN_POINT('',(31.6740066517238,29.8546515743494,12.5000002622604));
#12741=CARTESIAN_POINT('',(32.1188008886726,30.1413108356854,12.5000002622604));
#12742=CARTESIAN_POINT('Origin',(31.6740066517238,29.8546515743494,12.5000002622604));
#12743=CARTESIAN_POINT('',(31.5483416082038,29.7793604441696,11.9010004043579));
#12744=CARTESIAN_POINT('Origin',(31.7320850089719,29.9176796574866,15.9));
#12745=CARTESIAN_POINT('',(32.1266638047308,30.1334479196272,15.5000003814697));
#12746=CARTESIAN_POINT('Origin',(31.6740066517238,29.8546515743494,12.5000002622604));
#12747=CARTESIAN_POINT('',(31.5645327415277,29.7937847816039,12.5000002622604));
#12748=CARTESIAN_POINT('',(31.5483416082038,29.7793604441696,11.9010004043579));
#12749=CARTESIAN_POINT('',(31.5645327415277,29.7937847816039,12.5000002622604));
#12750=CARTESIAN_POINT('Origin',(31.5645327415277,29.7937847816039,12.5000002622604));
#12751=CARTESIAN_POINT('',(31.5350063453349,29.771959457571,11.9010004043579));
#12752=CARTESIAN_POINT('Origin',(29.9526585518334,27.9488418913923,15.9));
#12753=CARTESIAN_POINT('Origin',(31.0714820489078,29.3883320989291,15.2895995616913));
#12754=CARTESIAN_POINT('',(30.9180843790676,29.249082283197,11.9010004043579));
#12755=CARTESIAN_POINT('Origin',(31.0991067792958,29.4134212749107,15.9));
#12756=CARTESIAN_POINT('',(31.0809971214277,29.3969840039914,15.5000003814697));
#12757=CARTESIAN_POINT('Origin',(31.0755214028691,29.3842927449678,12.5000002622604));
#12758=CARTESIAN_POINT('',(31.0755214028691,29.3842927449678,12.5000002622604));
#12759=CARTESIAN_POINT('',(31.0755214028691,29.3842927449678,12.5000002622604));
#12760=CARTESIAN_POINT('',(30.9180843790676,29.249082283197,11.9010004043579));
#12761=CARTESIAN_POINT('Origin',(31.0809971214277,29.3969840039914,15.5000003814697));
#12762=CARTESIAN_POINT('Origin',(31.4663272127494,29.7159446100261,12.5000002622604));
#12763=CARTESIAN_POINT('',(31.0755214028691,29.3842927449678,12.5000002622604));
#12764=CARTESIAN_POINT('',(31.4663272127494,29.7159446100261,12.5000002622604));
#12765=CARTESIAN_POINT('',(31.0755214028691,29.3842927449678,12.5000002622604));
#12766=CARTESIAN_POINT('',(31.4663272127494,29.7159446100261,12.5000002622604));
#12767=CARTESIAN_POINT('Origin',(31.0755214028691,29.3842927449678,12.5000002622604));
#12768=CARTESIAN_POINT('Origin',(31.0714820489078,29.3883320989291,15.2895995616913));
#12769=CARTESIAN_POINT('',(31.0621153332948,29.3976988145422,12.5000002622604));
#12770=CARTESIAN_POINT('',(31.0621153332948,29.3976988145422,12.5000002622604));
#12771=CARTESIAN_POINT('',(31.0755214028691,29.3842927449678,12.5000002622604));
#12772=CARTESIAN_POINT('Origin',(31.3593416524894,29.6232687477725,15.5000003814697));
#12773=CARTESIAN_POINT('',(31.1443219183783,29.4517850222993,15.9));
#12774=CARTESIAN_POINT('Origin',(31.4663272127494,29.7159446100261,12.5000002622604));
#12775=CARTESIAN_POINT('',(31.499144434874,29.7419509014313,12.5000002622604));
#12776=CARTESIAN_POINT('',(31.499144434874,29.7419509014313,12.5000002622604));
#12777=CARTESIAN_POINT('',(31.4663272127494,29.7159446100261,12.5000002622604));
#12778=CARTESIAN_POINT('Origin',(31.523060242593,29.7624814742779,11.9010004043579));
#12779=CARTESIAN_POINT('',(31.499144434874,29.7419509014313,12.5000002622604));
#12780=CARTESIAN_POINT('Origin',(31.3593416524894,29.6232687477725,15.5000003814697));
#12781=CARTESIAN_POINT('Origin',(31.499144434874,29.7419509014313,12.5000002622604));
#12782=CARTESIAN_POINT('',(31.499144434874,29.7419509014313,12.5000002622604));
#12783=CARTESIAN_POINT('Origin',(30.2400258802243,22.2892282034342,11.9010004043579));
#12784=CARTESIAN_POINT('',(30.6964324168749,21.7134078438347,15.9));
#12785=CARTESIAN_POINT('Origin',(29.7039921456192,23.3086492012326,15.9));
#12786=CARTESIAN_POINT('',(29.722138892714,23.2522398591857,11.9010004043579));
#12787=CARTESIAN_POINT('',(29.7039921456192,23.3086492012326,15.9));
#12788=CARTESIAN_POINT('Origin',(36.672929714173,23.0089210451105,15.9));
#12789=CARTESIAN_POINT('',(36.6857288691288,22.9637396235068,15.9));
#12790=CARTESIAN_POINT('Origin',(36.7182561209356,22.8817083693131,15.9));
#12791=CARTESIAN_POINT('',(36.7182561209356,22.8817083693131,15.9));
#12792=CARTESIAN_POINT('Origin',(32.9675743544723,30.5332529246015,11.9010004043579));
#12793=CARTESIAN_POINT('',(33.0733359702516,30.5634469268747,12.5000002622604));
#12794=CARTESIAN_POINT('Origin',(33.1452486090548,30.6563453244885,23.8999995231628));
#12795=CARTESIAN_POINT('Origin',(33.1452486090548,30.6563453244885,15.5000003814697));
#12796=CARTESIAN_POINT('Origin',(32.2489233828912,30.2251864359699,12.5000002622604));
#12797=CARTESIAN_POINT('',(32.1188008886726,30.1413108356854,12.5000002622604));
#12798=CARTESIAN_POINT('Origin',(32.3873403768968,30.2819936442668,15.9));
#12799=CARTESIAN_POINT('Origin',(31.8957833685882,22.1081383682484,3.40000000000003));
#12800=CARTESIAN_POINT('',(31.8957833685882,22.1081383682484,3.40000000000003));
#12801=CARTESIAN_POINT('Origin',(32.0018147241979,21.8135251536614,11.9010004043579));
#12802=CARTESIAN_POINT('',(32.0018147241979,21.8135251536614,11.9010004043579));
#12803=CARTESIAN_POINT('Origin',(32.061956591149,21.6463977264503,3.40000000000003));
#12804=CARTESIAN_POINT('',(32.061956591149,21.6463977264503,3.40000000000003));
#12805=CARTESIAN_POINT('Origin',(31.8957833685882,22.1081383682484,3.40000000000003));
#12806=CARTESIAN_POINT('Origin',(33.1313671230293,20.0395980173167,4.8020000398159));
#12807=CARTESIAN_POINT('',(33.1452486090548,20.0242936536855,4.8020000398159));
#12808=CARTESIAN_POINT('Origin',(33.902560041838,19.4027490210735,4.8020000398159));
#12809=CARTESIAN_POINT('',(34.3232833706653,19.1503096289805,4.8020000398159));
#12810=CARTESIAN_POINT('',(34.3232833706653,19.1503096289805,4.8020000398159));
#12811=CARTESIAN_POINT('',(33.902560041838,19.4027490210735,4.8020000398159));
#12812=CARTESIAN_POINT('',(33.902560041838,19.4027490210735,4.8020000398159));
#12813=CARTESIAN_POINT('Origin',(33.902560041838,19.4027490210735,4.8020000398159));
#12814=CARTESIAN_POINT('Origin',(34.7673526818197,18.9410016357796,15.9));
#12815=CARTESIAN_POINT('',(34.7673526818197,18.9410016357796,4.8020000398159));
#12816=CARTESIAN_POINT('',(34.3232833706653,19.1503096289805,15.9));
#12817=CARTESIAN_POINT('',(34.7673526818197,18.9410016357796,4.8020000398159));
#12818=CARTESIAN_POINT('Origin',(34.7673526818197,18.9410016357796,4.8020000398159));
#12819=CARTESIAN_POINT('',(34.3232833706653,19.1503096289805,4.8020000398159));
#12820=CARTESIAN_POINT('Origin',(35.2290933236177,18.7748284132187,15.9));
#12821=CARTESIAN_POINT('',(34.7673526818197,18.9410016357796,4.8020000398159));
#12822=CARTESIAN_POINT('Origin',(34.7673526818197,18.9410016357796,4.8020000398159));
#12823=CARTESIAN_POINT('',(35.2290933236177,18.7748284132187,4.8020000398159));
#12824=CARTESIAN_POINT('',(34.7673526818197,18.9410016357796,4.8020000398159));
#12825=CARTESIAN_POINT('Origin',(35.2290933236177,18.7748284132187,15.9));
#12826=CARTESIAN_POINT('Origin',(35.7056763995874,18.6560417353757,15.9));
#12827=CARTESIAN_POINT('',(36.190752908469,18.5839166764559,4.8020000398159));
#12828=CARTESIAN_POINT('Origin',(31.8497185490397,22.292970843582,11.9010004043579));
#12829=CARTESIAN_POINT('Origin',(33.0079173178669,20.1757727989815,13.5848030090332));
#12830=CARTESIAN_POINT('',(33.0079173178669,20.1757727989815,13.5848030090332));
#12831=CARTESIAN_POINT('Origin',(33.1452486090548,20.0242936536855,15.9));
#12832=CARTESIAN_POINT('Origin',(31.7479996589696,20.7837225441378,15.9));
#12833=CARTESIAN_POINT('',(31.7479996589696,20.7837225441378,11.9010004043579));
#12834=CARTESIAN_POINT('Origin',(31.7479996589696,20.7837225441378,11.9010004043579));
#12835=CARTESIAN_POINT('',(31.7015437166669,20.8205352875011,15.9));
#12836=CARTESIAN_POINT('Origin',(31.7015437166669,20.8205352875011,15.9));
#12837=CARTESIAN_POINT('',(31.1263707326606,21.2763079355501,11.9010004043579));
#12838=CARTESIAN_POINT('Origin',(31.1263707326606,21.2763079355501,11.9010004043579));
#12839=CARTESIAN_POINT('Origin',(33.1452486090548,20.0242936536855,15.9));
#12840=CARTESIAN_POINT('Origin',(30.7612576416325,21.6389529071293,15.9));
#12841=CARTESIAN_POINT('Origin',(31.2992200160256,21.1180246030304,15.9));
#12842=CARTESIAN_POINT('Origin',(30.6964324168749,21.7134078438347,15.9));
#12843=CARTESIAN_POINT('Origin',(29.4793157255773,24.0070764290243,11.9010004043579));
#12844=CARTESIAN_POINT('',(29.4793157255773,24.0070764290243,11.9010004043579));
#12845=CARTESIAN_POINT('Origin',(29.9730373960254,22.7303742091759,15.9));
#12846=CARTESIAN_POINT('',(29.9357526079587,22.8001086988481,15.9));
#12847=CARTESIAN_POINT('',(29.9730373960254,22.7303742091759,15.9));
#12848=CARTESIAN_POINT('Origin',(29.3722020388978,26.1815840723559,15.9));
#12849=CARTESIAN_POINT('',(29.3304429413932,25.9011187118772,11.9010004043579));
#12850=CARTESIAN_POINT('',(29.3722020388978,26.1815840723559,15.9));
#12851=CARTESIAN_POINT('Origin',(29.4137082553113,24.2646712236271,15.9));
#12852=CARTESIAN_POINT('',(29.4734151667858,24.0265179273054,11.9010004043579));
#12853=CARTESIAN_POINT('Origin',(29.3297045286072,24.8170646789503,11.9010004043579));
#12854=CARTESIAN_POINT('',(29.4719214824745,24.0365556207467,11.9010004043579));
#12855=CARTESIAN_POINT('',(29.340325534432,24.7587266971154,15.9));
#12856=CARTESIAN_POINT('Origin',(29.340325534432,24.7587266971154,15.9));
#12857=CARTESIAN_POINT('',(29.3297045286072,24.8170646789503,11.9010004043579));
#12858=CARTESIAN_POINT('Origin',(29.4719214824745,24.0365556207467,11.9010004043579));
#12859=CARTESIAN_POINT('',(29.4719214824745,24.0365556207467,11.9010004043579));
#12860=CARTESIAN_POINT('Origin',(29.4137082553113,24.2646712236271,15.9));
#12861=CARTESIAN_POINT('Origin',(29.4130811102054,26.4439195444793,11.9010004043579));
#12862=CARTESIAN_POINT('Origin',(36.7341269382108,35.0697104194582,12.5000002622604));
#12863=CARTESIAN_POINT('',(31.0621153332948,29.3976988145422,12.5000002622604));
#12864=CARTESIAN_POINT('Origin',(37.4000235424478,30.2047131828373,11.9010004043579));
#12865=CARTESIAN_POINT('',(37.4314684631848,30.1857707032425,12.5000002622604));
#12866=CARTESIAN_POINT('',(37.4650578155741,30.1633485798347,12.5000002622604));
#12867=CARTESIAN_POINT('',(37.4314684631848,30.1857707032425,12.5000002622604));
#12868=CARTESIAN_POINT('',(37.4000235424478,30.2047131828373,11.9010004043579));
#12869=CARTESIAN_POINT('',(37.4000235424478,30.2047131828373,11.9010004043579));
#12870=CARTESIAN_POINT('Origin',(37.4000235424478,30.2047131828373,11.9010004043579));
#12871=CARTESIAN_POINT('',(38.189855483542,29.679576937383,12.5000002622604));
#12872=CARTESIAN_POINT('',(37.4650578155741,30.1633485798347,12.5000002622604));
#12873=CARTESIAN_POINT('',(37.4000235424478,30.2047131828373,11.9010004043579));
#12874=CARTESIAN_POINT('Origin',(37.3769034672287,30.2151217685455,11.9010004043579));
#12875=CARTESIAN_POINT('',(37.2415244180638,30.2712714860057,12.5000002622604));
#12876=CARTESIAN_POINT('',(36.9671113450312,30.3850949509681,12.5000002622604));
#12877=CARTESIAN_POINT('',(37.2415244180638,30.2712714860057,12.5000002622604));
#12878=CARTESIAN_POINT('Origin',(37.2415244180638,30.2712714860057,12.5000002622604));
#12879=CARTESIAN_POINT('',(37.3769034672287,30.2151217685455,11.9010004043579));
#12880=CARTESIAN_POINT('',(37.2415244180638,30.2712714860057,12.5000002622604));
#12881=CARTESIAN_POINT('Origin',(37.3769034672287,30.2151217685455,11.9010004043579));
#12882=CARTESIAN_POINT('Origin',(37.5651279209304,22.3048933440887,23.8999995231628));
#12883=CARTESIAN_POINT('',(37.5651279209304,22.3048933440887,23.8999995231628));
#12884=CARTESIAN_POINT('Origin',(37.6100733201825,22.3031063177119,15.9));
#12885=CARTESIAN_POINT('',(37.5651279209304,22.3048933440887,23.8999995231628));
#12886=CARTESIAN_POINT('Origin',(37.919131102691,22.2907825792073,15.9));
#12887=CARTESIAN_POINT('',(37.919131102691,22.2907825792073,15.9));
#12888=CARTESIAN_POINT('Origin',(37.7920229510779,22.2958469445244,15.9));
#12889=CARTESIAN_POINT('',(37.5651279209304,22.3048933440887,23.8999995231628));
#12890=CARTESIAN_POINT('',(37.7920229510779,22.2958469445244,15.9));
#12891=CARTESIAN_POINT('Origin',(37.4666391653302,22.3125741857613,15.9));
#12892=CARTESIAN_POINT('',(37.4670808643026,22.3124898920643,15.9));
#12893=CARTESIAN_POINT('Origin',(36.986957453058,22.5267442394064,23.8999995231628));
#12894=CARTESIAN_POINT('Origin',(37.4670808643026,22.3124898920643,23.8999995231628));
#12895=CARTESIAN_POINT('Origin',(37.3815227618255,22.3287585755896,23.8999995231628));
#12896=CARTESIAN_POINT('',(37.3815227618255,22.3287585755896,15.9));
#12897=CARTESIAN_POINT('Origin',(37.5519578737078,22.3049000875845,15.9));
#12898=CARTESIAN_POINT('Origin',(38.4271186384231,22.4409602298213,15.9));
#12899=CARTESIAN_POINT('',(38.5942056046597,22.5005828475988,23.8999995231633));
#12900=CARTESIAN_POINT('',(38.5942056046597,22.5005828475988,15.9));
#12901=CARTESIAN_POINT('',(38.4271186384231,22.4409602298213,15.9));
#12902=CARTESIAN_POINT('Origin',(38.4271186384231,22.4409602298213,15.9));
#12903=CARTESIAN_POINT('',(38.1324649628616,22.3358257591478,23.8999995231628));
#12904=CARTESIAN_POINT('',(38.5941792198466,22.5005703496561,15.8999996779991));
#12905=CARTESIAN_POINT('Origin',(38.5942056046597,22.5005828475988,15.9));
#12906=CARTESIAN_POINT('',(39.0375702205071,22.7105955361067,23.8999995231622));
#12907=CARTESIAN_POINT('',(39.037570220507,22.7105955361067,15.9));
#12908=CARTESIAN_POINT('',(39.0375862357006,22.7106031221741,19.8999997667505));
#12909=CARTESIAN_POINT('Origin',(39.037570220507,22.7105955361067,23.8999995231628));
#12910=CARTESIAN_POINT('',(39.037570220507,22.7105955361067,23.8999995231628));
#12911=CARTESIAN_POINT('Origin',(41.0902937021295,25.9173199604447,4.8020000398159));
#12912=CARTESIAN_POINT('',(41.2996050670782,25.4732540210382,12.5000002622604));
#12913=CARTESIAN_POINT('',(41.0902937021295,25.9173199604447,12.5000002622604));
#12914=CARTESIAN_POINT('',(41.2996050670782,25.4732540210382,12.5000002622604));
#12915=CARTESIAN_POINT('',(41.0902937021295,25.9173199604447,4.8020000398159));
#12916=CARTESIAN_POINT('',(41.2996050670782,25.4732540210382,12.5000002622604));
#12917=CARTESIAN_POINT('',(41.0902937021295,25.9173199604447,4.8020000398159));
#12918=CARTESIAN_POINT('Origin',(41.0902937021295,25.9173199604447,12.5000002622604));
#12919=CARTESIAN_POINT('',(40.8378610535323,26.3380500327678,4.8020000398159));
#12920=CARTESIAN_POINT('',(41.0902937021295,25.9173199604447,4.8020000398159));
#12921=CARTESIAN_POINT('',(41.0902937021295,25.9173199604447,12.5000002622604));
#12922=CARTESIAN_POINT('Origin',(41.5845649674822,24.5349303032705,15.9));
#12923=CARTESIAN_POINT('',(41.4657749178912,25.0115100074923,4.8020000398159));
#12924=CARTESIAN_POINT('',(41.5845649674822,24.5349303032705,4.8020000398159));
#12925=CARTESIAN_POINT('',(41.5845649674822,24.5349303032705,15.9));
#12926=CARTESIAN_POINT('Origin',(41.4657749178912,25.0115100074923,4.8020000398159));
#12927=CARTESIAN_POINT('',(41.4657749178912,25.0115100074923,4.8020000398159));
#12928=CARTESIAN_POINT('Origin',(41.4657749178912,25.0115100074923,15.9));
#12929=CARTESIAN_POINT('',(41.3477199093383,25.3395507305701,12.5000002622604));
#12930=CARTESIAN_POINT('',(41.4657749178912,25.0115100074923,4.8020000398159));
#12931=CARTESIAN_POINT('',(41.4657749178912,25.0115100074923,15.9));
#12932=CARTESIAN_POINT('Origin',(41.3477199093383,25.3395507305701,12.5000002622604));
#12933=CARTESIAN_POINT('',(41.3477199093383,25.3395507305701,12.5000002622604));
#12934=CARTESIAN_POINT('Origin',(41.3477199093383,25.3395507305701,12.5000002622604));
#12935=CARTESIAN_POINT('',(41.2996050670782,25.4732540210382,4.8020000398159));
#12936=CARTESIAN_POINT('',(41.4657749178912,25.0115100074923,4.8020000398159));
#12937=CARTESIAN_POINT('',(41.3477199093383,25.3395507305701,12.5000002622604));
#12938=CARTESIAN_POINT('Origin',(34.7616982606235,30.8543815645236,12.5000002622604));
#12939=CARTESIAN_POINT('',(39.4582935493343,31.2771920052891,12.5000002622604));
#12940=CARTESIAN_POINT('',(39.141868497706,31.4670416414695,12.5000002622604));
#12941=CARTESIAN_POINT('',(39.4582935493343,31.2771920052891,12.5000002622604));
#12942=CARTESIAN_POINT('',(40.8378644252802,29.8976211293432,12.5000002622604));
#12943=CARTESIAN_POINT('',(41.3477199093383,25.3395507305701,12.5000002622604));
#12944=CARTESIAN_POINT('',(41.3477199093383,25.3395507305701,12.5000002622604));
#12945=CARTESIAN_POINT('',(40.8378610535323,26.3380500327678,12.5000002622604));
#12946=CARTESIAN_POINT('',(41.0902937021295,25.9173199604447,12.5000002622604));
#12947=CARTESIAN_POINT('',(40.5458238543264,26.7319072744803,12.5000002622604));
#12948=CARTESIAN_POINT('',(40.8378610535323,26.3380500327678,12.5000002622604));
#12949=CARTESIAN_POINT('',(40.2163164209203,27.0953614655509,12.5000002622604));
#12950=CARTESIAN_POINT('',(40.5458238543264,26.7319072744803,12.5000002622604));
#12951=CARTESIAN_POINT('',(39.8951304612843,27.3865523560387,12.5000002622604));
#12952=CARTESIAN_POINT('',(39.8951304612843,27.3865523560387,12.5000002622604));
#12953=CARTESIAN_POINT('',(39.89066626709,27.3968429305712,12.5000002622604));
#12954=CARTESIAN_POINT('',(39.8951304612843,27.3865523560387,12.5000002622604));
#12955=CARTESIAN_POINT('',(39.872155371224,27.4395225152472,12.5000002622604));
#12956=CARTESIAN_POINT('',(39.89066626709,27.3968429305712,12.5000002622604));
#12957=CARTESIAN_POINT('',(39.718100210547,27.7946956935225,12.5000002622604));
#12958=CARTESIAN_POINT('',(39.872155371224,27.4395225152472,12.5000002622604));
#12959=CARTESIAN_POINT('',(39.6541718707256,27.9488385196444,12.5000002622604));
#12960=CARTESIAN_POINT('',(39.718100210547,27.7946956935225,12.5000002622604));
#12961=CARTESIAN_POINT('',(39.5740861150592,28.0823057877608,12.5000002622604));
#12962=CARTESIAN_POINT('',(39.6541718707256,27.9488385196444,12.5000002622604));
#12963=CARTESIAN_POINT('',(39.419299285092,28.3402883333699,12.5000002622604));
#12964=CARTESIAN_POINT('',(39.5740861150592,28.0823057877608,12.5000002622604));
#12965=CARTESIAN_POINT('',(39.2704096421685,28.5410624326843,12.5000002622604));
#12966=CARTESIAN_POINT('',(39.419299285092,28.3402883333699,12.5000002622604));
#12967=CARTESIAN_POINT('',(38.8460920301002,29.0765465723849,12.5000002622604));
#12968=CARTESIAN_POINT('',(39.2704096421685,28.5410624326843,12.5000002622604));
#12969=CARTESIAN_POINT('',(38.7842373152256,29.1327030333409,12.5000002622604));
#12970=CARTESIAN_POINT('',(38.7842373152256,29.1327030333409,12.5000002622604));
#12971=CARTESIAN_POINT('',(38.2929871359742,29.6084161983573,12.5000002622604));
#12972=CARTESIAN_POINT('',(38.2929871359742,29.6084161983573,12.5000002622604));
#12973=CARTESIAN_POINT('',(38.2402597426131,29.6447973579919,12.5000002622604));
#12974=CARTESIAN_POINT('',(38.2402597426131,29.6447973579919,12.5000002622604));
#12975=CARTESIAN_POINT('',(38.189855483542,29.679576937383,12.5000002622604));
#12976=CARTESIAN_POINT('Origin',(37.1347411626766,22.4256255204591,23.8999995231628));
#12977=CARTESIAN_POINT('',(37.1347411626766,22.4256255204591,15.9));
#12978=CARTESIAN_POINT('',(37.2146448439575,22.3853196462912,15.9));
#12979=CARTESIAN_POINT('Origin',(41.0902937021295,25.9173199604447,4.8020000398159));
#12980=CARTESIAN_POINT('',(41.2996050670782,25.4732540210382,4.8020000398159));
#12981=CARTESIAN_POINT('',(41.2996050670782,25.4732540210382,4.8020000398159));
#12982=CARTESIAN_POINT('Origin',(40.8378610535323,26.3380500327678,4.8020000398159));
#12983=CARTESIAN_POINT('',(40.8378610535323,26.3380500327678,4.8020000398159));
#12984=CARTESIAN_POINT('Origin',(36.8596807140509,22.6540209784136,23.8999995231628));
#12985=CARTESIAN_POINT('',(36.8059451680734,22.7261460373333,15.9));
#12986=CARTESIAN_POINT('',(36.8596807140509,22.6540209784136,15.9));
#12987=CARTESIAN_POINT('Origin',(39.8528622298496,27.424868898957,11.9010004043579));
#12988=CARTESIAN_POINT('',(39.9361241720199,27.3493889508958,4.8020000398159));
#12989=CARTESIAN_POINT('',(39.8827190573348,27.3977971352215,11.9010004043579));
#12990=CARTESIAN_POINT('',(39.8528622298496,27.424868898957,11.9010004043579));
#12991=CARTESIAN_POINT('Origin',(39.8528622298496,27.424868898957,11.9010004043579));
#12992=CARTESIAN_POINT('',(39.4590049881372,27.7169060981629,11.9010004043579));
#12993=CARTESIAN_POINT('',(39.8528622298496,27.424868898957,3.40000000000003));
#12994=CARTESIAN_POINT('Origin',(39.3815087348432,28.4032725837846,11.9010004043579));
#12995=CARTESIAN_POINT('',(39.6541718707256,27.9488385196444,11.9010004043579));
#12996=CARTESIAN_POINT('',(39.5740861150592,28.0823057877608,12.5000002622604));
#12997=CARTESIAN_POINT('Origin',(39.6541718707256,27.9488385196444,11.9010004043579));
#12998=CARTESIAN_POINT('',(39.6541718707256,27.9488385196444,11.9010004043579));
#12999=CARTESIAN_POINT('Origin',(39.718100210547,27.7946956935225,12.5000002622604));
#13000=CARTESIAN_POINT('',(39.6619504930868,27.9300747426874,11.9010004043579));
#13001=CARTESIAN_POINT('',(39.718100210547,27.7946956935225,12.5000002622604));
#13002=CARTESIAN_POINT('Origin',(39.6541718707256,27.9488385196444,12.5000002622604));
#13003=CARTESIAN_POINT('Origin',(39.8993687483705,27.3827119352024,11.9010004043579));
#13004=CARTESIAN_POINT('',(39.8993687483705,27.3827119352024,11.9010004043579));
#13005=CARTESIAN_POINT('Origin',(39.89066626709,27.3968429305712,12.5000002622604));
#13006=CARTESIAN_POINT('',(39.8951304612843,27.3865523560387,12.5000002622604));
#13007=CARTESIAN_POINT('',(39.8993687483705,27.3827119352024,11.9010004043579));
#13008=CARTESIAN_POINT('Origin',(39.872155371224,27.4395225152472,12.5000002622604));
#13009=CARTESIAN_POINT('',(39.8993687483705,27.3827119352024,11.9010004043579));
#13010=CARTESIAN_POINT('Origin',(39.718100210547,27.7946956935225,12.5000002622604));
#13011=CARTESIAN_POINT('Origin',(39.8827190573348,27.3977971352215,11.9010004043579));
#13012=CARTESIAN_POINT('',(39.8993687483705,27.3827119352024,11.9010004043579));
#13013=CARTESIAN_POINT('Origin',(39.8993687483705,27.3827119352024,11.9010004043579));
#13014=CARTESIAN_POINT('',(39.8993687483705,27.3827119352024,11.9010004043579));
#13015=CARTESIAN_POINT('Origin',(36.7585552516078,22.8018114315279,23.8999995231628));
#13016=CARTESIAN_POINT('',(36.7585552516078,22.8018114315279,15.9));
#13017=CARTESIAN_POINT('Origin',(36.7585552516078,22.8018114315279,23.8999995231628));
#13018=CARTESIAN_POINT('Origin',(36.6616883067382,23.0485930306768,23.8999995231628));
#13019=CARTESIAN_POINT('Origin',(31.8887195567777,22.8590839410324,11.9010004043579));
#13020=CARTESIAN_POINT('Origin',(33.0607121461856,30.5631232390781,15.9));
#13021=CARTESIAN_POINT('Origin',(36.9204868153345,22.5875503406901,23.8999995231628));
#13022=CARTESIAN_POINT('',(36.9204868153345,22.5875503406901,15.9));
#13023=CARTESIAN_POINT('Origin',(36.9204868153345,22.5875503406901,23.8999995231628));
#13024=CARTESIAN_POINT('Origin',(40.5458238543264,26.7319072744803,4.8020000398159));
#13025=CARTESIAN_POINT('',(40.5458238543264,26.7319072744803,4.8020000398159));
#13026=CARTESIAN_POINT('',(40.8378610535323,26.3380500327678,12.5000002622604));
#13027=CARTESIAN_POINT('',(40.5458238543264,26.7319072744803,4.8020000398159));
#13028=CARTESIAN_POINT('Origin',(40.2163164209203,27.0953614655509,12.5000002622604));
#13029=CARTESIAN_POINT('',(40.5458238543264,26.7319072744803,4.8020000398159));
#13030=CARTESIAN_POINT('Origin',(34.7510839982945,19.8029653792893,3.40000000000003));
#13031=CARTESIAN_POINT('',(34.2087349799084,19.8277173804828,4.8020000398159));
#13032=CARTESIAN_POINT('',(34.7510839982945,19.8029653792893,4.8020000398159));
#13033=CARTESIAN_POINT('',(34.2087349799084,19.8277173804828,4.8020000398159));
#13034=CARTESIAN_POINT('',(34.2087349799084,19.8277173804828,4.8020000398159));
#13035=CARTESIAN_POINT('',(34.7510839982945,19.8029653792893,3.40000000000003));
#13036=CARTESIAN_POINT('Origin',(35.2920202543184,19.8319624110648,3.40000000000003));
#13037=CARTESIAN_POINT('',(35.2920202543184,19.8319624110648,4.8020000398159));
#13038=CARTESIAN_POINT('',(34.7510839982945,19.8029653792893,3.40000000000003));
#13039=CARTESIAN_POINT('',(35.2920202543184,19.8319624110648,3.40000000000003));
#13040=CARTESIAN_POINT('Origin',(34.7510839982945,19.8029653792893,3.40000000000003));
#13041=CARTESIAN_POINT('',(34.7510839982945,19.8029653792893,4.8020000398159));
#13042=CARTESIAN_POINT('Origin',(39.8993687483705,27.3827119352024,11.9010004043579));
#13043=CARTESIAN_POINT('',(40.2163164209203,27.0953614655509,4.8020000398159));
#13044=CARTESIAN_POINT('',(40.2163164209203,27.0953614655509,4.8020000398159));
#13045=CARTESIAN_POINT('',(39.8993687483705,27.3827119352024,11.9010004043579));
#13046=CARTESIAN_POINT('Origin',(35.8294229185633,19.9139902935106,3.40000000000003));
#13047=CARTESIAN_POINT('',(35.8294229185633,19.9139902935106,4.8020000398159));
#13048=CARTESIAN_POINT('',(35.2920202543184,19.8319624110648,3.40000000000003));
#13049=CARTESIAN_POINT('',(35.8294229185633,19.9139902935106,3.40000000000003));
#13050=CARTESIAN_POINT('Origin',(35.2920202543184,19.8319624110648,3.40000000000003));
#13051=CARTESIAN_POINT('',(35.2920202543184,19.8319624110648,4.8020000398159));
#13052=CARTESIAN_POINT('Origin',(36.3569295027778,20.0483375878239,3.40000000000003));
#13053=CARTESIAN_POINT('',(36.3569295027778,20.0483375878239,4.8020000398159));
#13054=CARTESIAN_POINT('',(35.8294229185633,19.9139902935106,3.40000000000003));
#13055=CARTESIAN_POINT('',(36.3569295027778,20.0483375878239,3.40000000000003));
#13056=CARTESIAN_POINT('Origin',(35.8294229185633,19.9139902935106,3.40000000000003));
#13057=CARTESIAN_POINT('',(35.8294229185633,19.9139902935106,4.8020000398159));
#13058=CARTESIAN_POINT('Origin',(36.3569295027778,20.0483375878239,3.40000000000003));
#13059=CARTESIAN_POINT('',(36.8681640317191,20.2328902080835,4.8020000398159));
#13060=CARTESIAN_POINT('',(36.3569295027778,20.0483375878239,4.8020000398159));
#13061=CARTESIAN_POINT('',(36.3569295027778,20.0483375878239,3.40000000000003));
#13062=CARTESIAN_POINT('Origin',(39.3025558864647,27.8107755591664,11.9010004043579));
#13063=CARTESIAN_POINT('',(39.4590049881372,27.7169060981629,3.40000000000003));
#13064=CARTESIAN_POINT('',(39.3025558864647,27.8107755591664,11.9010004043579));
#13065=CARTESIAN_POINT('Origin',(40.5458238543264,26.7319072744803,4.8020000398159));
#13066=CARTESIAN_POINT('',(40.8378610535323,26.3380500327678,4.8020000398159));
#13067=CARTESIAN_POINT('Origin',(36.8681640317191,20.2328902080835,4.8020000398159));
#13068=CARTESIAN_POINT('',(36.8681640317191,20.2328902080835,3.40000000000003));
#13069=CARTESIAN_POINT('Origin',(37.3603110959069,20.467651526037,3.40000000000003));
#13070=CARTESIAN_POINT('',(36.8681640317191,20.2328902080835,4.8020000398159));
#13071=CARTESIAN_POINT('Origin',(39.3585909644969,22.2806740790604,4.8020000398159));
#13072=CARTESIAN_POINT('',(33.1466546279212,20.0341964772116,4.8020000398159));
#13073=CARTESIAN_POINT('',(33.1313671230293,20.0395980173167,4.8020000398159));
#13074=CARTESIAN_POINT('',(33.6727518215214,19.9040840982366,4.8020000398159));
#13075=CARTESIAN_POINT('',(33.1466546279212,20.0341964772116,4.8020000398159));
#13076=CARTESIAN_POINT('',(33.6727518215214,19.9040840982366,4.8020000398159));
#13077=CARTESIAN_POINT('',(37.3603110959069,20.467651526037,4.8020000398159));
#13078=CARTESIAN_POINT('',(36.8681640317191,20.2328902080835,4.8020000398159));
#13079=CARTESIAN_POINT('',(37.8262900247912,20.7483731393547,4.8020000398159));
#13080=CARTESIAN_POINT('',(37.3603110959069,20.467651526037,4.8020000398159));
#13081=CARTESIAN_POINT('',(38.2632854088916,21.0736422856745,4.8020000398159));
#13082=CARTESIAN_POINT('',(37.8262900247912,20.7483731393547,4.8020000398159));
#13083=CARTESIAN_POINT('',(38.6677467976894,21.4399220014694,4.8020000398159));
#13084=CARTESIAN_POINT('',(38.2632854088916,21.0736422856745,4.8020000398159));
#13085=CARTESIAN_POINT('',(39.0333218181771,21.8436786949601,4.8020000398159));
#13086=CARTESIAN_POINT('',(38.6677467976894,21.4399220014694,4.8020000398159));
#13087=CARTESIAN_POINT('',(39.3585909644969,22.2806740790604,4.8020000398159));
#13088=CARTESIAN_POINT('',(39.0333218181771,21.8436786949601,4.8020000398159));
#13089=CARTESIAN_POINT('',(39.6400206448696,22.7473610749998,4.8020000398159));
#13090=CARTESIAN_POINT('',(39.3585909644969,22.2806740790604,4.8020000398159));
#13091=CARTESIAN_POINT('',(39.8740738957682,23.2388000721325,4.8020000398159));
#13092=CARTESIAN_POINT('',(39.6400206448696,22.7473610749998,4.8020000398159));
#13093=CARTESIAN_POINT('',(40.0593345830827,23.7507426681289,4.8020000398159));
#13094=CARTESIAN_POINT('',(39.8740738957682,23.2388000721325,4.8020000398159));
#13095=CARTESIAN_POINT('',(40.1929771820889,24.2775445570362,4.8020000398159));
#13096=CARTESIAN_POINT('',(40.0593345830827,23.7507426681289,4.8020000398159));
#13097=CARTESIAN_POINT('',(40.2750050645348,24.8149472212811,4.8020000398159));
#13098=CARTESIAN_POINT('',(40.1929771820889,24.2775445570362,4.8020000398159));
#13099=CARTESIAN_POINT('',(40.3047034198695,25.3565848008643,4.8020000398159));
#13100=CARTESIAN_POINT('',(40.2750050645348,24.8149472212811,4.8020000398159));
#13101=CARTESIAN_POINT('',(40.2799547904239,25.8989371909982,4.8020000398159));
#13102=CARTESIAN_POINT('',(40.3047034198695,25.3565848008643,4.8020000398159));
#13103=CARTESIAN_POINT('',(40.2035847009221,26.4349169776373,4.8020000398159));
#13104=CARTESIAN_POINT('',(40.2799547904239,25.8989371909982,4.8020000398159));
#13105=CARTESIAN_POINT('',(40.0734756936951,26.9610175429855,4.8020000398159));
#13106=CARTESIAN_POINT('',(40.2035847009221,26.4349169776373,4.8020000398159));
#13107=CARTESIAN_POINT('',(40.0734756936951,26.9610175429855,4.8020000398159));
#13108=CARTESIAN_POINT('',(39.9361241720199,27.3493889508958,4.8020000398159));
#13109=CARTESIAN_POINT('',(40.5458238543264,26.7319072744803,4.8020000398159));
#13110=CARTESIAN_POINT('',(40.8385724923352,20.7823097817757,4.8020000398159));
#13111=CARTESIAN_POINT('',(40.8385724923352,20.7823097817757,4.8020000398159));
#13112=CARTESIAN_POINT('',(40.5458238543264,20.3877478447561,4.8020000398159));
#13113=CARTESIAN_POINT('',(39.8528554863539,19.6947794767836,4.8020000398159));
#13114=CARTESIAN_POINT('',(39.459008359885,19.4027456493256,4.8020000398159));
#13115=CARTESIAN_POINT('',(39.459008359885,19.4027456493256,4.8020000398159));
#13116=CARTESIAN_POINT('',(39.0382681723184,19.1503096289805,4.8020000398159));
#13117=CARTESIAN_POINT('',(38.1324717063574,18.7748351567145,4.8020000398159));
#13118=CARTESIAN_POINT('',(38.1324717063574,18.7748351567145,4.8020000398159));
#13119=CARTESIAN_POINT('',(37.655881886892,18.6560417353757,4.8020000398159));
#13120=CARTESIAN_POINT('',(37.1707986345146,18.5839166764559,4.8020000398159));
#13121=CARTESIAN_POINT('',(37.1707986345146,18.5839166764559,4.8020000398159));
#13122=CARTESIAN_POINT('',(36.6814838385468,18.5598761140653,4.8020000398159));
#13123=CARTESIAN_POINT('',(36.6814838385468,18.5598761140653,4.8020000398159));
#13124=CARTESIAN_POINT('',(36.190752908469,18.5839166764559,4.8020000398159));
#13125=CARTESIAN_POINT('Origin',(33.1466546279212,20.0341964772116,3.40000000000003));
#13126=CARTESIAN_POINT('',(33.1466546279212,20.0341964772116,3.40000000000003));
#13127=CARTESIAN_POINT('',(33.1313671230293,20.0395980173167,3.40000000000003));
#13128=CARTESIAN_POINT('Origin',(33.6727518215214,19.9040840982366,3.40000000000003));
#13129=CARTESIAN_POINT('',(33.6727518215214,19.9040840982366,3.40000000000003));
#13130=CARTESIAN_POINT('Origin',(33.6727518215214,19.9040840982366,3.40000000000003));
#13131=CARTESIAN_POINT('',(34.2087349799084,19.8277173804828,3.40000000000003));
#13132=CARTESIAN_POINT('Origin',(34.7510839982945,19.8029653792893,3.40000000000003));
#13133=CARTESIAN_POINT('Origin',(38.1324649628616,28.3448199625218,3.40000000000003));
#13134=CARTESIAN_POINT('',(38.1324649628616,28.3448199625218,3.40000000000003));
#13135=CARTESIAN_POINT('',(38.1324649628616,28.3448199625218,3.40000000000003));
#13136=CARTESIAN_POINT('Origin',(38.1324649628616,28.3448199625218,3.40000000000003));
#13137=CARTESIAN_POINT('',(38.0346202111066,28.3692078149442,11.9010004043579));
#13138=CARTESIAN_POINT('Origin',(38.8460920301002,29.0765465723849,12.5000002622604));
#13139=CARTESIAN_POINT('',(38.8632744573011,29.0561677281929,11.9010004043579));
#13140=CARTESIAN_POINT('',(38.8708035703191,29.0493331952384,11.9010004043579));
#13141=CARTESIAN_POINT('Origin',(38.8632744573011,29.0561677281929,11.9010004043579));
#13142=CARTESIAN_POINT('',(38.7842373152256,29.1327030333409,12.5000002622604));
#13143=CARTESIAN_POINT('Origin',(38.2929871359742,29.6084161983573,12.5000002622604));
#13144=CARTESIAN_POINT('',(38.2804341186137,29.6170782186632,11.9010004043579));
#13145=CARTESIAN_POINT('',(38.2929871359742,29.6084161983573,11.9010004043579));
#13146=CARTESIAN_POINT('Origin',(38.2402597426131,29.6447973579919,12.5000002622604));
#13147=CARTESIAN_POINT('',(38.2402597426131,29.6447973579919,12.5000002622604));
#13148=CARTESIAN_POINT('Origin',(38.2804341186137,29.6170782186632,11.9010004043579));
#13149=CARTESIAN_POINT('',(38.189855483542,29.679576937383,12.5000002622604));
#13150=CARTESIAN_POINT('Origin',(38.7842373152256,29.1327030333409,12.5000002622604));
#13151=CARTESIAN_POINT('',(38.2929871359742,29.6084161983573,11.9010004043579));
#13152=CARTESIAN_POINT('Origin',(38.2929871359742,29.6084161983573,11.9010004043579));
#13153=CARTESIAN_POINT('Origin',(39.3815087348432,28.4032725837846,11.9010004043579));
#13154=CARTESIAN_POINT('',(39.419299285092,28.3402883333699,12.5000002622604));
#13155=CARTESIAN_POINT('Origin',(39.3633889617314,28.4277042689294,11.9010004043579));
#13156=CARTESIAN_POINT('',(39.419299285092,28.3402883333699,12.5000002622604));
#13157=CARTESIAN_POINT('',(39.3633889617314,28.4277042689294,11.9010004043579));
#13158=CARTESIAN_POINT('Origin',(39.419299285092,28.3402883333699,12.5000002622604));
#13159=CARTESIAN_POINT('Origin',(39.2704096421685,28.5410624326843,12.5000002622604));
#13160=CARTESIAN_POINT('',(39.2704096421685,28.5410624326843,12.5000002622604));
#13161=CARTESIAN_POINT('Origin',(38.8708035703191,29.0493331952384,11.9010004043579));
#13162=CARTESIAN_POINT('Origin',(37.5257762514128,28.3490649931039,11.9010004043579));
#13163=CARTESIAN_POINT('',(37.5257762514128,28.3490649931039,3.40000000000003));
#13164=CARTESIAN_POINT('',(37.5257762514128,28.3490649931039,3.40000000000003));
#13165=CARTESIAN_POINT('Origin',(37.5257762514128,28.3490649931039,11.9010004043579));
#13166=CARTESIAN_POINT('',(37.5257627644213,28.3488087402649,11.9010004043579));
#13167=CARTESIAN_POINT('Origin',(37.5257627644213,28.3488087402649,3.40000000000003));
#13168=CARTESIAN_POINT('Origin',(38.5942089764076,28.1786501117088,11.9010004043579));
#13169=CARTESIAN_POINT('',(39.0382681723184,27.9693454902559,3.40000000000003));
#13170=CARTESIAN_POINT('',(38.5942089764076,28.1786501117088,11.9010004043579));
#13171=CARTESIAN_POINT('Origin',(38.4023194327593,28.247706880057,11.9010004043579));
#13172=CARTESIAN_POINT('',(38.5942089764076,28.1786501117088,3.40000000000003));
#13173=CARTESIAN_POINT('',(38.4023194327593,28.247706880057,11.9010004043579));
#13174=CARTESIAN_POINT('Origin',(38.5942089764076,28.1786501117088,3.40000000000003));
#13175=CARTESIAN_POINT('Origin',(31.8719585980619,28.4740860327787,23.8999995231628));
#13176=CARTESIAN_POINT('',(31.8775590712921,28.333662848784,15.9));
#13177=CARTESIAN_POINT('Origin',(39.3575389791581,22.9025727451999,15.9));
#13178=CARTESIAN_POINT('',(39.3575389791581,22.9025727451999,15.9));
#13179=CARTESIAN_POINT('Origin',(39.8521575345426,23.2550653839099,15.9));
#13180=CARTESIAN_POINT('',(39.8521575345426,23.2550653839099,23.8999995231628));
#13181=CARTESIAN_POINT('Origin',(40.2163164209203,23.585277512623,23.8999995231628));
#13182=CARTESIAN_POINT('',(40.2163164209203,23.585277512623,23.8999995231628));
#13183=CARTESIAN_POINT('',(39.8996519751925,23.2981360913401,15.9));
#13184=CARTESIAN_POINT('',(40.2163257998785,23.5852878578271,19.8999989053248));
#13185=CARTESIAN_POINT('Origin',(39.8996519751925,23.2981360913401,15.9));
#13186=CARTESIAN_POINT('',(40.2163164209203,23.585277512623,15.9));
#13187=CARTESIAN_POINT('Origin',(41.3477199093383,25.3395507305701,15.9));
#13188=CARTESIAN_POINT('Origin',(40.8378576817844,24.342592317154,15.9));
#13189=CARTESIAN_POINT('',(40.8378576817844,24.342592317154,15.9));
#13190=CARTESIAN_POINT('Origin',(31.8916496056862,27.9801924031886,23.8999995231628));
#13191=CARTESIAN_POINT('',(31.8916496056862,27.9801924031886,23.8999995231628));
#13192=CARTESIAN_POINT('',(31.8916496056862,27.9801924031886,23.8999995231628));
#13193=CARTESIAN_POINT('Origin',(31.8896535309407,28.0303774986475,15.9));
#13194=CARTESIAN_POINT('Origin',(38.189855483542,29.679576937383,12.5000002622604));
#13195=CARTESIAN_POINT('Origin',(31.8916496056862,27.9801924031886,23.8999995231628));
#13196=CARTESIAN_POINT('',(31.8916496056862,27.9801924031886,23.8999995231628));
#13197=CARTESIAN_POINT('',(31.8916496056862,27.9801924031886,23.8999995231628));
#13198=CARTESIAN_POINT('Origin',(31.8916496056862,27.9801924031886,23.8999995231628));
#13199=CARTESIAN_POINT('Origin',(31.8719585980619,28.4740860327787,23.8999995231628));
#13200=CARTESIAN_POINT('Origin',(31.8916496056862,27.9801924031886,23.8999995231628));
#13201=CARTESIAN_POINT('Origin',(37.5651279209304,22.3048933440887,23.8999995231628));
#13202=CARTESIAN_POINT('Origin',(32.5237039764429,20.7816050864686,3.40000000000003));
#13203=CARTESIAN_POINT('',(32.5237039764429,20.7816050864686,3.40000000000003));
#13204=CARTESIAN_POINT('Origin',(32.7358712118467,20.4954549590627,11.9010004043579));
#13205=CARTESIAN_POINT('',(32.7358712118467,20.4954549590627,11.9010004043579));
#13206=CARTESIAN_POINT('Origin',(32.7358712118467,20.4954549590627,11.9010004043579));
#13207=CARTESIAN_POINT('Origin',(36.6355235431826,27.6058879274373,11.9010004043579));
#13208=CARTESIAN_POINT('',(36.6192616031532,27.5189136908502,3.40000000000003));
#13209=CARTESIAN_POINT('',(36.6355235431826,27.6058879274373,3.40000000000003));
#13210=CARTESIAN_POINT('Origin',(36.6355235431826,27.6058879274373,11.9010004043579));
#13211=CARTESIAN_POINT('',(36.6355235431826,27.6058879274373,11.9010004043579));
#13212=CARTESIAN_POINT('Origin',(36.6602755443761,27.6900366393002,3.40000000000003));
#13213=CARTESIAN_POINT('',(36.6602755443761,27.6900366393002,3.40000000000003));
#13214=CARTESIAN_POINT('',(36.6602755443761,27.6900366393002,3.40000000000003));
#13215=CARTESIAN_POINT('Origin',(36.7324006032958,27.8526728983341,11.9010004043579));
#13216=CARTESIAN_POINT('',(36.6920947291279,27.7727692170532,3.40000000000003));
#13217=CARTESIAN_POINT('',(36.7324006032958,27.8526728983341,3.40000000000003));
#13218=CARTESIAN_POINT('Origin',(36.7797702892742,27.9283382925287,3.40000000000003));
#13219=CARTESIAN_POINT('',(36.7324006032958,27.8526728983341,11.9010004043579));
#13220=CARTESIAN_POINT('Origin',(36.7797702892742,27.9283382925287,3.40000000000003));
#13221=CARTESIAN_POINT('',(36.7797702892742,27.9283382925287,11.9010004043579));
#13222=CARTESIAN_POINT('',(36.7797702892742,27.9283382925287,3.40000000000003));
#13223=CARTESIAN_POINT('Origin',(36.9607994329982,28.1263205845977,3.40000000000003));
#13224=CARTESIAN_POINT('',(36.8950334905818,28.0662191786212,3.40000000000003));
#13225=CARTESIAN_POINT('',(36.9513113344614,28.1176551925439,11.9010004043579));
#13226=CARTESIAN_POINT('Origin',(36.8950334905818,28.0662191786212,3.40000000000003));
#13227=CARTESIAN_POINT('',(36.8950334905818,28.0662191786212,3.40000000000003));
#13228=CARTESIAN_POINT('Origin',(36.9607994329982,28.1263205845977,3.40000000000003));
#13229=CARTESIAN_POINT('',(36.9607994329982,28.1263205845977,3.40000000000003));
#13230=CARTESIAN_POINT('Origin',(36.6602755443761,27.6900366393002,11.9010004043579));
#13231=CARTESIAN_POINT('Origin',(36.6830584448072,27.7492748778193,11.9010004043579));
#13232=CARTESIAN_POINT('',(36.6830584448072,27.7492748778193,11.9010004043579));
#13233=CARTESIAN_POINT('Origin',(36.7324006032958,27.8526728983341,11.9010004043579));
#13234=CARTESIAN_POINT('',(36.6920947291279,27.7727692170532,3.40000000000003));
#13235=CARTESIAN_POINT('Origin',(36.7797702892742,27.9283382925287,11.9010004043579));
#13236=CARTESIAN_POINT('Origin',(36.6355235431826,27.6058879274373,11.9010004043579));
#13237=CARTESIAN_POINT('Origin',(37.2966760981512,22.3527923944844,15.9));
#13238=CARTESIAN_POINT('',(37.2966760981512,22.3527923944844,15.9));
#13239=CARTESIAN_POINT('Origin',(37.3815227618255,22.3287585755896,23.8999995231628));
#13240=CARTESIAN_POINT('Origin',(37.1347411626766,22.4256255204591,23.8999995231628));
#13241=CARTESIAN_POINT('Origin',(37.1707986345146,18.5839166764559,4.8020000398159));
#13242=CARTESIAN_POINT('',(36.6814838385468,18.5598761140653,4.8020000398159));
#13243=CARTESIAN_POINT('',(37.1707986345146,18.5839166764559,4.8020000398159));
#13244=CARTESIAN_POINT('Origin',(31.8719585980619,28.4740860327787,23.8999995231628));
#13245=CARTESIAN_POINT('Origin',(37.1707986345146,18.5839166764559,15.9));
#13246=CARTESIAN_POINT('',(37.1707986345146,18.5839166764559,15.9));
#13247=CARTESIAN_POINT('Origin',(37.1707986345146,18.5839166764559,15.9));
#13248=CARTESIAN_POINT('Origin',(36.9657963633576,23.9003268911159,6.40000011920929));
#13249=CARTESIAN_POINT('Origin',(37.3603110959069,20.467651526037,3.40000000000003));
#13250=CARTESIAN_POINT('',(37.3603110959069,20.467651526037,3.40000000000003));
#13251=CARTESIAN_POINT('Origin',(37.8262900247912,20.7483731393547,3.40000000000003));
#13252=CARTESIAN_POINT('',(37.3603110959069,20.467651526037,4.8020000398159));
#13253=CARTESIAN_POINT('Origin',(32.815734432153,20.3877411012603,3.40000000000003));
#13254=CARTESIAN_POINT('',(32.815734432153,20.3877411012603,3.40000000000003));
#13255=CARTESIAN_POINT('Origin',(33.1313671230293,20.0395980173167,4.8020000398159));
#13256=CARTESIAN_POINT('',(33.1313671230293,20.0395980173167,4.8020000398159));
#13257=CARTESIAN_POINT('Origin',(32.815734432153,20.3877411012603,3.40000000000003));
#13258=CARTESIAN_POINT('Origin',(38.1324649628616,22.3358257591478,23.8999995231628));
#13259=CARTESIAN_POINT('Origin',(39.4582969210822,22.9630315564518,23.8999995231628));
#13260=CARTESIAN_POINT('Origin',(40.5458238543264,23.9487317036937,15.9));
#13261=CARTESIAN_POINT('',(40.5458238543264,23.9487317036937,15.9));
#13262=CARTESIAN_POINT('Origin',(40.5458238543264,23.9487317036937,23.8999995231628));
#13263=CARTESIAN_POINT('Origin',(41.3003063906375,25.2066836335765,23.8999995231628));
#13264=CARTESIAN_POINT('Origin',(40.5529517293465,30.2816362389915,22.0480009555817));
#13265=CARTESIAN_POINT('Origin',(39.4582935493343,31.2771920052891,19.7840007781982));
#13266=CARTESIAN_POINT('',(39.4582935493343,31.2771920052891,12.5000002622604));
#13267=CARTESIAN_POINT('Origin',(39.4582935493343,31.2771920052891,12.5000002622604));
#13268=CARTESIAN_POINT('',(39.141868497706,31.4670416414695,15.5000003814697));
#13269=CARTESIAN_POINT('Origin',(39.037570220507,31.5296313973821,15.5000003814697));
#13270=CARTESIAN_POINT('Origin',(31.9456515197463,27.6946458186534,15.9));
#13271=CARTESIAN_POINT('Origin',(31.8917170406438,27.9651274336569,15.9));
#13272=CARTESIAN_POINT('Origin',(36.8342273892982,27.9997485408977,11.9010004043579));
#13273=CARTESIAN_POINT('',(36.8342273892982,27.9997485408977,3.40000000000003));
#13274=CARTESIAN_POINT('Origin',(36.8342273892982,27.9997485408977,3.40000000000003));
#13275=CARTESIAN_POINT('',(36.8342273892982,27.9997485408977,3.40000000000003));
#13276=CARTESIAN_POINT('Origin',(36.9513113344614,28.1176551925439,11.9010004043579));
#13277=CARTESIAN_POINT('Origin',(36.8342273892982,27.9997485408977,3.40000000000003));
#13278=CARTESIAN_POINT('Origin',(36.6830584448072,27.7492748778193,11.9010004043579));
#13279=CARTESIAN_POINT('Origin',(36.6814838385468,18.5598761140653,15.9));
#13280=CARTESIAN_POINT('',(36.6814838385468,18.5598761140653,4.8020000398159));
#13281=CARTESIAN_POINT('',(36.190752908469,18.5839166764559,4.8020000398159));
#13282=CARTESIAN_POINT('Origin',(36.6814838385468,18.5598761140653,15.9));
#13283=CARTESIAN_POINT('Origin',(36.6814838385468,18.5598761140653,15.9));
#13284=CARTESIAN_POINT('Origin',(41.2996050670782,25.4732540210382,4.8020000398159));
#13285=CARTESIAN_POINT('Origin',(37.5257762514128,28.3490649931039,3.40000000000003));
#13286=CARTESIAN_POINT('',(38.0346202111066,28.3692078149442,3.40000000000003));
#13287=CARTESIAN_POINT('Origin',(39.9361241720199,27.3493889508958,4.8020000398159));
#13288=CARTESIAN_POINT('',(39.8528622298496,27.424868898957,3.40000000000003));
#13289=CARTESIAN_POINT('Origin',(40.2163164209203,27.0953614655509,4.8020000398159));
#13290=CARTESIAN_POINT('Origin',(39.0382681723184,27.9693454902559,3.40000000000003));
#13291=CARTESIAN_POINT('',(39.0382681723184,27.9693454902559,3.40000000000003));
#13292=CARTESIAN_POINT('Origin',(39.0382681723184,27.9693454902559,3.40000000000003));
#13293=CARTESIAN_POINT('Origin',(38.1324649628616,28.3448199625218,3.40000000000003));
#13294=CARTESIAN_POINT('Origin',(40.2163164209203,27.0953614655509,4.8020000398159));
#13295=CARTESIAN_POINT('Origin',(37.5257762514128,28.3490649931039,3.40000000000003));
#13296=CARTESIAN_POINT('Origin',(29.7264817039846,23.2430417309667,11.9010004043579));
#13297=CARTESIAN_POINT('',(29.7264817039846,23.2430417309667,11.9010004043579));
#13298=CARTESIAN_POINT('Origin',(29.722138892714,23.2522398591857,15.9));
#13299=CARTESIAN_POINT('',(29.722138892714,23.2522398591857,11.9010004043579));
#13300=CARTESIAN_POINT('Origin',(29.722138892714,23.2522398591857,11.9010004043579));
#13301=CARTESIAN_POINT('Origin',(29.7264817039846,23.2430417309667,11.9010004043579));
#13302=CARTESIAN_POINT('Origin',(29.3292088816688,24.8272237553153,11.9010004043579));
#13303=CARTESIAN_POINT('',(29.3297045286072,24.8170646789503,15.9));
#13304=CARTESIAN_POINT('Origin',(29.3663891455511,26.1424852839293,15.9));
#13305=CARTESIAN_POINT('',(29.3292055099209,25.8859492181611,11.9010004043579));
#13306=CARTESIAN_POINT('',(29.3304429413932,25.9011187118772,11.9010004043579));
#13307=CARTESIAN_POINT('Origin',(29.3292055099209,25.8859492181611,11.9010004043579));
#13308=CARTESIAN_POINT('',(29.305454917848,25.3961421470027,15.9));
#13309=CARTESIAN_POINT('Origin',(29.305454917848,25.3170274547259,15.9));
#13310=CARTESIAN_POINT('',(29.3292088816688,24.8272237553153,11.9010004043579));
#13311=CARTESIAN_POINT('',(29.3292088816688,24.8272237553153,11.9010004043579));
#13312=CARTESIAN_POINT('Origin',(29.3292088816688,24.8272237553153,11.9010004043579));
#13313=CARTESIAN_POINT('Origin',(29.3304429413932,25.9011187118772,11.9010004043579));
#13314=CARTESIAN_POINT('Origin',(29.3297045286072,24.8170646789503,15.9));
#13315=CARTESIAN_POINT('Origin',(39.0333218181771,21.8436786949601,3.40000000000003));
#13316=CARTESIAN_POINT('',(38.6677467976894,21.4399220014694,3.40000000000003));
#13317=CARTESIAN_POINT('',(39.0333218181771,21.8436786949601,3.40000000000003));
#13318=CARTESIAN_POINT('Origin',(38.6677467976894,21.4399220014694,3.40000000000003));
#13319=CARTESIAN_POINT('',(38.6677467976894,21.4399220014694,3.40000000000003));
#13320=CARTESIAN_POINT('Origin',(39.0333218181771,21.8436786949601,3.40000000000003));
#13321=CARTESIAN_POINT('',(39.3585909644969,22.2806740790604,3.40000000000003));
#13322=CARTESIAN_POINT('Origin',(37.8262900247912,20.7483731393547,3.40000000000003));
#13323=CARTESIAN_POINT('',(37.8262900247912,20.7483731393547,3.40000000000003));
#13324=CARTESIAN_POINT('Origin',(38.2632854088916,21.0736422856745,3.40000000000003));
#13325=CARTESIAN_POINT('',(37.8262900247912,20.7483731393547,3.40000000000003));
#13326=CARTESIAN_POINT('',(38.2632854088916,21.0736422856745,3.40000000000003));
#13327=CARTESIAN_POINT('Origin',(37.8262900247912,20.7483731393547,3.40000000000003));
#13328=CARTESIAN_POINT('Origin',(38.6677467976894,21.4399220014694,3.40000000000003));
#13329=CARTESIAN_POINT('',(38.2632854088916,21.0736422856745,3.40000000000003));
#13330=CARTESIAN_POINT('Origin',(38.2632854088916,21.0736422856745,3.40000000000003));
#13331=CARTESIAN_POINT('Origin',(39.6400206448696,22.7473610749998,3.40000000000003));
#13332=CARTESIAN_POINT('',(39.6400206448696,22.7473610749998,3.40000000000003));
#13333=CARTESIAN_POINT('Origin',(39.8740738957682,23.2388000721325,3.40000000000003));
#13334=CARTESIAN_POINT('',(39.6400206448696,22.7473610749998,3.40000000000003));
#13335=CARTESIAN_POINT('',(39.8740738957682,23.2388000721325,3.40000000000003));
#13336=CARTESIAN_POINT('Origin',(39.6400206448696,22.7473610749998,3.40000000000003));
#13337=CARTESIAN_POINT('Origin',(40.0593345830827,23.7507426681289,3.40000000000003));
#13338=CARTESIAN_POINT('',(39.8740738957682,23.2388000721325,3.40000000000003));
#13339=CARTESIAN_POINT('',(40.0593345830827,23.7507426681289,3.40000000000003));
#13340=CARTESIAN_POINT('Origin',(39.8740738957682,23.2388000721325,3.40000000000003));
#13341=CARTESIAN_POINT('Origin',(40.1929771820889,24.2775445570362,3.40000000000003));
#13342=CARTESIAN_POINT('',(40.0593345830827,23.7507426681289,3.40000000000003));
#13343=CARTESIAN_POINT('',(40.1929771820889,24.2775445570362,3.40000000000003));
#13344=CARTESIAN_POINT('Origin',(40.0593345830827,23.7507426681289,3.40000000000003));
#13345=CARTESIAN_POINT('Origin',(40.2750050645348,24.8149472212811,3.40000000000003));
#13346=CARTESIAN_POINT('',(40.1929771820889,24.2775445570362,3.40000000000003));
#13347=CARTESIAN_POINT('',(40.2750050645348,24.8149472212811,3.40000000000003));
#13348=CARTESIAN_POINT('Origin',(40.1929771820889,24.2775445570362,3.40000000000003));
#13349=CARTESIAN_POINT('Origin',(40.3047034198695,25.3565848008643,3.40000000000003));
#13350=CARTESIAN_POINT('',(40.2750050645348,24.8149472212811,3.40000000000003));
#13351=CARTESIAN_POINT('',(40.3047034198695,25.3565848008643,3.40000000000003));
#13352=CARTESIAN_POINT('Origin',(40.2750050645348,24.8149472212811,3.40000000000003));
#13353=CARTESIAN_POINT('Origin',(40.2799547904239,25.8989371909982,3.40000000000003));
#13354=CARTESIAN_POINT('',(40.3047034198695,25.3565848008643,3.40000000000003));
#13355=CARTESIAN_POINT('',(40.2799547904239,25.8989371909982,3.40000000000003));
#13356=CARTESIAN_POINT('Origin',(40.3047034198695,25.3565848008643,3.40000000000003));
#13357=CARTESIAN_POINT('Origin',(40.2035847009221,26.4349169776373,3.40000000000003));
#13358=CARTESIAN_POINT('',(40.2799547904239,25.8989371909982,3.40000000000003));
#13359=CARTESIAN_POINT('',(40.2035847009221,26.4349169776373,3.40000000000003));
#13360=CARTESIAN_POINT('Origin',(40.2799547904239,25.8989371909982,3.40000000000003));
#13361=CARTESIAN_POINT('Origin',(40.0734756936951,26.9610175429855,3.40000000000003));
#13362=CARTESIAN_POINT('',(40.2035847009221,26.4349169776373,4.8020000398159));
#13363=CARTESIAN_POINT('',(40.0734756936951,26.9610175429855,3.40000000000003));
#13364=CARTESIAN_POINT('Origin',(40.2035847009221,26.4349169776373,4.8020000398159));
#13365=CARTESIAN_POINT('Origin',(39.9361241720199,27.3493889508958,3.40000000000003));
#13366=CARTESIAN_POINT('',(40.0734756936951,26.9610175429855,3.40000000000003));
#13367=CARTESIAN_POINT('',(39.9361241720199,27.3493889508958,3.40000000000003));
#13368=CARTESIAN_POINT('Origin',(40.0734756936951,26.9610175429855,3.40000000000003));
#13369=CARTESIAN_POINT('Origin',(39.9361241720199,27.3493889508958,3.40000000000003));
#13370=CARTESIAN_POINT('Origin',(39.4590049881372,27.7169060981629,3.40000000000003));
#13371=CARTESIAN_POINT('Origin',(39.4590049881372,27.7169060981629,3.40000000000003));
#13372=CARTESIAN_POINT('Origin',(40.2163164209203,20.0242936536855,15.9));
#13373=CARTESIAN_POINT('Origin',(38.1324717063574,18.7748351567145,15.9));
#13374=CARTESIAN_POINT('',(38.1324717063574,18.7748351567145,4.8020000398159));
#13375=CARTESIAN_POINT('Origin',(38.1324717063574,18.7748351567145,4.8020000398159));
#13376=CARTESIAN_POINT('Origin',(39.459008359885,19.4027456493256,4.8020000398159));
#13377=CARTESIAN_POINT('',(39.459008359885,19.4027456493256,4.8020000398159));
#13378=CARTESIAN_POINT('Origin',(39.459008359885,19.4027456493256,4.8020000398159));
#13379=CARTESIAN_POINT('Origin',(40.8385724923352,20.7823097817757,4.8020000398159));
#13380=CARTESIAN_POINT('',(40.8385724923352,20.7823097817757,4.8020000398159));
#13381=CARTESIAN_POINT('Origin',(41.0910017691845,21.2030432258466,4.8020000398159));
#13382=CARTESIAN_POINT('Origin',(37.9484282200279,22.2896125826926,23.8999995231628));
#13383=UNCERTAINTY_MEASURE_WITH_UNIT(LENGTH_MEASURE(0.01),#13387,
'DISTANCE_ACCURACY_VALUE',
'Maximum model space distance between geometric entities at asserted c
onnectivities');
#13384=UNCERTAINTY_MEASURE_WITH_UNIT(LENGTH_MEASURE(0.01),#13387,
'DISTANCE_ACCURACY_VALUE',
'Maximum model space distance between geometric entities at asserted c
onnectivities');
#13385=(
GEOMETRIC_REPRESENTATION_CONTEXT(3)
GLOBAL_UNCERTAINTY_ASSIGNED_CONTEXT((#13383))
GLOBAL_UNIT_ASSIGNED_CONTEXT((#13387,#13389,#13390))
REPRESENTATION_CONTEXT('','3D')
);
#13386=(
GEOMETRIC_REPRESENTATION_CONTEXT(3)
GLOBAL_UNCERTAINTY_ASSIGNED_CONTEXT((#13384))
GLOBAL_UNIT_ASSIGNED_CONTEXT((#13387,#13389,#13390))
REPRESENTATION_CONTEXT('','3D')
);
#13387=(
LENGTH_UNIT()
NAMED_UNIT(*)
SI_UNIT(.MILLI.,.METRE.)
);
#13388=(
LENGTH_UNIT()
NAMED_UNIT(*)
SI_UNIT($,.METRE.)
);
#13389=(
NAMED_UNIT(*)
PLANE_ANGLE_UNIT()
SI_UNIT($,.RADIAN.)
);
#13390=(
NAMED_UNIT(*)
SI_UNIT($,.STERADIAN.)
SOLID_ANGLE_UNIT()
);
#13391=SHAPE_DEFINITION_REPRESENTATION(#13392,#13393);
#13392=PRODUCT_DEFINITION_SHAPE('',$,#13395);
#13393=SHAPE_REPRESENTATION('',(#8385),#13385);
#13394=PRODUCT_DEFINITION_CONTEXT('part definition',#13399,'design');
#13395=PRODUCT_DEFINITION('3DChameleon 4.0 (Cam) (Homing Magnet)',
'3DChameleon 4.0 (Cam) (Homing Magnet) v2',#13396,#13394);
#13396=PRODUCT_DEFINITION_FORMATION('',$,#13401);
#13397=PRODUCT_RELATED_PRODUCT_CATEGORY(
'3DChameleon 4.0 (Cam) (Homing Magnet) v2',
'3DChameleon 4.0 (Cam) (Homing Magnet) v2',(#13401));
#13398=APPLICATION_PROTOCOL_DEFINITION('international standard',
'automotive_design',2009,#13399);
#13399=APPLICATION_CONTEXT(
'Core Data for Automotive Mechanical Design Process');
#13400=PRODUCT_CONTEXT('part definition',#13399,'mechanical');
#13401=PRODUCT('3DChameleon 4.0 (Cam) (Homing Magnet)',
'3DChameleon 4.0 (Cam) (Homing Magnet) v2',$,(#13400));
#13402=PRESENTATION_STYLE_ASSIGNMENT((#13403));
#13403=SURFACE_STYLE_USAGE(.BOTH.,#13404);
#13404=SURFACE_SIDE_STYLE('',(#13405));
#13405=SURFACE_STYLE_FILL_AREA(#13406);
#13406=FILL_AREA_STYLE('Steel - Satin',(#13407));
#13407=FILL_AREA_STYLE_COLOUR('Steel - Satin',#13408);
#13408=COLOUR_RGB('Steel - Satin',0.627450980392157,0.627450980392157,0.627450980392157);
ENDSEC;
END-ISO-10303-21;
